"odkaz";"nazev";"vyucujici";"predmet";"tyden";"keywords";"typ";"kod";"poznamky";"origolink";"nahrazeno"
"https://vscht-my.sharepoint.com/personal/suchanj_vscht_cz/_layouts/15/stream.aspx?UniqueId=2aa28872-a536-5e5e-b318-002e18ca6ce0&Translate=false&referrer=ClassicStream&referrerScenario=ClassicPortalMigration.View";"Definice a základní veličiny";"Pavel Vrbka";"Fyzikální chemie I";1;"definice,základní veličiny,základní jednotky,složení směsí,stavová rovnice ideálního plynu,reálný plyn,Van der Waalsova rovnice,kompresibilitní faktor,směs ideálních plynů,Daltonův zákon,VDW";"přednáška";"B403003";;"https://web.microsoftstream.com/video/d4502186-6352-4499-8805-47beb1aa3ac4";
"https://vscht-my.sharepoint.com/personal/suchanj_vscht_cz/_layouts/15/stream.aspx?UniqueId=311624e3%2D370f%2D5dbb%2Da765%2D8ac3a493a545&Translate=false&referrer=StreamWebApp%2EWeb&referrerScenario=AddressBarCopied%2Eview%2E8a4ad4e4%2Dbcd1%2D4801%2Da5a7%2Dfe720d5e488e";"Termodynamika";"Pavel Vrbka";"Fyzikální chemie I";2;"termodynamika,teplo,práce,vratný děj,nevratný děj,1. termodynamický zákon,entalpie,tepelná kapacita";"přednáška";"B403003";;"https://web.microsoftstream.com/video/42ee1096-7e45-4d56-a2ca-4c138bf9bf84";
"https://vscht-my.sharepoint.com/personal/suchanj_vscht_cz/_layouts/15/stream.aspx?UniqueId=a8117d28%2D348d%2D5801%2Ddeb4%2Dfac6c45b1539&Translate=false&referrer=StreamWebApp%2EWeb&referrerScenario=AddressBarCopied%2Eview%2E623283c1%2D5f3f%2D41b5%2D9403%2D0f419c6c1221";"Termochemie";"Pavel Vrbka";"Fyzikální chemie I";3;"adiabatický děj,Poissonovy rovnice,termochemie,reakční entalpie,Hessův zákon,slučovací entalpie,spalná entalpie,Kirchhoffův vztah";"přednáška";"B403003";;"https://web.microsoftstream.com/video/d6377433-4024-4fef-acff-6acc824dcdc0";
"https://vscht-my.sharepoint.com/personal/suchanj_vscht_cz/_layouts/15/stream.aspx?UniqueId=7511c008%2D7d20%2D53cd%2D9cde%2D83cc839bef5d&Translate=false&referrer=StreamWebApp%2EWeb&referrerScenario=AddressBarCopied%2Eview%2E80f5f229%2D4981%2D4f4a%2Db483%2Dd6c81e34a0b6";"1. a 2.termodynamický zákon";"Pavel Vrbka";"Fyzikální chemie I";4;"entropie,2. termodynamický zákon,spojené formulace termodynamických vět,Helmholtzova energie,Gibbsova energie,Maxwellovy rovnice";"přednáška";"B403003";;"https://web.microsoftstream.com/video/45ea4cac-d124-43f1-bb2f-4db743252e06";
"https://vscht-my.sharepoint.com/personal/suchanj_vscht_cz/_layouts/15/stream.aspx?UniqueId=bd1bb92b%2Df033%2D55f8%2D0597%2D2a6992af80d5&Translate=false&referrer=StreamWebApp%2EWeb&referrerScenario=AddressBarCopied%2Eview%2Ef7639e82%2D6e11%2D4163%2D9ebc%2Dc555140ad377";"3. termodynamický zákon";"Pavel Vrbka";"Fyzikální chemie I";5;"tepelný stroj,Carnotův cyklus,účinnost tepelných strojů,3. termodynamický zákon,termodynamika směsí,ideální směs,reálná směs,dodatkové veličiny,parciální molární veličiny,Gibbsova energie směsi,chemický potenciál,aktivita,standardní stav";"přednáška";"B403003";;"https://web.microsoftstream.com/video/6f71e675-31ca-494d-9ca2-d0377fa794c1";
"https://vscht-my.sharepoint.com/personal/suchanj_vscht_cz/_layouts/15/stream.aspx?UniqueId=bf6b4b44%2D6496%2D56d8%2D1e53%2D900562274ca2&Translate=false&referrer=StreamWebApp%2EWeb&referrerScenario=AddressBarCopied%2Eview%2Ebcc6540f%2Db768%2D46b1%2Da567%2D01597b3f65f0";"Doplněk k termodynamickým zákonům (směsi)";"Pavel Vrbka";"Fyzikální chemie I";5;"termodynamika směsí,ideální směs,směšovací veličiny,reálná směs,dodatkové veličiny,parciální molární veličiny,Gibbsova energie směsi,parciální molární Gibbsova energie";"přednáška";"B403003";;"https://web.microsoftstream.com/video/459f56da-7bfc-462a-99c7-8566685a221c";
"https://vscht-my.sharepoint.com/personal/suchanj_vscht_cz/_layouts/15/stream.aspx?UniqueId=b6f6bb2a%2D9bf9%2D5675%2Db150%2D34f0ca3c95ce&Translate=false&referrer=StreamWebApp%2EWeb&referrerScenario=AddressBarCopied%2Eview%2Ea6e68e89%2D2d4e%2D43d9%2Da2f9%2D60ff5a958862";"Fázové rovnováhy – úvod";"Pavel Vrbka";"Fyzikální chemie I";6;"chemická rovnováha,Gibbsův fázový zákon,fázová rovnováha,Clapeyronova rovnice,Clausiova–Clapeyronova rovnice,tlak nasycených par,Antoineova rovnice";"přednáška";"B403003";;"https://web.microsoftstream.com/video/de2532d2-f844-4a55-a1f0-a7d1d0615abc";
"https://vscht-my.sharepoint.com/personal/suchanj_vscht_cz/_layouts/15/stream.aspx?UniqueId=7c6a5680%2D26d5%2D59f7%2D9467%2Da740e47d1efd&Translate=false&referrer=StreamWebApp%2EWeb&referrerScenario=AddressBarCopied%2Eview%2E83e8482b%2D8250%2D4671%2D8b86%2D2fed2e29fb70";"Rovnováha kapalina–pára";"Pavel Vrbka";"Fyzikální chemie I";7;"rovnováha kapalina-pára,celkový tlak par,p-x-y diagram,T-x-y diagram,x-y diagram,rozpustnost plynů,fázová rovnováha kapalina-kapalina,pákové pravidlo";"přednáška";"B403003";;"https://web.microsoftstream.com/video/4b4b9637-f3d1-459a-9a8a-33a960eea64b";
"https://vscht-my.sharepoint.com/personal/suchanj_vscht_cz/_layouts/15/stream.aspx?UniqueId=c569cd4d%2D76e7%2D5026%2Dc721%2D8e88ce4849c3&Translate=false&referrer=StreamWebApp%2EWeb&referrerScenario=AddressBarCopied%2Eview%2E14a6d38d%2D9aad%2D4d4d%2Db362%2Ddc69abb4cd24";"Rovnováha kapalina–kapalina";"Pavel Vrbka";"Fyzikální chemie I";8;"rovnováha kapalina-kapalina,extrakce,Nernstův rozdělovací koeficient,rovnováha kapalina(tavenina)-tuhá fáze,dvousložková směs,eutektický bod";"přednáška";"B403003";;"https://web.microsoftstream.com/video/b25196eb-c2cb-4a7e-800a-cd9dc60f23e0";
"https://vscht-my.sharepoint.com/personal/suchanj_vscht_cz/_layouts/15/stream.aspx?UniqueId=e3f45b5f%2D3e6b%2D5ec8%2D0cb1%2Ddfa03ea20838&Translate=false&referrer=StreamWebApp%2EWeb&referrerScenario=AddressBarCopied%2Eview%2Eef094903%2D62a8%2D4edc%2Da499%2Dd2f1ce129a65";"Chemická rovnováha – reakční Gibbsova energie a aktivity";"Pavel Vrbka";"Fyzikální chemie I";9;"chemická rovnováha,reakční Gibbsova energie,rovnovážná konstanta,standardní stav,rozsah reakce,stupeň přeměny,směr reakce,ovlivnění rovnováhy,teplotní závislost rovnovážné konstanty";"přednáška";"B403003";;"https://web.microsoftstream.com/video/a51b93da-4871-4b08-bdf8-654b5b9bc3de";
"https://vscht-my.sharepoint.com/personal/suchanj_vscht_cz/_layouts/15/stream.aspx?UniqueId=df5d1028%2Dca6f%2D500f%2D48cb%2Db2d664126fb6&Translate=false&referrer=StreamWebApp%2EWeb&referrerScenario=AddressBarCopied%2Eview%2E8e51c316%2D5047%2D4ae1%2Db01a%2Df7007496a6f7";"Chemická rovnováha – standardní stav a definice pH";"Pavel Vrbka";"Fyzikální chemie I";10;"chemická rovnováha,reakce s tuhou fází,standardní stav,aktivita tuhé složky,rozkladná teplota,rovnováha v roztoku,aktivita složek roztoku,pH,disociační konstanta,iontový součin vody,konstanta kyselosti,součin rozpustnosti";"přednáška";"B403003";;"https://web.microsoftstream.com/video/d990e0e7-3e05-455c-aa2b-99e98ae3d8e0";
"https://vscht.sharepoint.com/sites/403-O365-videastavufyziklnchemie/_layouts/15/stream.aspx?UniqueId=ec21779f%2D4103%2D533b%2Dd5e3%2D668b6d7955dc&Translate=false&referrer=StreamWebApp%2EWeb&referrerScenario=AddressBarCopied%2Eview%2Ef48507b8%2D9476%2D445e%2D9281%2Dd58c27eed014";"Úvodní informace";"Ondřej Vopička";"Fyzikální chemie I";1;"úvodní informace,cvičení FCH1";"cvičení";"B403003";;"https://web.microsoftstream.com/video/5f46f434-ea14-42f6-b734-a84473ad09a4";1
"https://vscht.sharepoint.com/sites/403-O365-videastavufyziklnchemie/_layouts/15/stream.aspx?UniqueId=ee23743f%2D67ba%2D5a22%2D30aa%2Dad929440fa1d&Translate=false&referrer=StreamWebApp%2EWeb&referrerScenario=AddressBarCopied%2Eview%2E16a4c7d3%2Dedb8%2D489b%2Da7aa%2De4efcff7a67e";"Příklad 1 (21/18) – koncentrace roztoku";"Ondřej Vopička";"Fyzikální chemie I";1;"vyjadřování koncentrace roztoku";"cvičení";"B403003";;"https://web.microsoftstream.com/video/62062b8b-a927-4213-877e-7c723e384a55";1
"https://vscht.sharepoint.com/sites/403-O365-videastavufyziklnchemie/_layouts/15/stream.aspx?UniqueId=cfdc7b72%2D4239%2D5713%2Daa28%2D26f5f141bec1&Translate=false&referrer=StreamWebApp%2EWeb&referrerScenario=AddressBarCopied%2Eview%2E341a47f0%2D0092%2D4777%2D8294%2D4d0b710fa283";"Příklad 2 (20/18, upraveny) – koncentrace roztoku";"Ondřej Vopička";"Fyzikální chemie I";1;"vyjadřování koncentrace roztoku";"cvičení";"B403003";;"https://web.microsoftstream.com/video/0f8d14ad-629d-46c2-abd4-59f7a78ef422";1
"https://vscht.sharepoint.com/sites/403-O365-videastavufyziklnchemie/_layouts/15/stream.aspx?UniqueId=5c92bf19%2D5ed3%2D5296%2Dab22%2De1e4ec2aa1b4&Translate=false&referrer=StreamWebApp%2EWeb&referrerScenario=AddressBarCopied%2Eview%2Efdd73efc%2Da6a8%2D4c51%2D9172%2D9eefdc0351d3";"Příklad 3, část 1 z 2 (6/38 upravený) – střední mol. hmotnost";"Ondřej Vopička";"Fyzikální chemie I";1;"relativní vlhkost vzduchu,absolutní vlhkost vzduchu,střední molární hmotnost";"cvičení";"B403003";;"https://web.microsoftstream.com/video/dd4d4436-35a4-43bb-8312-13589fc1feef";1
"https://vscht.sharepoint.com/sites/403-O365-videastavufyziklnchemie/_layouts/15/stream.aspx?UniqueId=e80b5b3c%2D5426%2D51d5%2D9503%2D269ae9bb7f39&Translate=false&referrer=StreamWebApp%2EWeb&referrerScenario=AddressBarCopied%2Eview%2Ebb3a4cf2%2D82e3%2D4a3d%2Db824%2Dbeb3c161b5b4";"Příklad 3, část 2 z 2 (6/38 upravený) – střední mol. hmotnost";"Ondřej Vopička";"Fyzikální chemie I";1;"relativní vlhkost vzduchu,absolutní vlhkost vzduchu,střední molární hmotnost";"cvičení";"B403003";;"https://web.microsoftstream.com/video/4bde7d9b-bb5d-44d5-83b0-edbe6a606286";1
"https://vscht.sharepoint.com/sites/403-O365-videastavufyziklnchemie/_layouts/15/stream.aspx?UniqueId=c30b98a4%2Da2c4%2D5835%2D9bd2%2D53d3535894a2&Translate=false&referrer=StreamWebApp%2EWeb&referrerScenario=AddressBarCopied%2Eview%2E36808c16%2D125f%2D4813%2Da267%2D2e39cfa6847c";"Příklad 4 (34/41 upravený) – hustota ideálního plynu";"Ondřej Vopička";"Fyzikální chemie I";1;"hustota ideálního plynu,ideální plyn";"cvičení";"B403003";;"https://web.microsoftstream.com/video/66575bca-cec3-4b07-aa71-a514712c66e8";1
"https://vscht.sharepoint.com/sites/403-O365-videastavufyziklnchemie/_layouts/15/stream.aspx?UniqueId=c478492c%2D50b3%2D50b4%2Dc78c%2D673336b3d7bb&Translate=false&referrer=StreamWebApp%2EWeb&referrerScenario=AddressBarCopied%2Eview%2E72404410%2D1a98%2D411e%2D8074%2Ddf0010b3a8f3";"Příklad 1 (12/18) – rovnost mol. a hmot. zlomku";"Ondřej Vopička";"Fyzikální chemie I";2;"molární zlomek,hmotnostní zlomek";"cvičení";"B403003";;"https://web.microsoftstream.com/video/1f6e8e3f-398b-49df-9e61-f332cf59b056";1
"https://vscht.sharepoint.com/sites/403-O365-videastavufyziklnchemie/_layouts/15/stream.aspx?UniqueId=777ec0d9%2Dd0af%2D5e6c%2Da508%2D2865cf979446&Translate=false&referrer=StreamWebApp%2EWeb&referrerScenario=AddressBarCopied%2Eview%2Ee5496715%2D3cc2%2D4423%2D9d8d%2D38aba262ca02";"Příklad 2 (8/17) – vyjádření koncentrace";"Ondřej Vopička";"Fyzikální chemie I";2;"vyjádření koncentrace,teplota,veličina";"cvičení";"B403003";;"https://web.microsoftstream.com/video/6e7cfa15-1e06-4a1c-b5ef-689abf655c44";1
"https://vscht.sharepoint.com/sites/403-O365-videastavufyziklnchemie/_layouts/15/stream.aspx?UniqueId=f332e13c%2Dcbbe%2D54aa%2D3aec%2D3920ba9db43a&Translate=false&referrer=StreamWebApp%2EWeb&referrerScenario=AddressBarCopied%2Eview%2Ec9454fa2%2Df2d7%2D40b1%2Db47c%2D6cdca786ff52";"Příklad 3 – koncentrace vody v čisté vodě";"Ondřej Vopička";"Fyzikální chemie I";2;"koncentrace vody v čisté vodě,koncentrace,čistá voda";"cvičení";"B403003";;"https://web.microsoftstream.com/video/cc215e1d-d24d-422a-9ccf-4756c599ddc0";1
"https://vscht.sharepoint.com/sites/403-O365-videastavufyziklnchemie/_layouts/15/stream.aspx?UniqueId=674f9cd8%2D9feb%2D5ead%2D641f%2D7ba80e67ecd1&Translate=false&referrer=StreamWebApp%2EWeb&referrerScenario=AddressBarCopied%2Eview%2E2df2fcd7%2Da7e3%2D4084%2D92fb%2Dcad796dead65";"Příklad 4 (21/11) – směsi ideálních plynů";"Ondřej Vopička";"Fyzikální chemie I";2;"směs ideálních plynů";"cvičení";"B403003";;"https://web.microsoftstream.com/video/a0ea490c-7db9-42eb-8e16-b661d4fd54bd";1
"https://vscht.sharepoint.com/sites/403-O365-videastavufyziklnchemie/_layouts/15/stream.aspx?UniqueId=c1a2df8d%2D66d8%2D5137%2Dd2f2%2Daa26c119fc68&Translate=false&referrer=StreamWebApp%2EWeb&referrerScenario=AddressBarCopied%2Eview%2E176a4821%2De008%2D4bca%2D95a8%2D61d0329f8cdb";"Příklad 5 (23/75) – práce";"Ondřej Vopička";"Fyzikální chemie I";2;"práce,ideální plyn,izotermická expanze";"cvičení";"B403003";;"https://web.microsoftstream.com/video/9c047b1f-23fa-41ba-a7c4-2da55a4ab343";1
"https://vscht.sharepoint.com/sites/403-O365-videastavufyziklnchemie/_layouts/15/stream.aspx?UniqueId=0953ee57%2Dc423%2D58f7%2Da480%2D2edeb9e56501&Translate=false&referrer=StreamWebApp%2EWeb&referrerScenario=AddressBarCopied%2Eview%2E830d39d6%2D763d%2D4e75%2D8544%2D980f9b3b1a8d";"Příklad 6 (9/74) – izochorický ohřev";"Ondřej Vopička";"Fyzikální chemie I";2;"izochorický ohřev,autokláv";"cvičení";"B403003";;"https://web.microsoftstream.com/video/1569385c-380e-4b23-9d3a-8617d16f6cd5";1
"https://vscht.sharepoint.com/sites/403-O365-videastavufyziklnchemie/_layouts/15/stream.aspx?UniqueId=00ac79bc%2D7daf%2D5163%2De1f9%2D833052432ba2&Translate=false&referrer=StreamWebApp%2EWeb&referrerScenario=AddressBarCopied%2Eview%2E049ff46e%2D18b7%2D4519%2Dac97%2Ded45f1d2fbf8";"Příklad 7 (př. 3 ve vzor. testu 1) – výpočet tepla a práce";"Ondřej Vopička";"Fyzikální chemie I";2;"teplo nevratné expanze,práce nevratné expanze";"cvičení";"B403003";;"https://web.microsoftstream.com/video/335881c3-e9ba-4c4b-86e5-5c14125de796";1
"https://vscht.sharepoint.com/sites/403-O365-videastavufyziklnchemie/_layouts/15/stream.aspx?UniqueId=d5bbb744%2D28f3%2D5d0d%2D9418%2Dabbbc75cf02f&Translate=false&referrer=StreamWebApp%2EWeb&referrerScenario=AddressBarCopied%2Eview%2E3cd26393%2Dd617%2D45e5%2D8bc0%2D08fc25c600b7";"Příklad 8 (3. VI/65) – výpočet práce";"Ondřej Vopička";"Fyzikální chemie I";2;"vratná adiabatická expanze,nevratná adiabatická expanze,práce adiabatické expanze";"cvičení";"B403003";;"https://web.microsoftstream.com/video/b745bea7-1de6-44e5-9f9b-ca5c4fa31be5";1
"https://vscht.sharepoint.com/sites/403-O365-videastavufyziklnchemie/_layouts/15/stream.aspx?UniqueId=0aa1d816%2Deca6%2D57aa%2Dae5e%2D7040a22157af&Translate=false&referrer=StreamWebApp%2EWeb&referrerScenario=AddressBarCopied%2Eview%2E561ac586%2D0899%2D48b7%2Dbd93%2D89c6fa4fc4ce";"Příklad 1 (3. V/65) – vypaření vody";"Ondřej Vopička";"Fyzikální chemie I";3;"izobarické vratné vypaření vody,vnitřní energie,entalpie,teplo,práce,DH,DU,Q,W";"cvičení";"B403003";;"https://web.microsoftstream.com/video/b35b4d6a-1d39-4fe9-b3f6-146021112c61";1
"https://vscht.sharepoint.com/sites/403-O365-videastavufyziklnchemie/_layouts/15/stream.aspx?UniqueId=c685cf54%2Dcf38%2D5ee3%2D4464%2Da4ec8df53235&Translate=false&referrer=StreamWebApp%2EWeb&referrerScenario=AddressBarCopied%2Eview%2Ee6a32e30%2Dd2ab%2D4189%2D94ed%2D4100bb4f5250";"Příklad 2 – komprese po přímce";"Ondřej Vopička";"Fyzikální chemie I";3;"komprese po přímce";"cvičení";"B403003";;"https://web.microsoftstream.com/video/62cb4eb0-cfe1-43a7-8209-ec0b9b7d9351";1
"https://vscht.sharepoint.com/sites/403-O365-videastavufyziklnchemie/_layouts/15/stream.aspx?UniqueId=d82856fb%2D1e84%2D5c25%2Dd9be%2Dd0d881536981&Translate=false&referrer=StreamWebApp%2EWeb&referrerScenario=AddressBarCopied%2Eview%2E6c092b2b%2D211c%2D4f92%2D9816%2De21372243c92";"Příklad 3 (51/78) – výpočet tepla";"Ondřej Vopička";"Fyzikální chemie I";3;"izobarický ohřev ideálního plynu,izochorický ohřev ideálního plynu,teplo";"cvičení";"B403003";;"https://web.microsoftstream.com/video/751c6065-f54b-47b1-82e3-dc75bb14a7e0";1
"https://vscht.sharepoint.com/sites/403-O365-videastavufyziklnchemie/_layouts/15/stream.aspx?UniqueId=a3e974bf%2Df32c%2D5094%2Daeb5%2D2845484cb798&Translate=false&referrer=StreamWebApp%2EWeb&referrerScenario=AddressBarCopied%2Eview%2E614c8e66%2D79ac%2D48aa%2Db11f%2D8236ef4db454";"Příklad 4 (58/147) – kalorimetrická rovnice";"Ondřej Vopička";"Fyzikální chemie I";3;"kalorimetrická rovnice";"cvičení";"B403003";;"https://web.microsoftstream.com/video/3a49d6f8-19e9-4d24-b2ee-fbfbb2f744ce";1
"https://vscht.sharepoint.com/sites/403-O365-videastavufyziklnchemie/_layouts/15/stream.aspx?UniqueId=12996872%2D014a%2D54f2%2D1533%2D7d10bc041d4b&Translate=false&referrer=StreamWebApp%2EWeb&referrerScenario=AddressBarCopied%2Eview%2E33a01454%2D4910%2D451b%2D9028%2D8ea3cba20107";"Příklad 5 (107/86) – Hessův zákon";"Ondřej Vopička";"Fyzikální chemie I";3;"termochemie,Hessův zákon";"cvičení";"B403003";;"https://web.microsoftstream.com/video/32778bb8-cd34-4377-aaf7-2e6d40f5d4b7";1
"https://vscht.sharepoint.com/sites/403-O365-videastavufyziklnchemie/_layouts/15/stream.aspx?UniqueId=3ea99875%2D313b%2D58a8%2Df919%2D10fa2f66c913&Translate=false&referrer=StreamWebApp%2EWeb&referrerScenario=AddressBarCopied%2Eview%2Ec4849ace%2D6324%2D4318%2D91fd%2D5ba6c6d637b0";"Příklad 6 (109/85) – spalné teplo a výhřevnost";"Ondřej Vopička";"Fyzikální chemie I";3;"spalné teplo,výhřevnost methanu";"cvičení";"B403003";;"https://web.microsoftstream.com/video/69dc0e02-b4c1-4dc6-b15d-6155c701128d";1
"https://vscht.sharepoint.com/sites/403-O365-videastavufyziklnchemie/_layouts/15/stream.aspx?UniqueId=cd0a5ed3%2D9779%2D5d29%2Dc388%2D4b48b72b54bb&Translate=false&referrer=StreamWebApp%2EWeb&referrerScenario=AddressBarCopied%2Eview%2E843cc834%2D4fcc%2D4a18%2D84a9%2D60ce139d4094";"Příklad 1 (150/92) – adiabatická teplota plamene";"Ondřej Vopička";"Fyzikální chemie I";4;"adiabatická teplota plamene,nestechiometrické dávkování,přebytek vzduchu";"cvičení";"B403003";;"https://web.microsoftstream.com/video/27c96596-7e58-4cb2-ae3f-e35dbbeb9c40";1
"https://vscht.sharepoint.com/sites/403-O365-videastavufyziklnchemie/_layouts/15/stream.aspx?UniqueId=9e90ba65%2Da09f%2D5ed5%2D2efc%2Dadbf19e07498&Translate=false&referrer=StreamWebApp%2EWeb&referrerScenario=AddressBarCopied%2Eview%2E4d990e52%2D1cf8%2D4bc9%2Dab5f%2D18b48a57ac07";"Příklad 2 (3. VII/66) – spalovací kalorimetrie";"Ondřej Vopička";"Fyzikální chemie I";4;"spalovací kalorimetrie,Hessův zákon,slučovací entalpie,trinitrotoluen,DU,DH";"cvičení";"B403003";;"https://web.microsoftstream.com/video/9a4ff91a-4844-47bb-97f8-68a8cec82ecb";1
"https://vscht.sharepoint.com/sites/403-O365-videastavufyziklnchemie/_layouts/15/stream.aspx?UniqueId=a991078f%2Db89e%2D5228%2D1d4c%2D36023aedf1c7&Translate=false&referrer=StreamWebApp%2EWeb&referrerScenario=AddressBarCopied%2Eview%2E83fed72b%2D0955%2D41b9%2D942f%2D8b14c6efc882";"Příklad 3 (128/88) – Kirchhoffův zákon";"Ondřej Vopička";"Fyzikální chemie I";4;"Kirchhoffův zákon,C+CO2=CO";"cvičení";"B403003";;"https://web.microsoftstream.com/video/aaefc648-c6c2-47fc-99c2-850366ad0d97";1
"https://vscht.sharepoint.com/sites/403-O365-videastavufyziklnchemie/_layouts/15/stream.aspx?UniqueId=e8237127%2Da713%2D57eb%2D84c3%2D1ee35c4f7afb&Translate=false&referrer=StreamWebApp%2EWeb&referrerScenario=AddressBarCopied%2Eview%2E48ee5da1%2Db2a5%2D46ba%2Dbb43%2Db0712b915869";"Příklad 4 (165/95, uprav.) – enthalpická bilance";"Ondřej Vopička";"Fyzikální chemie I";4;"entalpická bilance,chlazení reaktoru,entalpie,hydrogenace benzenu";"cvičení";"B403003";;"https://web.microsoftstream.com/video/93699ec6-5958-4f1f-b323-ebe29399f94a";1
"https://vscht.sharepoint.com/sites/403-O365-videastavufyziklnchemie/_layouts/15/stream.aspx?UniqueId=b9651a95%2Dcdd5%2D5360%2D0bcf%2Dd6b2cfc4a850&Translate=false&referrer=StreamWebApp%2EWeb&referrerScenario=AddressBarCopied%2Eview%2Ed649181e%2D050a%2D40dd%2Da6ce%2D02d8803cc824";"Příklad 1 (41/146) – výpočet změny entropie";"Ondřej Vopička";"Fyzikální chemie I";5;"změna entropie,izobarický ohřev,fázová změna";"cvičení";"B403003";;"https://web.microsoftstream.com/video/e04322f8-811b-4ca9-9a4b-e3911d8f29de";1
"https://vscht.sharepoint.com/sites/403-O365-videastavufyziklnchemie/_layouts/15/stream.aspx?UniqueId=165254b0%2Df3cc%2D5034%2D89cc%2D7a15e5d6b771&Translate=false&referrer=StreamWebApp%2EWeb&referrerScenario=AddressBarCopied%2Eview%2Ec523feb3%2D9e4c%2D4cf5%2D9e80%2D7ada9a098f01";"Příklad 2 (11/143) – výpočet změny entropie";"Ondřej Vopička";"Fyzikální chemie I";5;"změna entropie,adiabatická vratná expanze ideálního plynu";"cvičení";"B403003";;"https://web.microsoftstream.com/video/7e46dd7c-2f1d-4689-bd70-f80d2cff5998";1
"https://vscht.sharepoint.com/sites/403-O365-videastavufyziklnchemie/_layouts/15/stream.aspx?UniqueId=10de4080%2D9b86%2D5b71%2De8c9%2D1e2699542889&Translate=false&referrer=StreamWebApp%2EWeb&referrerScenario=AddressBarCopied%2Eview%2E34d16df9%2Dcb6e%2D400c%2D962c%2Dab0d6d33b250";"Příklad 3 (4. V/110) – výpočet změny entropie";"Ondřej Vopička";"Fyzikální chemie I";5;"změna entropie,izotermická komprese idálního plynu";"cvičení";"B403003";;"https://web.microsoftstream.com/video/b2e3db59-3eb4-4d3b-b898-f08cd0b82e2c";1
"https://vscht.sharepoint.com/sites/403-O365-videastavufyziklnchemie/_layouts/15/stream.aspx?UniqueId=8c18d10b%2D13fa%2D5ef9%2D9bc9%2Db8538bfe1aef&Translate=false&referrer=StreamWebApp%2EWeb&referrerScenario=AddressBarCopied%2Eview%2E5e30021d%2D847a%2D4d71%2D8296%2Da0566dfac756";"Příklad 4 (6/19) – izobarický ohřev";"Ondřej Vopička";"Fyzikální chemie I";5;"izobarický ohřev,tepelná kapacita,změna entropie,změna entalpie,Cp(T)";"cvičení";"B403003";;"https://web.microsoftstream.com/video/02fe5fa7-bc6b-462b-9d9c-c06343ac88ad";1
"https://vscht.sharepoint.com/sites/403-O365-videastavufyziklnchemie/_layouts/15/stream.aspx?UniqueId=c60f1874%2D48b2%2D5148%2D829b%2D7d395b292688&Translate=false&referrer=StreamWebApp%2EWeb&referrerScenario=AddressBarCopied%2Eview%2E006759f0%2Dad4d%2D4b5e%2D9767%2De20df779f305";"Příklad 5 (99/152) – směšovací entropie";"Ondřej Vopička";"Fyzikální chemie I";5;"směšovací entropie,ideální roztok";"cvičení";"B403003";;"https://web.microsoftstream.com/video/d77f0a40-0696-4f78-ba7d-beb003f18f6f";1
"https://vscht.sharepoint.com/sites/403-O365-videastavufyziklnchemie/_layouts/15/stream.aspx?UniqueId=4daa3be7%2De506%2D5afe%2Db4d6%2Def3ba0385fd9&Translate=false&referrer=StreamWebApp%2EWeb&referrerScenario=AddressBarCopied%2Eview%2Ee2bed735%2Dd235%2D412a%2D81a2%2Dae4a40beb578";"Příklad 6 (1/110) – Gibbsovo fázové pravidlo";"Ondřej Vopička";"Fyzikální chemie I";5;"Gibbsovo fázové pravidlo";"cvičení";"B403003";;"https://web.microsoftstream.com/video/b456508e-9610-43f8-b694-2369408dfccb";1
"https://vscht.sharepoint.com/sites/403-O365-videastavufyziklnchemie/_layouts/15/stream.aspx?UniqueId=56983582-9ebf-532d-f5fa-e20b3c8ad757&Translate=false&referrer=ClassicStream&referrerScenario=ClassicPortalMigration.View";"Příklad 1 (3/110) – zkapalnění plynu";"Ondřej Vopička";"Fyzikální chemie I";6;"zkapalnění plynu,p-T diagram";"cvičení";"B403003";;"https://web.microsoftstream.com/video/33febca1-9b7c-49b2-beec-dece3fa7b3f1";1
"https://vscht.sharepoint.com/sites/403-O365-videastavufyziklnchemie/_layouts/15/stream.aspx?UniqueId=28ac86c9%2D6022%2D573f%2D7c9a%2D2d29a8ebc01e&Translate=false&referrer=StreamWebApp%2EWeb&referrerScenario=AddressBarCopied%2Eview%2E96545f6f%2D6be6%2D4d41%2Da742%2Dc392eca139c3";"Příklad 2 (3/vzor. test 2) – Clapeyronova rovnice";"Ondřej Vopička";"Fyzikální chemie I";6;"Clapeyronova rovnice,teplota tání";"cvičení";"B403003";;"https://web.microsoftstream.com/video/3f57995d-b3db-4c82-aa8a-6cdd25682062";1
"https://vscht.sharepoint.com/sites/403-O365-videastavufyziklnchemie/_layouts/15/stream.aspx?UniqueId=060f07b3%2D7b43%2D5bc1%2D4447%2D9c29f61c26b8&Translate=false&referrer=StreamWebApp%2EWeb&referrerScenario=AddressBarCopied%2Eview%2E5b3e789e%2D1867%2D4f26%2D9bca%2Db18e7fecb5bb";"Příklad 3 (10/111) – Clausiova–Clapeyronova rovnice";"Ondřej Vopička";"Fyzikální chemie I";6;"Clausiova–Clapeyronova rovnice,Antoineova rovnice";"cvičení";"B403003";;"https://web.microsoftstream.com/video/59317c0e-46b6-4c33-b393-c5026a305599";1
"https://vscht.sharepoint.com/sites/403-O365-videastavufyziklnchemie/_layouts/15/stream.aspx?UniqueId=1fe085d2%2D501c%2D5570%2Dafc9%2D91716817776e&Translate=false&referrer=StreamWebApp%2EWeb&referrerScenario=AddressBarCopied%2Eview%2E8553cfe1%2D077a%2D420d%2Db5d6%2Db6620d2a1487";"Příklad 4 (25/113) –  rovnováha kapalina–pára";"Ondřej Vopička";"Fyzikální chemie I";6;"rovnováha kapalina-pára,tlak nasycených par,binární směs";"cvičení";"B403003";;"https://web.microsoftstream.com/video/5e97198e-356a-461d-8e85-9ba84f55514a";1
"https://vscht.sharepoint.com/sites/403-O365-videastavufyziklnchemie/_layouts/15/stream.aspx?UniqueId=ca29b1a8%2D3cf5%2D5bc2%2D194f%2D429f2a0de443&Translate=false&referrer=StreamWebApp%2EWeb&referrerScenario=AddressBarCopied%2Eview%2E400e699c%2D66d7%2D47a0%2D992e%2D4f24876ced35";"Příklad 5 (29/114) – rovnováha kapalina–pára";"Ondřej Vopička";"Fyzikální chemie I";6;"rovnováha kapalina-pára,rosný tlak,binární směs";"cvičení";"B403003";;"https://web.microsoftstream.com/video/0e1c3853-3314-4906-aed4-2178260003af";1
"https://vscht.sharepoint.com/sites/403-O365-videastavufyziklnchemie/_layouts/15/stream.aspx?UniqueId=48d95db5%2D9df8%2D5a95%2Db88e%2D9e0e9cd2f82d&Translate=false&referrer=StreamWebApp%2EWeb&referrerScenario=AddressBarCopied%2Eview%2Ecef1ba82%2Df994%2D434d%2D9a1a%2D48846cca9c4a";"Příklad 6 (30/114) – rovnováha kapalina–pára";"Ondřej Vopička";"Fyzikální chemie I";6;"rovnováha kapalina-pára,binární směs,LPG";"cvičení";"B403003";;"https://web.microsoftstream.com/video/64428276-20c4-41bc-9c3a-7e87cf5263f7";1
"https://vscht.sharepoint.com/sites/403-O365-videastavufyziklnchemie/_layouts/15/stream.aspx?UniqueId=d6654eaa%2D409d%2D5c73%2D0695%2D372f86b64452&Translate=false&referrer=StreamWebApp%2EWeb&referrerScenario=AddressBarCopied%2Eview%2E530bff0a%2Dc52c%2D4579%2D8f00%2D5993be90e5e6";"Příklad 1 (4/vzor. test 2) – rovnováha kapalina–pára";"Ondřej Vopička";"Fyzikální chemie I";7;"rovnováha kapalina-pára,binární směs";"cvičení";"B403003";;"https://web.microsoftstream.com/video/e01955ee-f9bb-4ba9-8d7e-964d5faadcce";1
"https://vscht.sharepoint.com/sites/403-O365-videastavufyziklnchemie/_layouts/15/stream.aspx?UniqueId=27aa05b8%2D58a1%2D5eb9%2Db666%2D94cd7798220c&Translate=false&referrer=StreamWebApp%2EWeb&referrerScenario=AddressBarCopied%2Eview%2E3763c456%2Da656%2D4b4c%2Da882%2Dde1ee857449b";"Příklad 2 (63/118) – destilace nemísitelných kapalin";"Ondřej Vopička";"Fyzikální chemie I";7;"destilace nemísitelných kapalin";"cvičení";"B403003";;"https://web.microsoftstream.com/video/f49c1147-7765-4ea5-8545-0bdbe44e7d6d";1
"https://vscht.sharepoint.com/sites/403-O365-videastavufyziklnchemie/_layouts/15/stream.aspx?UniqueId=1b25e441%2D29b6%2D59ef%2Dc307%2Ddd9610b4dfc8&Translate=false&referrer=StreamWebApp%2EWeb&referrerScenario=AddressBarCopied%2Eview%2Ebfad6ed4%2D3617%2D473e%2Da6f9%2D14db87748e38";"Příklad 3 – část A (10.17/100) – rovnováha kapalina–kapalina";"Ondřej Vopička";"Fyzikální chemie I";7;"pákové pravidlo,rovnováha kapalina-kapalina";"cvičení";"B403003";;"https://web.microsoftstream.com/video/0add869c-b1a3-4199-869e-8efaf06b0db4";1
"https://vscht.sharepoint.com/sites/403-O365-videastavufyziklnchemie/_layouts/15/stream.aspx?UniqueId=2ed980b4%2D505c%2D5101%2Dfcce%2De9e6357b7953&Translate=false&referrer=StreamWebApp%2EWeb&referrerScenario=AddressBarCopied%2Eview%2E460e82ee%2D37a1%2D44d2%2D9055%2D2d85d294c0dd";"Příklad 3 – část B (10.17/100) – rovnováha kapalina–kapalina";"Ondřej Vopička";"Fyzikální chemie I";7;"pákové pravidlo,rovnováha kapalina-kapalina";"cvičení";"B403003";;"https://web.microsoftstream.com/video/67027b7d-7aaa-495c-bf2b-d2c699782661";1
"https://vscht.sharepoint.com/sites/403-O365-videastavufyziklnchemie/_layouts/15/stream.aspx?UniqueId=1a8efd6f%2D577f%2D51f6%2Ddbfa%2Dad5bc6a6a0f8&Translate=false&referrer=StreamWebApp%2EWeb&referrerScenario=AddressBarCopied%2Eview%2E9ba08c82%2D9ea8%2D4d2c%2D87a5%2D09f543917c31";"Příklad 4 (44/116) – kryoskopie";"Ondřej Vopička";"Fyzikální chemie I";7;"kryoskopie,síra a sirouhlík";"cvičení";"B403003";;"https://web.microsoftstream.com/video/3a62dd93-1808-468c-8b3f-452b4b227ec4";1
"https://vscht.sharepoint.com/sites/403-O365-videastavufyziklnchemie/_layouts/15/stream.aspx?UniqueId=9fadf15f%2D45d8%2D5725%2Dc90b%2Db963b812d06d&Translate=false&referrer=StreamWebApp%2EWeb&referrerScenario=AddressBarCopied%2Eview%2Ef67085a4%2Dcdc7%2D4c73%2Dbe87%2Dea63e6de2dc6";"Příklad 5 (10.21/104) – ideální rozpustnost";"Ondřej Vopička";"Fyzikální chemie I";7;"ideální rozpustnost naftalenu v benzenu";"cvičení";"B403003";;"https://web.microsoftstream.com/video/4bd1e6f0-89e9-4558-80ab-783dc81fcd96";1
"https://vscht.sharepoint.com/sites/403-O365-videastavufyziklnchemie/_layouts/15/stream.aspx?UniqueId=a6eda1a0%2D3c10%2D5869%2Da2f9%2D3d0e1d0e995a&Translate=false&referrer=StreamWebApp%2EWeb&referrerScenario=AddressBarCopied%2Eview%2Ef69cf7e0%2D4ada%2D47f8%2D8f63%2D8963c338a01f";"Příklad 1 – část A (3/240) – chemická rovnováha";"Ondřej Vopička";"Fyzikální chemie I";8;"chemická rovnováha,bilance,rozsah reakce,stechiometrický vstup,katalytická hydrogenace benzenu na cyklohexan";"cvičení";"B403003";;"https://web.microsoftstream.com/video/2e69a674-bb6d-4a7d-ad01-9e0ba2b9f633";1
"https://vscht.sharepoint.com/sites/403-O365-videastavufyziklnchemie/_layouts/15/stream.aspx?UniqueId=7f2d0d59%2D4f15%2D5f11%2D515f%2D0d2b80a0a6ff&Translate=false&referrer=StreamWebApp%2EWeb&referrerScenario=AddressBarCopied%2Eview%2E5d3a5efa%2D81d6%2D4bc1%2Dbf5d%2D7bdbf28cd930";"Příklad 1 – část B (3/240) – chemická rovnováha";"Ondřej Vopička";"Fyzikální chemie I";8;"chemická rovnováha,bilance,rozsah reakce,stechiometrický vstup,katalytická hydrogenace benzenu na cyklohexan";"cvičení";"B403003";;"https://web.microsoftstream.com/video/bf5c5b40-8eea-4659-b39b-72aba07b5d7a";1
"https://vscht.sharepoint.com/sites/403-O365-videastavufyziklnchemie/_layouts/15/stream.aspx?UniqueId=0009af84%2D81e2%2D5725%2Dd1b7%2D808a5db4545b&Translate=false&referrer=StreamWebApp%2EWeb&referrerScenario=AddressBarCopied%2Eview%2Ed9a3996f%2D701c%2D40a3%2Da32a%2D747657cba45d";"Příklad 2 – část A (27/243) – chemická rovnováha";"Ondřej Vopička";"Fyzikální chemie I";8;"chemická rovnováha,bilance,stupeň konverze,vliv tlaku na konverzi,reakce benzenu s propenem";"cvičení";"B403003";;"https://web.microsoftstream.com/video/422fe454-92bf-4ec7-922b-e0004d37dbce";1
"https://vscht.sharepoint.com/sites/403-O365-videastavufyziklnchemie/_layouts/15/stream.aspx?UniqueId=2b1a7cc8%2D4916%2D534d%2D749e%2D9e7c6296ac90&Translate=false&referrer=StreamWebApp%2EWeb&referrerScenario=AddressBarCopied%2Eview%2E17aaffa8%2Da997%2D4675%2D9a59%2Ddbf7a4d3353b";"Příklad 2 – část B (27/243) – chemická rovnováha";"Ondřej Vopička";"Fyzikální chemie I";8;"chemická rovnováha,bilance,stupeň konverze,vliv tlaku na konverzi,reakce benzenu s propenem";"cvičení";"B403003";;"https://web.microsoftstream.com/video/c5528e57-fbd1-41f0-b43d-83e18a310b5e";1
"https://vscht.sharepoint.com/sites/403-O365-videastavufyziklnchemie/_layouts/15/stream.aspx?UniqueId=e6510000%2D23c3%2D55d0%2D5a25%2D63820e50103a&Translate=false&referrer=StreamWebApp%2EWeb&referrerScenario=AddressBarCopied%2Eview%2E03542466%2D5eb5%2D4928%2D8d7a%2D56b96e73a5d9";"Příklad 3 (21/242) – chemická rovnováha";"Ondřej Vopička";"Fyzikální chemie I";8;"chemická rovnováha,bilance,rozsah reakce,disociace fosgenu,počáteční tlak v reaktoru";"cvičení";"B403003";;"https://web.microsoftstream.com/video/ceb4be6f-0f55-4ded-8deb-11d59e02e792";1
"https://vscht.sharepoint.com/sites/403-O365-videastavufyziklnchemie/_layouts/15/stream.aspx?UniqueId=e81ba602%2D886a%2D5505%2D9467%2D5de552deb010&Translate=false&referrer=StreamWebApp%2EWeb&referrerScenario=AddressBarCopied%2Eview%2E4ad6134b%2D331c%2D4e88%2Dbf9f%2D3663be89a729";"Příklad 4 (64/249) – teplotní závislost rovnovážné konstanty";"Ondřej Vopička";"Fyzikální chemie I";8;"rovnovážná kosntanta,van ’t Hoffova izobara,cis-trans izomerizace";"cvičení";"B403003";;"https://web.microsoftstream.com/video/d54dcb25-86d5-47d7-91b1-95c3faba3d7f";1
"https://vscht.sharepoint.com/sites/403-O365-videastavufyziklnchemie/_layouts/15/stream.aspx?UniqueId=053fd870%2D0465%2D5a3a%2D524c%2D548f005ab04f&Translate=false&referrer=StreamWebApp%2EWeb&referrerScenario=AddressBarCopied%2Eview%2E1c9a8659%2Dc5c6%2D43dd%2D8463%2D4b9e75814d1f";"Příklad 1 (22/NA) – chemická rovnováha";"Ondřej Vopička";"Fyzikální chemie I";9;"chemická rovnováha,bilance,stupeň konverze,vliv teploty na konverzi";"cvičení";"B403003";;"https://web.microsoftstream.com/video/609a6ff3-c440-4e11-bb75-9472bb5efac4";1
"https://vscht.sharepoint.com/sites/403-O365-videastavufyziklnchemie/_layouts/15/stream.aspx?UniqueId=92f54692%2De41b%2D57d1%2D744a%2D37e6a2696fc1&Translate=false&referrer=StreamWebApp%2EWeb&referrerScenario=AddressBarCopied%2Eview%2E39cf9346%2D0345%2D4f35%2Daa40%2Dc1e5bc0e16f1";"Příklad 2 (69/249) – teplotní závislost rovnovážné konstanty";"Ondřej Vopička";"Fyzikální chemie I";9;"rovnovážná konstanta,van’t Hoffova izobara,hydratace ethylenu";"cvičení";"B403003";;"https://web.microsoftstream.com/video/33bfede3-5bf1-47b8-a9a3-fdf30cc797bb";1
"https://vscht.sharepoint.com/sites/403-O365-videastavufyziklnchemie/_layouts/15/stream.aspx?UniqueId=0d10691b%2Da983%2D589e%2D7476%2D0b8079d2249a&Translate=false&referrer=StreamWebApp%2EWeb&referrerScenario=AddressBarCopied%2Eview%2E13ca4cbf%2Dc36a%2D4d71%2Da068%2Da452bd0ee06c";"Příklad 3 (29/243) – chemická rovnováha";"Ondřej Vopička";"Fyzikální chemie I";9;"chemická rovnováha,bilance,stupeň konverze,vliv přídavku inertu,dehydrogenace cyklohexanu";"cvičení";"B403003";;"https://web.microsoftstream.com/video/106aec28-f7fa-4c16-b90d-09292328f3c5";1
"https://vscht.sharepoint.com/sites/403-O365-videastavufyziklnchemie/_layouts/15/stream.aspx?UniqueId=65cd1e9c%2De884%2D5bfd%2Dfc4f%2D3a40e689aa73&Translate=false&referrer=StreamWebApp%2EWeb&referrerScenario=AddressBarCopied%2Eview%2E77c9812e%2D3226%2D4f3d%2D8678%2D777d08c8eeea";"Příklad 4 (45/246) – chemická rovnováha";"Ondřej Vopička";"Fyzikální chemie I";9;"chemická rovnováha,tuhá fáze,plynná fáze,DGr=-RT.ln(K)";"cvičení";"B403003";;"https://web.microsoftstream.com/video/46d33a7c-9a9a-4537-bae9-083ca8abf95b";1
"https://vscht.sharepoint.com/sites/403-O365-videastavufyziklnchemie/_layouts/15/stream.aspx?UniqueId=5a826f4c%2Df8ed%2D50f4%2De854%2D998d21153494&Translate=false&referrer=StreamWebApp%2EWeb&referrerScenario=AddressBarCopied%2Eview%2Edcf9727a%2D1e6e%2D47d2%2D9b14%2D5a1ac5eb7bc3";"Příklad 5 (6. IX/204) – chemická rovnováha";"Ondřej Vopička";"Fyzikální chemie I";9;"chemická rovnováha,bilance,rozsah reakce,nestechiometrický vstup,dávkování,reakce koksu s vodní parou";"cvičení";"B403003";;"https://web.microsoftstream.com/video/0b484ecc-9ff6-48c1-9f0a-719516343723";1
"https://vscht.sharepoint.com/sites/403-O365-videastavufyziklnchemie/_layouts/15/stream.aspx?UniqueId=ddf2734b%2D52ef%2D5660%2Db239%2Dc6f81fd6b31e&Translate=false&referrer=StreamWebApp%2EWeb&referrerScenario=AddressBarCopied%2Eview%2E39587909%2D1d08%2D447e%2D9e29%2Da651d1e2acf9";"Příklad 1 (7.5.7/337) – disociace slabé kyseliny";"Ondřej Vopička";"Fyzikální chemie I";10;"disociace,slabá kyselina,HOAc";"cvičení";"B403003";;"https://web.microsoftstream.com/video/62d6530a-2f53-4842-b6b2-5fc3cbe15851";1
"https://vscht.sharepoint.com/sites/403-O365-videastavufyziklnchemie/_layouts/15/stream.aspx?UniqueId=8b04ea17%2D389b%2D535d%2De1d0%2Da54445c84dbb&Translate=false&referrer=StreamWebApp%2EWeb&referrerScenario=AddressBarCopied%2Eview%2Eacbd7220%2D78dd%2D44e2%2D8d6b%2D2d61a07de661";"Příklad 2 (11.6.4/419) – disociace silné, zředené kyseliny";"Ondřej Vopička";"Fyzikální chemie I";10;"disociace,silná zředěná kyselina,autoprotolýza vody,HCl";"cvičení";"B403003";;"https://web.microsoftstream.com/video/8e6af37f-9b53-419c-9c07-ef44a7c6b75f";1
"https://vscht.sharepoint.com/sites/403-O365-videastavufyziklnchemie/_layouts/15/stream.aspx?UniqueId=8b05faf2%2De958%2D59e0%2D3a4b%2D80b01dca951c&Translate=false&referrer=StreamWebApp%2EWeb&referrerScenario=AddressBarCopied%2Eview%2Edfa6e5c3%2De468%2D4197%2Da944%2Dc356678cadb4";"Příklad 3 (102/255) – disociace slabé báze";"Ondřej Vopička";"Fyzikální chemie I";10;"disociace,slabá báze,NH3";"cvičení";"B403003";;"https://web.microsoftstream.com/video/d010668b-5ebe-491b-81fe-85778c69098e";1
"https://vscht.sharepoint.com/sites/403-O365-videastavufyziklnchemie/_layouts/15/stream.aspx?UniqueId=83765d3d%2D2940%2D54ae%2D639a%2D07f6980aa0bb&Translate=false&referrer=StreamWebApp%2EWeb&referrerScenario=AddressBarCopied%2Eview%2E4b36b0ad%2Da5a1%2D43b1%2D9573%2D7c2a72ecd506";"Příklad 4 (115/256) – rozpustnost solí";"Ondřej Vopička";"Fyzikální chemie I";10;"rozpustnost,součin rozpustnosti";"cvičení";"B403003";;"https://web.microsoftstream.com/video/77e20bbf-da09-4a08-a3e7-364fcc11ffd0";1
"https://vscht.sharepoint.com/sites/403-O365-videastavufyziklnchemie/_layouts/15/stream.aspx?UniqueId=e734870c%2Df067%2D5088%2D0a94%2D1499f3cb41f9&Translate=false&referrer=StreamWebApp%2EWeb&referrerScenario=AddressBarCopied%2Eview%2E4caec2e9%2D6bab%2D4528%2Dbbd7%2Ddfb2356e0b4a";"Příklad 5 (119/256) – promývaní sraženiny vodou a elektrolyty";"Ondřej Vopička";"Fyzikální chemie I";10;"promývání sraženin vodou,promývání sraženin elektrolyty,ideální roztok,Ag2MoO4";"cvičení";"B403003";;"https://web.microsoftstream.com/video/900c5bd3-a7be-4001-be48-afa4bf7d55d5";1
"https://vscht.sharepoint.com/sites/403-O365-videastavufyziklnchemie/_layouts/15/stream.aspx?UniqueId=555748f4%2D7a68%2D56a4%2Dce21%2De3c7aa2b8903&Translate=false&referrer=StreamWebApp%2EWeb&referrerScenario=AddressBarCopied%2Eview%2E4a9833bf%2D5663%2D45c6%2D97cc%2De78156c729bb";"Příklad 1 (5/37) – Faradayův zákon";"Ondřej Vopička";"Fyzikální chemie I";11;"Faradayův zákon,elektrolýza,rafinace mědi";"cvičení";"B403003";;"https://web.microsoftstream.com/video/9f25bb6a-0d6f-4e5d-a4d5-916b60600bfc";1
"https://vscht.sharepoint.com/sites/403-O365-videastavufyziklnchemie/_layouts/15/stream.aspx?UniqueId=f63b5d25%2Deea0%2D5697%2D0c4c%2D073c3a22b07f&Translate=false&referrer=StreamWebApp%2EWeb&referrerScenario=AddressBarCopied%2Eview%2E3edc2343%2Ddbec%2D4c47%2Da039%2D143233132190";"Příklad 2 (9/37) – coulometr na třaskavý plyn";"Ondřej Vopička";"Fyzikální chemie I";11;"coulometr na třaskavý plyn";"cvičení";"B403003";;"https://web.microsoftstream.com/video/8f1ff68a-0d08-45af-9954-9d398be6063e";1
"https://vscht.sharepoint.com/sites/403-O365-videastavufyziklnchemie/_layouts/15/stream.aspx?UniqueId=a373a83c%2Dc0dc%2D5966%2D6a4e%2Da435c9abe965&Translate=false&referrer=StreamWebApp%2EWeb&referrerScenario=AddressBarCopied%2Eview%2Efbab9791%2Db8f2%2D4b63%2D98be%2Dd941638fa340";"Příklad 3 (23/40) – elektrochemický článek";"Ondřej Vopička";"Fyzikální chemie I";11;"elektrochemický článek,standardní vodíková elektroda";"cvičení";"B403003";;"https://web.microsoftstream.com/video/65cbdd33-d9d0-4e5d-b5bd-0608ab1304fc";1
"https://vscht.sharepoint.com/sites/403-O365-videastavufyziklnchemie/_layouts/15/stream.aspx?UniqueId=d4eea2cd%2Dc8c2%2D5e8f%2D97bb%2De3c4e4808ae6&Translate=false&referrer=StreamWebApp%2EWeb&referrerScenario=AddressBarCopied%2Eview%2Ed3f17ac9%2Dc738%2D4ddd%2Db7eb%2D9c0544829a60";"Příklad 4 (17/39) – celková reakce v elektrochem. článku";"Ondřej Vopička";"Fyzikální chemie I";11;"elektrochemický článek";"cvičení";"B403003";;"https://web.microsoftstream.com/video/6cef036a-2221-4e6d-a70f-4e4c19834620";1
"https://vscht.sharepoint.com/sites/403-O365-videastavufyziklnchemie/_layouts/15/stream.aspx?UniqueId=6eeb6379%2D32e9%2D5399%2D695f%2D565956fb9b61&Translate=false&referrer=StreamWebApp%2EWeb&referrerScenario=AddressBarCopied%2Eview%2E9e9f50b3%2De718%2D4118%2D95fa%2De9815c6543d2";"Příklad 5 (NA/303) – reakce 1.řádu";"Ondřej Vopička";"Fyzikální chemie I";11;"kinetika,reakce 1. řádu,poločas reakce,reakce prvního řádu";"cvičení";"B403003";;"https://web.microsoftstream.com/video/19e9e0e5-de53-461c-a091-a554f562e496";1
"https://vscht.sharepoint.com/sites/403-O365-videastavufyziklnchemie/_layouts/15/stream.aspx?UniqueId=528bbc0d%2D7fb6%2D5b16%2D5e4b%2D6729ec79479d&Translate=false&referrer=StreamWebApp%2EWeb&referrerScenario=AddressBarCopied%2Eview%2E4030bdb4%2D024c%2D4ae6%2D9382%2Da4cd8527afe5";"Příklad 1 (NA/303) – reakce 2.řádu";"Ondřej Vopička";"Fyzikální chemie I";12;"kinetika,reakce druhého řádu,reakce 2. řádu";"cvičení";"B403003";;"https://web.microsoftstream.com/video/4e395ea9-6ab8-4563-a1e9-e902c1b65112";1
"https://vscht.sharepoint.com/sites/403-O365-videastavufyziklnchemie/_layouts/15/stream.aspx?UniqueId=c609e737%2D7059%2D5d45%2D4a26%2Dff5c89528798&Translate=false&referrer=StreamWebApp%2EWeb&referrerScenario=AddressBarCopied%2Eview%2Ee61be1e1%2D77a8%2D4c80%2Db276%2D060e6c71ead2";"Příklad 2 (21/44) – teplotní závislost rychlostní konstanty rozkladu";"Ondřej Vopička";"Fyzikální chemie I";12;"rychlostní konstanta,Arrheniova rovnice,rozklad methylaminu";"cvičení";"B403003";;"https://web.microsoftstream.com/video/e06b2a48-ac6c-4963-b22d-16c7cba4784a";1
"https://vscht.sharepoint.com/sites/403-O365-videastavufyziklnchemie/_layouts/15/stream.aspx?UniqueId=206aa77a%2D0840%2D50ff%2D1dd2%2D581d2d277194&Translate=false&referrer=StreamWebApp%2EWeb&referrerScenario=AddressBarCopied%2Eview%2E14f56830%2D5c9f%2D43fb%2Db97d%2D3e5b639ba80b";"Příklad 3 (14/69) – určení řádu reakce";"Ondřej Vopička";"Fyzikální chemie I";12;"řád reakce,rychlostní konstanta";"cvičení";"B403003";;"https://web.microsoftstream.com/video/2f1e31f0-cb74-4823-bf1e-cb707d2d586a";1
"https://vscht.sharepoint.com/sites/403-O365-videastavufyziklnchemie/_layouts/15/stream.aspx?UniqueId=89b9a3fb%2D7876%2D50b3%2D42e6%2D71afd02209e8&Translate=false&referrer=StreamWebApp%2EWeb&referrerScenario=AddressBarCopied%2Eview%2E0ef8162e%2Da723%2D49d5%2D864b%2D3c4f25ecca52";"Příklad 4 (24/70) – určení řádu reakce";"Ondřej Vopička";"Fyzikální chemie I";12;"řád reakce,rychlostní konstanta";"cvičení";"B403003";;"https://web.microsoftstream.com/video/7daf1335-fdd6-432c-923b-32fef0de256d";1
"https://vscht.sharepoint.com/sites/403-O365-videastavufyziklnchemie/_layouts/15/stream.aspx?UniqueId=fa46dfc1%2D798a%2D5852%2Db6d7%2D9385192b8627&Translate=false&referrer=StreamWebApp%2EWeb&referrerScenario=AddressBarCopied%2Eview%2E575fdb86%2Def25%2D443b%2Daea2%2Dceca51722b7a";"Příklad 5 (1/41) – rychlost reakce a stechiometrie";"Ondřej Vopička";"Fyzikální chemie I";12;"rychlost reakce,rychlost úbytku,rychlost přírustku";"cvičení";"B403003";;"https://web.microsoftstream.com/video/73e90cb9-4f57-4758-97b5-6728c7fa3d05";1
"https://vscht.sharepoint.com/sites/403-O365-videastavufyziklnchemie/_layouts/15/stream.aspx?UniqueId=01ebec20%2D09ee%2D5d3a%2D757d%2Da9f524869967&Translate=false&referrer=StreamWebApp%2EWeb&referrerScenario=AddressBarCopied%2Eview%2Eb6e6627f%2D03dc%2D4975%2D9f4f%2D57050f31c78c";"Příklad 6 (3/41) – určení řádu reakce";"Ondřej Vopička";"Fyzikální chemie I";12;"řád reakce,rychlostní konstanta,počáteční rychlost reakce";"cvičení";"B403003";;"https://web.microsoftstream.com/video/1776c90e-503c-4216-b9bc-80225088135a";1
"https://vscht.sharepoint.com/sites/403-O365-videastavufyziklnchemie/_layouts/15/stream.aspx?UniqueId=465d1861%2Dab73%2D56bd%2D2680%2Dfe50470f468d&Translate=false&referrer=StreamWebApp%2EWeb&referrerScenario=AddressBarCopied%2Eview%2Efdd0d26a%2Defac%2D4dab%2Daca9%2Df4b48268dbb0";"Úvod";"Květoslav Růžička";"Fyzikální chemie II";1;"úvodní informace";"přednáška";"B403004";;"https://web.microsoftstream.com/video/e711b9b7-1729-446c-b2cc-4933202e44e4";1
"https://vscht.sharepoint.com/sites/403-O365-videastavufyziklnchemie/_layouts/15/stream.aspx?UniqueId=5169b186%2D1efe%2D510a%2D0790%2Da367d9668b07&Translate=false&referrer=StreamWebApp%2EWeb&referrerScenario=AddressBarCopied%2Eview%2E4ed01cb5%2D6ad6%2D4e7e%2D9bcd%2Ddb5312167576";"Kinetická teorie";"Květoslav Růžička";"Fyzikální chemie II";1;"kinetická teorie,tlak,tepelná kapacita plynů,termodynamika,vibrace,entropie,entalpická bilance,mezimolekulové síly";"přednáška";"B403004";;"https://web.microsoftstream.com/video/61262bfb-6808-4407-abf4-f030258b350f";1
"https://vscht.sharepoint.com/sites/403-O365-videastavufyziklnchemie/_layouts/15/stream.aspx?UniqueId=a57a4aee%2Dec75%2D5e1a%2Db1a9%2D421055df1c3d&Translate=false&referrer=StreamWebApp%2EWeb&referrerScenario=AddressBarCopied%2Eview%2E34d43486%2D2578%2D4459%2Da2ad%2Dffa1a43ab873";"Stavové chování plynů";"Květoslav Růžička";"Fyzikální chemie II";1;"viriálová stavová rovnice,van der Waalsova rovnice,VDW,reálný plyn,stavové chování reálných plynů,kubické stavové rovnice";"přednáška";"B403004";;"https://web.microsoftstream.com/video/02f26f6e-06b7-4703-ba6f-698a0af8798b";1
"https://vscht.sharepoint.com/sites/403-O365-videastavufyziklnchemie/_layouts/15/stream.aspx?UniqueId=d0d3d9df%2D2f49%2D543d%2D50b4%2D4c473c411e04&Translate=false&referrer=StreamWebApp%2EWeb&referrerScenario=AddressBarCopied%2Eview%2Ec501f2da%2D0c6e%2D486d%2D9262%2D7b6b08ce0e0a";"Stavové chování reálných tekutin";"Květoslav Růžička";"Fyzikální chemie II";1;"teorém korespondujících stavů,TKS,kritický bod,viriálové koeficienty";"přednáška";"B403004";;"https://web.microsoftstream.com/video/1e788426-7bd5-4b3b-acbd-975285b2f52c";1
"https://vscht.sharepoint.com/sites/403-O365-videastavufyziklnchemie/_layouts/15/stream.aspx?UniqueId=49b0f769%2Dd36e%2D5766%2Ded39%2D288777654438&Translate=false&referrer=StreamWebApp%2EWeb&referrerScenario=AddressBarCopied%2Eview%2E6e3ad1d4%2D77a5%2D4276%2Da967%2Dc41536500383";"Stavové chování kapalin";"Květoslav Růžička";"Fyzikální chemie II";1;"nasycená kapalina,stlačená kapalina,směs,Amagatův zákon,Daltonův zákon,binární směs,teorém korespondujících stavů";"přednáška";"B403004";;"https://web.microsoftstream.com/video/c75a659c-ed3d-4615-8355-5c22b3bc7609";1
"https://vscht.sharepoint.com/sites/403-O365-videastavufyziklnchemie/_layouts/15/stream.aspx?UniqueId=fd120bd9%2Dc103%2D5b50%2D697f%2D3f7f15b0d4a6&Translate=false&referrer=StreamWebApp%2EWeb&referrerScenario=AddressBarCopied%2Eview%2Eb2c5d32c%2D5b37%2D401a%2D92c5%2D882aec389f07";"Chemické rovnováhy – opakování";"Květoslav Růžička";"Fyzikální chemie II";5;"chemická rovnováha,parciální molární veličiny,Eulerův vztah,termodynamika směsí,chemický potenciál";"přednáška";"B403004";;"https://web.microsoftstream.com/video/0b00d520-8138-49b4-9a15-d206b05434ae";1
"https://vscht.sharepoint.com/sites/403-O365-videastavufyziklnchemie/_layouts/15/stream.aspx?UniqueId=a1f55c06%2Da70a%2D500d%2D778c%2D96083bb0e241&Translate=false&referrer=StreamWebApp%2EWeb&referrerScenario=AddressBarCopied%2Eview%2Ec46be73a%2D2e4d%2D41dc%2D99d8%2D881a28ad0101";"Chemické rovnováhy s neideálním chováním";"Květoslav Růžička";"Fyzikální chemie II";5;"chemická rovnováha,směr chemické reakce,Lewisovo–Randallovo pravidlo,fugacita,neideální chování,rozsah reakce";"přednáška";"B403004";;"https://web.microsoftstream.com/video/2372a9d9-68be-4171-9b0c-a27401e59f8d";1
"https://vscht.sharepoint.com/sites/403-O365-videastavufyziklnchemie/_layouts/15/stream.aspx?UniqueId=a585cd30%2Dff05%2D5a4a%2D182d%2De74199048345&Translate=false&referrer=StreamWebApp%2EWeb&referrerScenario=AddressBarCopied%2Eview%2E62939fb9%2Db3ee%2D4133%2Da318%2D96d5c6b468c5";"Chemické rovnováhy bez přítomnosti plynné fáze";"Květoslav Růžička";"Fyzikální chemie II";5;"chemická rovnováha,kondenzované fáze bez plynu,neideální kapalná fáze";"přednáška";"B403004";;"https://web.microsoftstream.com/video/165f2b15-65a8-4950-a1dc-524d21ba3a57";1
"https://vscht.sharepoint.com/sites/403-O365-videastavufyziklnchemie/_layouts/15/stream.aspx?UniqueId=5546a397%2D6d4f%2D58ee%2D8e0e%2Df340534413c0&Translate=false&referrer=StreamWebApp%2EWeb&referrerScenario=AddressBarCopied%2Eview%2E7f7d3c06%2D8d61%2D40d3%2Db5ae%2D2bd5adbfeb4a";"Chemické rovnováhy – simultánní reakce";"Květoslav Růžička";"Fyzikální chemie II";5;"chemická rovnováha,simultánní reakce,stechiometrická metoda,nestechiometrická metoda";"přednáška";"B403004";;"https://web.microsoftstream.com/video/b27765d2-9439-494e-a887-53a7349e7c21";1
"https://vscht.sharepoint.com/sites/403-O365-videastavufyziklnchemie/_layouts/15/stream.aspx?UniqueId=e68d61cf%2D2c1c%2D5a0a%2Df617%2Dca37a0cb3bd2&Translate=false&referrer=StreamWebApp%2EWeb&referrerScenario=AddressBarCopied%2Eview%2E92378fd7%2D9731%2D4aa8%2D9cfc%2D69b4600cba65";"Iontové rovnováhy – kyseliny a zásady";"Květoslav Růžička";"Fyzikální chemie II";6;"roztoky elektrolytů,iontový součin vody,slabý elektrolyt,silný elektrolyty,Debye–Huckel,slabá zásada,iontová rovnováha";"přednáška";"B403004";;"https://web.microsoftstream.com/video/75883675-61ef-42db-b969-96fe328bd6d9";1
"https://vscht.sharepoint.com/sites/403-O365-videastavufyziklnchemie/_layouts/15/stream.aspx?UniqueId=26cbb897%2Dfdd8%2D52de%2D68f9%2D0727e007ddeb&Translate=false&referrer=StreamWebApp%2EWeb&referrerScenario=AddressBarCopied%2Eview%2E5bd62210%2D47b8%2D4403%2Da5f3%2D29af193ac1bb";"Iontové rovnováhy – hydrolýza";"Květoslav Růžička";"Fyzikální chemie II";6;"soli kyselin a zásad,iontová rovnováha,roztoky elektrolytů";"přednáška";"B403004";;"https://web.microsoftstream.com/video/f9975946-43d4-4003-8eee-a38083e4c2e9";1
"https://vscht.sharepoint.com/sites/403-O365-videastavufyziklnchemie/_layouts/15/stream.aspx?UniqueId=94b1f53d%2Da523%2D5e15%2Ddb31%2De52a79908d74&Translate=false&referrer=StreamWebApp%2EWeb&referrerScenario=AddressBarCopied%2Eview%2E80bc368d%2D2b22%2D4691%2Db3d1%2D69c2c0434f2f";"Iontové rovnováhy – součin rozpustnosti";"Květoslav Růžička";"Fyzikální chemie II";6;"iontová rovnováha,málo rozpustné soli,roztoky elektrolytu,součin rozpustnosti,rozpustnost";"přednáška";"B403004";;"https://web.microsoftstream.com/video/0ad54cee-f031-4a58-b3dd-a07b5da44728";1
"https://vscht.sharepoint.com/sites/403-O365-videastavufyziklnchemie/_layouts/15/stream.aspx?UniqueId=1788d9f9%2D004b%2D5787%2Dc687%2Dba114d13ec43&Translate=false&referrer=StreamWebApp%2EWeb&referrerScenario=AddressBarCopied%2Eview%2Ef80f11f3%2D20b0%2D4777%2D831a%2D08cfa201a4d1";"Difuze";"Květoslav Růžička";"Fyzikální chemie II";7;"difuze,migrace iontu v elektrickém poli,konduktivita,Brownův pohyb,Fickův zákon,stacionární difuze";"přednáška";"B403004";;"https://web.microsoftstream.com/video/1c9dba44-ee95-4c0b-9eeb-c2f50db5a958";1
"https://vscht.sharepoint.com/sites/403-O365-videastavufyziklnchemie/_layouts/15/stream.aspx?UniqueId=66ad32dc%2Dc84c%2D5861%2Da75c%2Df1df2a190bbd&Translate=false&referrer=StreamWebApp%2EWeb&referrerScenario=AddressBarCopied%2Eview%2Eeb587c2b%2Dcc28%2D455a%2Daeff%2D51f935c4a827";"Elektrická vodivost";"Květoslav Růžička";"Fyzikální chemie II";7;"elektrická vodivost,transport iontu,měrná vodivost,molární vodivost,převodová čísla,Hittorfova metoda";"přednáška";"B403004";;"https://web.microsoftstream.com/video/0fae2f1c-7033-4520-80d1-4894a5d3ad37";1
"https://vscht.sharepoint.com/sites/403-O365-videastavufyziklnchemie/_layouts/15/stream.aspx?UniqueId=0ed558df%2Dc0f9%2D5569%2Dc6c9%2D26d48274c025&Translate=false&referrer=StreamWebApp%2EWeb&referrerScenario=AddressBarCopied%2Eview%2E102283c3%2D94e2%2D409e%2Da42a%2D668a1468ea5a";"Termodynamika galvanického článku, typy elektrod";"Květoslav Růžička";"Fyzikální chemie II";8;"galvanický článek,elektroda,Daniellův článek,Nernstova rovnice,typy elektrod";"přednáška";"B403004";;"https://web.microsoftstream.com/video/535c14e2-366e-4b47-9297-05599b5f79d5";1
"https://vscht.sharepoint.com/sites/403-O365-videastavufyziklnchemie/_layouts/15/stream.aspx?UniqueId=e89af871%2D264a%2D54e7%2Dd44e%2D4109dd81631b&Translate=false&referrer=StreamWebApp%2EWeb&referrerScenario=AddressBarCopied%2Eview%2E61fbc39b%2D44aa%2D4cb3%2Da87e%2D49351871987d";"Typy galvanických článků";"Květoslav Růžička";"Fyzikální chemie II";8;"galvanický článek,aplikace galvanických článků,elektromotorické napětí";"přednáška";"B403004";;"https://web.microsoftstream.com/video/d4dd796d-259a-4ae6-85f6-849a5bcd672a";1
"https://vscht.sharepoint.com/sites/403-O365-videastavufyziklnchemie/_layouts/15/stream.aspx?UniqueId=d7c25ac1%2D4faf%2D58da%2D001b%2D634f84b16379&Translate=false&referrer=StreamWebApp%2EWeb&referrerScenario=AddressBarCopied%2Eview%2E238ef5c7%2Df2aa%2D4e94%2D9bf0%2D1e239e00bbb6";"Galvanické články jako zdroj energie";"Květoslav Růžička";"Fyzikální chemie II";8;"galvanický článek,palivový článek,sekundární článek";"přednáška";"B403004";;"https://web.microsoftstream.com/video/5cda6b88-91b1-4280-ad8f-24b9c818c66c";1
"https://vscht.sharepoint.com/sites/403-O365-videastavufyziklnchemie/_layouts/15/stream.aspx?UniqueId=05370469%2D669e%2D524a%2D0df8%2D736ffe2bfee9&Translate=false&referrer=StreamWebApp%2EWeb&referrerScenario=AddressBarCopied%2Eview%2Ecf067e26%2D8c0e%2D48ff%2Db00c%2D3476a5c7417c";"Chemická kinetika – úvodní pojmy";"Květoslav Růžička";"Fyzikální chemie II";9;"chemická kinetika,simultánní reakce,molekularita reakce,průběh reakce,jaderné reakce,řád reakce";"přednáška";"B403004";;"https://web.microsoftstream.com/video/7506c8f6-c08b-4411-9369-b77c2458528e";1
"https://vscht.sharepoint.com/sites/403-O365-videastavufyziklnchemie/_layouts/15/stream.aspx?UniqueId=79a0430a%2Dc6d9%2D5589%2D0eaf%2D81538c0cf4ce&Translate=false&referrer=StreamWebApp%2EWeb&referrerScenario=AddressBarCopied%2Eview%2E7eb0a409%2D0702%2D4297%2Db762%2D42e9b29bc6a9";"Chemická knetika – simultánní reakce";"Květoslav Růžička";"Fyzikální chemie II";9;"chemická kinetika,simultánní reakce,chemická rovnováha,bočné reakce,následné reakce,vratné reakce";"přednáška";"B403004";;"https://web.microsoftstream.com/video/4b4ff41d-29df-4eee-ac1e-c97523f74b7e";1
"https://vscht.sharepoint.com/sites/403-O365-videastavufyziklnchemie/_layouts/15/stream.aspx?UniqueId=1befcc6f%2Db78c%2D5053%2Dbb2a%2D28c4355e9799&Translate=false&referrer=StreamWebApp%2EWeb&referrerScenario=AddressBarCopied%2Eview%2E97245296%2D2e1b%2D4f9a%2D84a7%2D65370d91a2d9";"Chemická kinetika – reakční mechanismy";"Květoslav Růžička";"Fyzikální chemie II";9;"chemická kinetika,reakční mechanismus,fotochemické reakce,radikálové reakce,katalyzované reakce,homogenní katalýza,enzymová katalýza";"přednáška";"B403004";;"https://web.microsoftstream.com/video/4f6dc96f-a89b-48a5-86d1-0fe195f00a3b";1
"https://vscht.sharepoint.com/sites/403-O365-videastavufyziklnchemie/_layouts/15/stream.aspx?UniqueId=49a53b72%2Dfbaf%2D5bd3%2D3401%2Dae4395bb883f&Translate=false&referrer=StreamWebApp%2EWeb&referrerScenario=AddressBarCopied%2Eview%2E136013a7%2D3329%2D4a03%2D99ed%2Dbaf36133f889";"Fázová rozhraní – povrchové napětí";"Květoslav Růžička";"Fyzikální chemie II";10;"fázové rozhraní,povchové napětí,povrchová chemie,Laplaceova–Youngova rovnice,Kelvinova rovnice";"přednáška";"B403004";;"https://web.microsoftstream.com/video/e996f510-d6e5-4d91-99d8-85b74861b7d9";1
"https://vscht.sharepoint.com/sites/403-O365-videastavufyziklnchemie/_layouts/15/stream.aspx?UniqueId=361cece5%2Dda23%2D50cd%2D466a%2Dbd441fdaa886&Translate=false&referrer=StreamWebApp%2EWeb&referrerScenario=AddressBarCopied%2Eview%2Ec3e08510%2D03ef%2D429c%2D890e%2D4dce3102c3e7";"Fázová rozhraní – adsorpce";"Květoslav Růžička";"Fyzikální chemie II";10;"fázov0 rozhraní,adsorpce,povrchová chemie,rovnováha kapalina-pára,Raoultův zákon,VLE,SLE,rovnováha kapalina-pevná fáze";"přednáška";"B403004";;"https://web.microsoftstream.com/video/8191f48a-b31b-4104-89c6-80dd3d9fa998";1
"https://vscht.sharepoint.com/sites/403-O365-videastavufyziklnchemie/_layouts/15/stream.aspx?UniqueId=19556e72%2D3801%2D5309%2D2771%2D5632f89fe116&Translate=false&referrer=StreamWebApp%2EWeb&referrerScenario=AddressBarCopied%2Eview%2E149cdba7%2D2e42%2D404c%2D8cdd%2Da38ba2f682a2";"Příklad 1, 73/45 – kubické stavové rovnice";"Ondřej Vopička";"Fyzikální chemie II";1;"stavové chování,kubické stavové rovnice";"cvičení";"B403004";;"https://web.microsoftstream.com/video/8cefbb7c-ec10-4ba4-a4d1-b6bb7b90d374";1
"https://vscht.sharepoint.com/sites/403-O365-videastavufyziklnchemie/_layouts/15/stream.aspx?UniqueId=902e77d7%2D224d%2D5194%2D4e16%2Db8f051795a26&Translate=false&referrer=StreamWebApp%2EWeb&referrerScenario=AddressBarCopied%2Eview%2E84aea15e%2D6121%2D47ef%2Da589%2D123c3618d155";"Příklad 2, 75/45 – kubické stavové rovnice";"Ondřej Vopička";"Fyzikální chemie II";1;"stavové chování,kubické stavové rovnice";"cvičení";"B403004";;"https://web.microsoftstream.com/video/9c151611-3ff8-41d1-aba2-d21197278215";1
"https://vscht.sharepoint.com/sites/403-O365-videastavufyziklnchemie/_layouts/15/stream.aspx?UniqueId=4e010a30%2D04df%2D5829%2D3a9f%2D326ea35f950d&Translate=false&referrer=StreamWebApp%2EWeb&referrerScenario=AddressBarCopied%2Eview%2E80fe8f74%2D2196%2D44d0%2D808d%2D33539c7a60f9";"Příklad 3, 55/43 – tlakový viriální rozvoj";"Ondřej Vopička";"Fyzikální chemie II";1;"stavové chování,tlakový viriálový rozvoj";"cvičení";"B403004";;"https://web.microsoftstream.com/video/d14c6761-523b-4fd8-8a4a-25139893cfea";1
"https://vscht.sharepoint.com/sites/403-O365-videastavufyziklnchemie/_layouts/15/stream.aspx?UniqueId=d47353fa%2Dfc81%2D5bca%2D6e98%2Dad393abc6e32&Translate=false&referrer=StreamWebApp%2EWeb&referrerScenario=AddressBarCopied%2Eview%2E8be7fca2%2Df35c%2D475a%2D9900%2Dffabc63ea64c";"Příklad 4, 57/43 – objemový viriální rozvoj";"Ondřej Vopička";"Fyzikální chemie II";1;"stavové chování,objemový viriálový rozvoj";"cvičení";"B403004";;"https://web.microsoftstream.com/video/86280a34-93d7-471d-8d34-c8f431aa1782";1
"https://vscht.sharepoint.com/sites/403-O365-videastavufyziklnchemie/_layouts/15/stream.aspx?UniqueId=fe592b93%2Da980%2D5f8c%2Dc19a%2D6a9585693cdd&Translate=false&referrer=StreamWebApp%2EWeb&referrerScenario=AddressBarCopied%2Eview%2Ed26a1a47%2D925c%2D45de%2Da12e%2Da83972b40d01";"Příklad 5, 60/43 – obj. viriální rozvoj, identifikace nefyzikálního řešení";"Ondřej Vopička";"Fyzikální chemie II";1;"stavové chování,objemový viriálový rozvoj,identifikace nefyzikálního řešení";"cvičení";"B403004";;"https://web.microsoftstream.com/video/c0337e56-359c-46f0-83d8-4cd998949f14";1
"https://vscht.sharepoint.com/sites/403-O365-videastavufyziklnchemie/_layouts/15/stream.aspx?UniqueId=cda5a260%2Defde%2D5313%2Dc6d9%2Deca13be84c4d&Translate=false&referrer=StreamWebApp%2EWeb&referrerScenario=AddressBarCopied%2Eview%2E80a7255d%2D1e71%2D45e1%2Dafa0%2D92a447b115e8";"Příklad 5B, 60/43 – obj.viriální rozvoj, identifikace nefyzikálního řešení";"Ondřej Vopička";"Fyzikální chemie II";1;"stavové chování,objemový viriálový rozvoj,identifikace nefyzikálního řešení";"cvičení";"B403004";;"https://web.microsoftstream.com/video/a0cfb9a8-589e-447c-a331-590fa451287e";1
"https://vscht.sharepoint.com/sites/403-O365-videastavufyziklnchemie/_layouts/15/stream.aspx?UniqueId=ff39da6a%2De1d3%2D56d8%2Df7df%2D0fc70045df36&Translate=false&referrer=StreamWebApp%2EWeb&referrerScenario=AddressBarCopied%2Eview%2E9b34afaf%2D631f%2D41b2%2Db3f7%2Da1d7288ac590";"Příklad 6, 62/44 – van der Waals + viriál";"Ondřej Vopička";"Fyzikální chemie II";1;"stavové chování,van der Waalsova rovnice,viriálový rozvoj,VDW";"cvičení";"B403004";;"https://web.microsoftstream.com/video/dc40a0e6-a68d-4795-a55d-1555f3e76014";1
"https://vscht.sharepoint.com/sites/403-O365-videastavufyziklnchemie/_layouts/15/stream.aspx?UniqueId=408d35a5%2Dfed1%2D523e%2Dfe17%2D782a15ee6267&Translate=false&referrer=StreamWebApp%2EWeb&referrerScenario=AddressBarCopied%2Eview%2E60876697%2D3ddf%2D4cb8%2Da5c9%2Dcc80f82f548c";"Příklad 6, 66/44 – Boyleova teplota";"Ondřej Vopička";"Fyzikální chemie II";1;"stavové chování,Boyleova teplota";"cvičení";"B403004";;"https://web.microsoftstream.com/video/c75c4a28-61e6-4dd7-a726-e661561cabde";1
"https://vscht.sharepoint.com/sites/403-O365-videastavufyziklnchemie/_layouts/15/stream.aspx?UniqueId=255ecf32%2De675%2D563e%2Da91f%2D07b2e43cbf55&Translate=false&referrer=StreamWebApp%2EWeb&referrerScenario=AddressBarCopied%2Eview%2E13b9cbb5%2D7c0b%2D42a0%2Da1cb%2D2e35b50ba9e4";"Příklad 1, 91/46 – TKS, výpočet Vm";"Ondřej Vopička";"Fyzikální chemie II";2;"stavové chování,teorém korespondujících stavů,molární objem,TKS,Vm";"cvičení";"B403004";;"https://web.microsoftstream.com/video/ba33d84a-14de-43e8-89c0-92ca63ff3397";1
"https://vscht.sharepoint.com/sites/403-O365-videastavufyziklnchemie/_layouts/15/stream.aspx?UniqueId=a858677c%2D4e73%2D584c%2D8e89%2D641a9d7ff048&Translate=false&referrer=StreamWebApp%2EWeb&referrerScenario=AddressBarCopied%2Eview%2E7d0e97d9%2D6df9%2D4943%2Da480%2Dc20dd56794c5";"Příklad 2, 93/46 – TKS, výpočet p";"Ondřej Vopička";"Fyzikální chemie II";2;"stavové chování,teorém korespondujících stavů,tlak,TKS,p";"cvičení";"B403004";;"https://web.microsoftstream.com/video/22ac99c5-8c6b-4ff8-ade3-fc34465eca14";1
"https://vscht.sharepoint.com/sites/403-O365-videastavufyziklnchemie/_layouts/15/stream.aspx?UniqueId=5d7b6f97%2Dd4b3%2D5429%2D6796%2Dcc2c6d10c87e&Translate=false&referrer=StreamWebApp%2EWeb&referrerScenario=AddressBarCopied%2Eview%2E7c8cde48%2D55c7%2D409e%2Da557%2Dee4b44991e28";"Příklad 3, 99/47 – směsi a van der Waalsova rovnice";"Ondřej Vopička";"Fyzikální chemie II";2;"stavové chování směsí,van der Waalsova rovnice,VDW";"cvičení";"B403004";;"https://web.microsoftstream.com/video/3e3ae950-8861-47da-ac02-96341650f01d";1
"https://vscht.sharepoint.com/sites/403-O365-videastavufyziklnchemie/_layouts/15/stream.aspx?UniqueId=2adf51a0%2D58fe%2D50b9%2Db715%2Deb6ce7bc372e&Translate=false&referrer=StreamWebApp%2EWeb&referrerScenario=AddressBarCopied%2Eview%2Ebdfa7076%2D7da6%2D4537%2Db735%2D8370ed549062";"Příklad 4, 103/47 – směsi a TKS";"Ondřej Vopička";"Fyzikální chemie II";2;"stavové chování směsí,teorém korespondujících stavů,TKS";"cvičení";"B403004";;"https://web.microsoftstream.com/video/f5430f15-cf5d-4feb-997d-c6db59cdb359";1
"https://vscht.sharepoint.com/sites/403-O365-videastavufyziklnchemie/_layouts/15/stream.aspx?UniqueId=38fd3844%2D0f18%2D5316%2Db07b%2D2dfb3362e5e2&Translate=false&referrer=StreamWebApp%2EWeb&referrerScenario=AddressBarCopied%2Eview%2Eedaff220%2Db151%2D4026%2D9dca%2De10402b4a04f";"Příklad 5, 105/47 – směsi a TKS";"Ondřej Vopička";"Fyzikální chemie II";2;"stavové chování směsí,teorém korespondujících stavů,TKS";"cvičení";"B403004";;"https://web.microsoftstream.com/video/a6237f63-894b-4e5a-a781-8b6fd40e7bb9";1
"https://vscht.sharepoint.com/sites/403-O365-videastavufyziklnchemie/_layouts/15/stream.aspx?UniqueId=d10de55a%2Dee29%2D5abe%2Dfada%2Db56e7467f0d0&Translate=false&referrer=StreamWebApp%2EWeb&referrerScenario=AddressBarCopied%2Eview%2E72953fb3%2D8713%2D48af%2Daf2d%2Dcd92ffc77527";"Příklad 6, 113/48 – koeficient izobarické roztažnosti";"Ondřej Vopička";"Fyzikální chemie II";2;"stavové chování kapalin,koeficient izobarické roztažnosti";"cvičení";"B403004";;"https://web.microsoftstream.com/video/4523c4cf-5e64-486f-949f-de7ef0a80187";1
"https://vscht.sharepoint.com/sites/403-O365-videastavufyziklnchemie/_layouts/15/stream.aspx?UniqueId=b9400b1e%2Dcf45%2D56f3%2Ddcb2%2D4dfa15b32029&Translate=false&referrer=StreamWebApp%2EWeb&referrerScenario=AddressBarCopied%2Eview%2E7e86375a%2Dbebe%2D4ff9%2Da16a%2Dcc0ed3402d3c";"Příklad 7, 114/49 – koeficienty (alfap, kapaT, gamaV)";"Ondřej Vopička";"Fyzikální chemie II";2;"stavové chování kapalin,koeficient izobarické roztažnosti,koeficient izotermické stlačitelnosti,koeficient izochorické rozpínavosti";"cvičení";"B403004";;"https://web.microsoftstream.com/video/e06683fd-3511-42be-a34c-968f7e4c365d";1
"https://vscht.sharepoint.com/sites/403-O365-videastavufyziklnchemie/_layouts/15/stream.aspx?UniqueId=5e1295ce%2D9427%2D5ba0%2D1dd2%2Dbc22791043c7&Translate=false&referrer=StreamWebApp%2EWeb&referrerScenario=AddressBarCopied%2Eview%2E728a10e6%2D92ec%2D4d75%2Dbbe3%2Ddadaacd49d96";"Příklad 1, 117/49 – Rackettova rovnice";"Ondřej Vopička";"Fyzikální chemie II";3;"stavové chování kapalin,Rackettova rovnice";"cvičení";"B403004";;"https://web.microsoftstream.com/video/5bff0733-acf1-47b2-becb-48665f399e48";1
"https://vscht.sharepoint.com/sites/403-O365-videastavufyziklnchemie/_layouts/15/stream.aspx?UniqueId=6325de03%2D8303%2D532a%2Dfe50%2Dd39905b88d03&Translate=false&referrer=StreamWebApp%2EWeb&referrerScenario=AddressBarCopied%2Eview%2E8c4ae7b7%2Da136%2D43ac%2D9db0%2D892fdba8f2a0";"Příklad 2, 69/149 – Gibbsova energie a entropie";"Ondřej Vopička";"Fyzikální chemie II";3;"termodynamické funkce,změna Gibbsovy energie s teplotou,změna entropie s teplotou,Gibbsova energie,G,S";"cvičení";"B403004";;"https://web.microsoftstream.com/video/f450e92a-2a0e-4a17-931d-f252a5fe14ff";1
"https://vscht.sharepoint.com/sites/403-O365-videastavufyziklnchemie/_layouts/15/stream.aspx?UniqueId=97cc20e1%2D4f2b%2D5416%2D1191%2D6a1964579655&Translate=false&referrer=StreamWebApp%2EWeb&referrerScenario=AddressBarCopied%2Eview%2Ec3c10c0e%2D0512%2D42ea%2Db591%2Df2f2f782f7cf";"Příklad 3, 76/149 – Gibbsova energie, komprese, tlakový viriální rozvoj";"Ondřej Vopička";"Fyzikální chemie II";3;"termodynamické funkce,změna Gibbsovy energie s tlakem,reálný plyn,ideální plyn,Gibbsova energie,G";"cvičení";"B403004";;"https://web.microsoftstream.com/video/d3cf3e84-c92a-4ab1-8b13-389a0397f464";1
"https://vscht.sharepoint.com/sites/403-O365-videastavufyziklnchemie/_layouts/15/stream.aspx?UniqueId=ddb705d9%2D8374%2D5c50%2D9c74%2D299a06d4ca59&Translate=false&referrer=StreamWebApp%2EWeb&referrerScenario=AddressBarCopied%2Eview%2Edfae6d46%2D17b0%2D4b93%2Db281%2De49e58a5a001";"Příklad 4, 27/76 – práce, komprese, objemový viriální rozvoj";"Ondřej Vopička";"Fyzikální chemie II";3;"práce,komprese reálného plynu,objemový viriálový rozvoj,reálný plyn,W";"cvičení";"B403004";;"https://web.microsoftstream.com/video/2e6bb19b-87d2-4a50-b7b9-6e76dd86ee6a";1
"https://vscht.sharepoint.com/sites/403-O365-videastavufyziklnchemie/_layouts/15/stream.aspx?UniqueId=bb562fb9%2Ddc0a%2D5f8e%2D39a2%2D5841a4a081f4&Translate=false&referrer=StreamWebApp%2EWeb&referrerScenario=AddressBarCopied%2Eview%2Ed6a7e7c0%2D58fd%2D4820%2D9cca%2De1353ca2bac2";"Příklad 5, 77/81 – práce, adiabatická a izotermní vratná komprese";"Ondřej Vopička";"Fyzikální chemie II";3;"práce,adiabatická vratná komprese,izotermická vratná komprese,W";"cvičení";"B403004";;"https://web.microsoftstream.com/video/bc25a29b-d9a8-4861-a1d4-8e8886972695";1
"https://vscht.sharepoint.com/sites/403-O365-videastavufyziklnchemie/_layouts/15/stream.aspx?UniqueId=762ab91c%2Dfc06%2D5f43%2D2055%2D45165e704c05&Translate=false&referrer=StreamWebApp%2EWeb&referrerScenario=AddressBarCopied%2Eview%2E462de901%2D2703%2D42f1%2Da4dc%2Dd633ef9a81f6";"Příklad 6, 75/81 – práce, adiabatická nevratná expanze";"Ondřej Vopička";"Fyzikální chemie II";3;"práce,adiabatická nevratná expanze,W";"cvičení";"B403004";;"https://web.microsoftstream.com/video/bc928c43-3639-4ed9-aab2-a124f185d5fb";1
"https://vscht.sharepoint.com/sites/403-O365-videastavufyziklnchemie/_layouts/15/stream.aspx?UniqueId=a398640c%2D2e55%2D5760%2Daf0a%2D446fc07747cb&Translate=false&referrer=StreamWebApp%2EWeb&referrerScenario=AddressBarCopied%2Eview%2E4e48da4b%2Df6a4%2D417f%2Da858%2D1f59760b4350";"Příklad 7, 105/153 – změny U, S, F a izotermní expanze";"Ondřej Vopička";"Fyzikální chemie II";3;"termodynamické funkce,izotermická expanze reálného plynu,van der Waals,VDW,vnitřní energie,entropie,Helmholtzova energie,reálný plyn,U,F,S";"cvičení";"B403004";;"https://web.microsoftstream.com/video/69edf498-6c70-48d3-83c5-17b96605e900";1
"https://vscht.sharepoint.com/sites/403-O365-videastavufyziklnchemie/_layouts/15/stream.aspx?UniqueId=76db4a3c%2D5ee2%2D5f83%2D1ceb%2D2520d7acab6f&Translate=false&referrer=StreamWebApp%2EWeb&referrerScenario=AddressBarCopied%2Eview%2Ed30b66c2%2D24e6%2D4024%2Da55f%2D4615d8399f12";"Příklad 1, 29/76 – izotermni komprese reálného plynu, virialni rozvoj";"Ondřej Vopička";"Fyzikální chemie II";4;"izotermická komprese reálného plynu,viriálový rozvoj";"cvičení";"B403004";;"https://web.microsoftstream.com/video/ef498702-457c-4507-8fea-5ff7d9082d3a";1
"https://vscht.sharepoint.com/sites/403-O365-videastavufyziklnchemie/_layouts/15/stream.aspx?UniqueId=846e0017%2D98b2%2D528e%2Dd06e%2Def3d1a566544&Translate=false&referrer=StreamWebApp%2EWeb&referrerScenario=AddressBarCopied%2Eview%2E25d93dcc%2D374c%2D428d%2D8d03%2D25073a913902";"Příklad 2, 122/155 – Jouleův–Thompsonův koeficient, inverzní teplota";"Ondřej Vopička";"Fyzikální chemie II";4;"Jouleův–Thompsonův koeficient,tepelná kapacita,inverzní teplota,Cp";"cvičení";"B403004";;"https://web.microsoftstream.com/video/63a57d00-1b08-4342-9c62-2ea98ee0ad4f";1
"https://vscht.sharepoint.com/sites/403-O365-videastavufyziklnchemie/_layouts/15/stream.aspx?UniqueId=1e0e4e1a%2D9241%2D51a9%2D02b8%2Da427825de9d3&Translate=false&referrer=StreamWebApp%2EWeb&referrerScenario=AddressBarCopied%2Eview%2E9e746bb4%2Db57e%2D49c2%2D9f46%2Daa179774926a";"Příklad 3, 86/150 – změna Gibbsovy energie pro tání ledu při –10 °C";"Ondřej Vopička";"Fyzikální chemie II";4;"změna Gibbsovy energie,tání ledu,Gibbsova energie";"cvičení";"B403004";;"https://web.microsoftstream.com/video/cb6c955a-b958-4ff3-8d93-e962f62dc28e";1
"https://vscht.sharepoint.com/sites/403-O365-videastavufyziklnchemie/_layouts/15/stream.aspx?UniqueId=cf8a5d68%2D2ffb%2D5d06%2D9bdc%2D6028e6cdd6be&Translate=false&referrer=StreamWebApp%2EWeb&referrerScenario=AddressBarCopied%2Eview%2E6107fab9%2D9f52%2D43e6%2D8327%2Dd654d5cca276";"Příklad 4, 91/151 – fugacita plynu a výpočet z kompresibilitního faktoru";"Ondřej Vopička";"Fyzikální chemie II";4;"fugacita plynu,kompresibilitní faktor";"cvičení";"B403004";;"https://web.microsoftstream.com/video/66fddd80-04f8-4d7d-a613-26068f56cb91";1
"https://vscht.sharepoint.com/sites/403-O365-videastavufyziklnchemie/_layouts/15/stream.aspx?UniqueId=5c7c51d9%2D3631%2D5ad1%2D1691%2Dca9e1f477b46&Translate=false&referrer=StreamWebApp%2EWeb&referrerScenario=AddressBarCopied%2Eview%2E8b50db12%2D2f27%2D462a%2D8dcc%2Dd642792cd9ae";"Příklad 5, 92/151 – fugacita plynu a výpočet pomocí generalizovaného diagramu";"Ondřej Vopička";"Fyzikální chemie II";4;"fugacita plynu,generalizovaný diagram";"cvičení";"B403004";;"https://web.microsoftstream.com/video/d68f2f1f-d54b-4da4-905b-10258a29734c";1
"https://vscht.sharepoint.com/sites/403-O365-videastavufyziklnchemie/_layouts/15/stream.aspx?UniqueId=56fc6dd3%2D6268%2D5510%2D124b%2D3697bd3baa5b&Translate=false&referrer=StreamWebApp%2EWeb&referrerScenario=AddressBarCopied%2Eview%2Eb54c1dca%2D965b%2D4598%2D8d60%2D4f0a4dd00e60";"Příklad 6, 98/151 – fugacita nasycené páry a fugacita kapaliny (vliv tlaku)";"Ondřej Vopička";"Fyzikální chemie II";4;"fugacita nasycené páry,stabilita fází,kapalná fáze,parní fáze";"cvičení";"B403004";;"https://web.microsoftstream.com/video/9171bf30-7d0e-4549-a646-82098d6ed030";1
"https://vscht.sharepoint.com/sites/403-O365-videastavufyziklnchemie/_layouts/15/stream.aspx?UniqueId=e1c0e775%2D3ea0%2D5c73%2Db754%2Dc31ffc51f717&Translate=false&referrer=StreamWebApp%2EWeb&referrerScenario=AddressBarCopied%2Eview%2Eb1a7b8a1%2Dbc72%2D4c2b%2Dac4a%2Dc77a299ef77c";"Příklad 1, 6/177 – H, S, G ideální plynné směsi, komprese";"Ondřej Vopička";"Fyzikální chemie II";5;"směšování, ideální plyn,komprese,entalpie,entropie,Gibbsova energie,H,S,G";"cvičení";"B403004";;"https://web.microsoftstream.com/video/ec7b0233-2bda-4cb3-8ce4-4928a7e0c9af";1
"https://vscht.sharepoint.com/sites/403-O365-videastavufyziklnchemie/_layouts/15/stream.aspx?UniqueId=ef07a480%2D020c%2D50fc%2Df273%2D9544e7b0860a&Translate=false&referrer=StreamWebApp%2EWeb&referrerScenario=AddressBarCopied%2Eview%2E424be020%2D32dc%2D4cc0%2D9cd0%2Dc19b1ca91e0a";"Příklad 2, 8/177 – H, S, G reálné kapalné směsi, HE, SE";"Ondřej Vopička";"Fyzikální chemie II";5;"směšování,reálná směs,entalpie,entropie,H,S,HE,SE";"cvičení";"B403004";;"https://web.microsoftstream.com/video/c6e9f1ad-43a1-4b5c-9304-a4fa4af0ff2a";1
"https://vscht.sharepoint.com/sites/403-O365-videastavufyziklnchemie/_layouts/15/stream.aspx?UniqueId=31319d24%2D3999%2D5632%2Da6eb%2Da67d4ff3cd22&Translate=false&referrer=StreamWebApp%2EWeb&referrerScenario=AddressBarCopied%2Eview%2Ef4751027%2D0e41%2D4aa7%2D84e4%2D55aabcb38f6f";"Příklad 3, 10/178 – dodatkový objem";"Ondřej Vopička";"Fyzikální chemie II";5;"dodatkový objem,reálný kapalný roztok,reálná směs";"cvičení";"B403004";;"https://web.microsoftstream.com/video/31ec5082-3752-4442-8b79-ca07cbc1d52d";1
"https://vscht.sharepoint.com/sites/403-O365-videastavufyziklnchemie/_layouts/15/stream.aspx?UniqueId=c672f727%2D19bb%2D596a%2D7d37%2D2a29f8170a2d&Translate=false&referrer=StreamWebApp%2EWeb&referrerScenario=AddressBarCopied%2Eview%2E27d460e0%2D77e7%2D4506%2Db48f%2D2061df81b1ad";"Příklad 4, 22/179 – parciální molárni objem";"Ondřej Vopička";"Fyzikální chemie II";5;"parciální molární objem";"cvičení";"B403004";;"https://web.microsoftstream.com/video/9c0c49e3-5cfb-443a-af26-923933c329d4";1
"https://vscht.sharepoint.com/sites/403-O365-videastavufyziklnchemie/_layouts/15/stream.aspx?UniqueId=7a187de6%2D731d%2D5c54%2Ddef9%2D0664ca765f1e&Translate=false&referrer=StreamWebApp%2EWeb&referrerScenario=AddressBarCopied%2Eview%2E9671d9ae%2Df3a9%2D48b6%2Da98c%2Dea6588dfad5d";"Příklad 5, 55/183 – aktivitní koeficient, GE, GM";"Ondřej Vopička";"Fyzikální chemie II";5;"aktivitní koeficient,reálný kapalný roztok,GE,GM";"cvičení";"B403004";;"https://web.microsoftstream.com/video/15724fd4-4335-4d01-8d42-f0b0737deb42";1
"https://vscht.sharepoint.com/sites/403-O365-videastavufyziklnchemie/_layouts/15/stream.aspx?UniqueId=5c05b740%2D14a2%2D50d2%2Daecb%2D85b4796c2cd2&Translate=false&referrer=StreamWebApp%2EWeb&referrerScenario=AddressBarCopied%2Eview%2E8feb237c%2Dd383%2D41fe%2D8cc2%2Ddcea8e12ab38";"Příklad 6, 63/184 – střední aktivita elektrolytu";"Ondřej Vopička";"Fyzikální chemie II";5;"střední aktivita elektrolytu,reálný kapalný roztok";"cvičení";"B403004";;"https://web.microsoftstream.com/video/11c8391a-a834-4f4b-8a8b-1a39fe51990d";1
"https://vscht.sharepoint.com/sites/403-O365-videastavufyziklnchemie/_layouts/15/stream.aspx?UniqueId=5cce74ac%2D880b%2D500b%2D6263%2De7a3a043fdd2&Translate=false&referrer=StreamWebApp%2EWeb&referrerScenario=AddressBarCopied%2Eview%2Eaa51b36c%2Dd830%2D4104%2Daff7%2D0e00d1949109";"Příklad 1, 40/115 – těkavý azeotrop, aktiv. koef., p–x–y a y–x diagramy";"Ondřej Vopička";"Fyzikální chemie II";6;"těkavý azeotrop,aktivitní koeficient,p-x-y diagram,y-x diagram,rovnováha kapalina-pára";"cvičení";"B403004";;"https://web.microsoftstream.com/video/fece46ab-e5a9-4639-89b3-5eab6566c934";1
"https://vscht.sharepoint.com/sites/403-O365-videastavufyziklnchemie/_layouts/15/stream.aspx?UniqueId=437aebbb%2D3f6c%2D579f%2D4a99%2D051c649f6964&Translate=false&referrer=StreamWebApp%2EWeb&referrerScenario=AddressBarCopied%2Eview%2E6cd71721%2Da504%2D4e91%2Da428%2D4a3dc303b9ac";"Příklad 2, 41/115 – existence azeotropu";"Ondřej Vopička";"Fyzikální chemie II";6;"azeotrop,regulární roztok";"cvičení";"B403004";;"https://web.microsoftstream.com/video/19ca227a-7bbb-4f74-a386-cc2eac4ab592";1
"https://vscht.sharepoint.com/sites/403-O365-videastavufyziklnchemie/_layouts/15/stream.aspx?UniqueId=7f3e9d8f%2D5cb7%2D5d85%2D873c%2D90a90f68345b&Translate=false&referrer=StreamWebApp%2EWeb&referrerScenario=AddressBarCopied%2Eview%2E4937d6f1%2Dca13%2D4f9c%2Da06a%2D38ea20691bc5";"Příklad 3, 63/118 – destilace nemísitelných kapalin";"Ondřej Vopička";"Fyzikální chemie II";6;"destilace nemísitelných kapalin,destilace s vodní párou";"cvičení";"B403004";;"https://web.microsoftstream.com/video/ecc1c425-0e62-4b58-adc5-9bea72752554";1
"https://vscht.sharepoint.com/sites/403-O365-videastavufyziklnchemie/_layouts/15/stream.aspx?UniqueId=a47bccb6%2D391d%2D5113%2Dc25a%2Da53a8a69326c&Translate=false&referrer=StreamWebApp%2EWeb&referrerScenario=AddressBarCopied%2Eview%2Eb1f4f342%2D027d%2D4e63%2D86eb%2D8f898b2e2fb4";"Příklad 4, 81/121 – ideální rozpustnost";"Ondřej Vopička";"Fyzikální chemie II";6;"ideální rozpustnost";"cvičení";"B403004";;"https://web.microsoftstream.com/video/43dc9e68-7ab9-44fb-b757-e0246f83f40c";1
"https://vscht.sharepoint.com/sites/403-O365-videastavufyziklnchemie/_layouts/15/stream.aspx?UniqueId=6febf183%2D670e%2D5a99%2Dc754%2Dbdd574805a32&Translate=false&referrer=StreamWebApp%2EWeb&referrerScenario=AddressBarCopied%2Eview%2E24bdae49%2D7073%2D45f5%2Dadbe%2Dc616553cff85";"Příklad 5, 49/116 – Henryho zakon";"Ondřej Vopička";"Fyzikální chemie II";6;"Henryho zákon,rozpustnost plynů v kapalinách";"cvičení";"B403004";;"https://web.microsoftstream.com/video/0a8b37ba-c661-47c0-9851-963ea70538fa";1
"https://vscht.sharepoint.com/sites/403-O365-videastavufyziklnchemie/_layouts/15/stream.aspx?UniqueId=702bf9ec%2D7693%2D5d42%2D075e%2Dd7611151afdd&Translate=false&referrer=StreamWebApp%2EWeb&referrerScenario=AddressBarCopied%2Eview%2E7b8774fb%2D7b97%2D49ef%2Db0e0%2D3eb2c78b40a5";"Příklad 6, 53/117 – Henryho zakon, teplotní závislost";"Ondřej Vopička";"Fyzikální chemie II";6;"Henryho zákon,rozpustnost plynů v kapalinách";"cvičení";"B403004";;"https://web.microsoftstream.com/video/09a81438-653b-4086-80a1-2ca6f5b96071";1
"https://vscht.sharepoint.com/sites/403-O365-videastavufyziklnchemie/_layouts/15/stream.aspx?UniqueId=d66fd4e7%2D3e43%2D5bf3%2De8f5%2D49cb58d12232&Translate=false&referrer=StreamWebApp%2EWeb&referrerScenario=AddressBarCopied%2Eview%2Edc41b577%2D1cff%2D447c%2Da535%2D9cf26d189bec";"Příklad 1, 89/122 – kryoskopie";"Ondřej Vopička";"Fyzikální chemie II";6;"kryoskopie";"cvičení";"B403004";;"https://web.microsoftstream.com/video/c6e42c62-4c7c-4a8e-ae93-b993f4e5ffba";1
"https://vscht.sharepoint.com/sites/403-O365-videastavufyziklnchemie/_layouts/15/stream.aspx?UniqueId=46de1c9c%2D046c%2D5131%2D998d%2D7a496e790fa5&Translate=false&referrer=StreamWebApp%2EWeb&referrerScenario=AddressBarCopied%2Eview%2Eb0b9584a%2D5cb4%2D4555%2D8e86%2Dcf92270ebcba";"Příklad 2, 56/248 – určení směru chemické reakce";"Ondřej Vopička";"Fyzikální chemie II";7;"směr chemické reakce";"cvičení";"B403004";;"https://web.microsoftstream.com/video/97fdcd01-3cb6-4a78-ba59-471f4afd484a";1
"https://vscht.sharepoint.com/sites/403-O365-videastavufyziklnchemie/_layouts/15/stream.aspx?UniqueId=1a96503a%2Dbb42%2D59e8%2D8ff5%2D2a15636154cd&Translate=false&referrer=StreamWebApp%2EWeb&referrerScenario=AddressBarCopied%2Eview%2E734fe0e7%2Da8d1%2D4e8e%2Db0ca%2D8eb01b90b4b6";"Příklad 3, část 1, 47/246 – nestechometrické dávkování, chemická rovnováha";"Ondřej Vopička";"Fyzikální chemie II";7;"nestechometrické dávkování,chemická rovnováha,plyn,tuhá fáze";"cvičení";"B403004";;"https://web.microsoftstream.com/video/26b56c08-c926-4664-b552-9378f87c9397";1
"https://vscht.sharepoint.com/sites/403-O365-videastavufyziklnchemie/_layouts/15/stream.aspx?UniqueId=371a1374%2D6154%2D5f19%2D09d2%2Dc81da6c923c7&Translate=false&referrer=StreamWebApp%2EWeb&referrerScenario=AddressBarCopied%2Eview%2Ea2c6c759%2D41e4%2D4cf2%2D87d9%2Dfbdd0f55c184";"Příklad 3, část 2, 47/246 – nestechometrické dávkování, chemická rovnováha";"Ondřej Vopička";"Fyzikální chemie II";7;"nestechometrické dávkování,chemická rovnováha,plyn,tuhá fáze";"cvičení";"B403004";;"https://web.microsoftstream.com/video/2fd2d47d-d26a-4f11-9ffc-8034a3e1dfd8";1
"https://vscht.sharepoint.com/sites/403-O365-videastavufyziklnchemie/_layouts/15/stream.aspx?UniqueId=07edffc9%2Da470%2D56fc%2Dfdec%2Dfbf98f77c816&Translate=false&referrer=StreamWebApp%2EWeb&referrerScenario=AddressBarCopied%2Eview%2Ee09c9b41%2D42e1%2D4c5c%2Db54d%2D47a8f125f768";"Příklad 4, 3/vzor. test – nestechometrické dávkování, zvýšený tlak";"Ondřej Vopička";"Fyzikální chemie II";7;"nestechometrické dávkování,zvýšený tlak,bilance";"cvičení";"B403004";;"https://web.microsoftstream.com/video/53de5c46-a78c-453e-ae45-7de9300b9c9e";1
"https://vscht.sharepoint.com/sites/403-O365-videastavufyziklnchemie/_layouts/15/stream.aspx?UniqueId=c8af3f34%2Dc154%2D5af9%2Dd2ff%2D562d4dcd4c1e&Translate=false&referrer=StreamWebApp%2EWeb&referrerScenario=AddressBarCopied%2Eview%2E1b0f8a04%2D3d01%2D4e99%2D890e%2D7aae5e09109a";"Příklad 5, část 1, 80/251–  pyrolýza";"Ondřej Vopička";"Fyzikální chemie II";7;"pyrolýza,rovnováha,spřažene reakce,bilance";"cvičení";"B403004";;"https://web.microsoftstream.com/video/a170c075-e26f-474f-bf1c-8d7645f2752c";1
"https://vscht.sharepoint.com/sites/403-O365-videastavufyziklnchemie/_layouts/15/stream.aspx?UniqueId=00d7e32c%2Dcb3f%2D5527%2D53d3%2De7f0fd29c3fb&Translate=false&referrer=StreamWebApp%2EWeb&referrerScenario=AddressBarCopied%2Eview%2E5d36f860%2D4a70%2D4561%2Daf74%2D30cc8d7e612b";"Příklad 5, část 2, 80/251, pyrolýza";"Ondřej Vopička";"Fyzikální chemie II";7;"pyrolýza,rovnováha,spřažene reakce,bilance";"cvičení";"B403004";;"https://web.microsoftstream.com/video/d5ce7546-5dc2-44dd-b371-f8ffb8fb44e2";1
"https://vscht.sharepoint.com/sites/403-O365-videastavufyziklnchemie/_layouts/15/stream.aspx?UniqueId=6b472144%2Dcffe%2D52b1%2D9f02%2D943ec7dafd6e&Translate=false&referrer=StreamWebApp%2EWeb&referrerScenario=AddressBarCopied%2Eview%2Ec4f65623%2D08ac%2D4020%2Db058%2Db23bedbfebd1";"Příklad 1, 107/255 – pH, disociační konstanta, ideální roztok";"Ondřej Vopička";"Fyzikální chemie II";8;"pH,disociačni konstanta,ideální roztok,slabá báze,methylamin";"cvičení";"B403004";;"https://web.microsoftstream.com/video/8ff1b1ad-59c4-484f-8373-3669a49c2a57";1
"https://vscht.sharepoint.com/sites/403-O365-videastavufyziklnchemie/_layouts/15/stream.aspx?UniqueId=03759657%2Db5c0%2D50e0%2D7ca8%2D685d97e0b6d9&Translate=false&referrer=StreamWebApp%2EWeb&referrerScenario=AddressBarCopied%2Eview%2E0fbf1099%2D3dbf%2D4aa9%2D83b6%2D6096646246e5";"Příklad 2, 106/255 – pH, disociační konstanta, reálný roztok";"Ondřej Vopička";"Fyzikální chemie II";8;"pH,disociačni konstanta,reáný roztok,slabá kyselina,chloroctová kyselina";"cvičení";"B403004";;"https://web.microsoftstream.com/video/b68f266e-e087-4eda-98ba-720efe3c396c";1
"https://vscht.sharepoint.com/sites/403-O365-videastavufyziklnchemie/_layouts/15/stream.aspx?UniqueId=c061a354%2De06b%2D5dff%2D0c68%2D568c94c97931&Translate=false&referrer=StreamWebApp%2EWeb&referrerScenario=AddressBarCopied%2Eview%2E69a6d1e0%2D4465%2D47aa%2D911b%2D8fb991d62279";"Příklad 3, 116/256 – součin rozpustnosti MgF2";"Ondřej Vopička";"Fyzikální chemie II";8;"součin rozpustnosti,reálný roztok,MgF2";"cvičení";"B403004";;"https://web.microsoftstream.com/video/597fc1dd-6103-4a4a-b19a-af70ccedbc8c";1
"https://vscht.sharepoint.com/sites/403-O365-videastavufyziklnchemie/_layouts/15/stream.aspx?UniqueId=e70d28b0%2Dade4%2D5c78%2D040d%2Dc449d65d5942&Translate=false&referrer=StreamWebApp%2EWeb&referrerScenario=AddressBarCopied%2Eview%2Ee506cfb7%2Dc287%2D4b35%2D9754%2D0f5cc91aa5b5";"Příklad 4–a, 121/257 – promývaní srazeniny Pb(IO3)2 různými roztoky";"Ondřej Vopička";"Fyzikální chemie II";8;"promývání sraženiny,realný roztok,Pb(IO3)2";"cvičení";"B403004";;"https://web.microsoftstream.com/video/71fb0c8b-85bf-4494-a23e-4d7bdb6fe767";1
"https://vscht.sharepoint.com/sites/403-O365-videastavufyziklnchemie/_layouts/15/stream.aspx?UniqueId=65455c97%2D161f%2D5e84%2D2c1f%2Db84b0429cac6&Translate=false&referrer=StreamWebApp%2EWeb&referrerScenario=AddressBarCopied%2Eview%2E42d9ed9e%2D6c25%2D4e1e%2D952b%2D82ae31dee0c9";"Příklad 4–b, 121/257 – promývaní srazeniny Pb(IO3)2 různými roztoky";"Ondřej Vopička";"Fyzikální chemie II";8;"promývání sraženiny,realný roztok,Pb(IO3)2";"cvičení";"B403004";;"https://web.microsoftstream.com/video/4be7d464-ce9a-4882-9e1a-6ebf41fa113b";1
"https://vscht.sharepoint.com/sites/403-O365-videastavufyziklnchemie/_layouts/15/stream.aspx?UniqueId=66e0622e%2D6fca%2D5a4e%2Db857%2Db5add00a6ef4&Translate=false&referrer=StreamWebApp%2EWeb&referrerScenario=AddressBarCopied%2Eview%2Eef080190%2Def58%2D42ec%2D9f6f%2D45dd7f8e0366";"Příklad 5, 14/36 – odpor, měrná a molární vodivost";"Ondřej Vopička";"Fyzikální chemie II";8;"odpor,merná vodivost,molární vodivost";"cvičení";"B403004";;"https://web.microsoftstream.com/video/f4bf1a10-60cb-45b3-8685-6d51914496b0";1
"https://vscht.sharepoint.com/sites/403-O365-videastavufyziklnchemie/_layouts/15/stream.aspx?UniqueId=68cc7327%2D289c%2D507a%2D2707%2D597ba2b0c7cd&Translate=false&referrer=StreamWebApp%2EWeb&referrerScenario=AddressBarCopied%2Eview%2E33a1187c%2D705b%2D497c%2Db66d%2D4d0cd9be72eb";"Příklad 1, 15/36 – Kohlrauschův zákon, molární vodivost a převodová čísla";"Ondřej Vopička";"Fyzikální chemie II";9;"Kohlrauschův zákon,molární vodivost,převodová čísla,vodivost roztoků elektrolytů";"cvičení";"B403004";;"https://web.microsoftstream.com/video/6c362a00-67c7-42dd-80d7-07c848e92d69";1
"https://vscht.sharepoint.com/sites/403-O365-videastavufyziklnchemie/_layouts/15/stream.aspx?UniqueId=a56ba258%2Db059%2D5afa%2D868e%2Da106e1b77722&Translate=false&referrer=StreamWebApp%2EWeb&referrerScenario=AddressBarCopied%2Eview%2Ecb9de6e5%2De02b%2D4641%2Daa93%2Dc3b997c95674";"Příklad 2, 21/37 – molární vodivost a stupeň disociace";"Ondřej Vopička";"Fyzikální chemie II";9;"molární vodivost,stupeň disociace,disociační konstanta,reálný roztok,benzoová kyselina";"cvičení";"B403004";;"https://web.microsoftstream.com/video/1d2bc23b-8e8d-49c3-aca6-5f5ca0be6f3e";1
"https://vscht.sharepoint.com/sites/403-O365-videastavufyziklnchemie/_layouts/15/stream.aspx?UniqueId=311b4d98%2Dfb85%2D512c%2D9009%2Dde1434245199&Translate=false&referrer=StreamWebApp%2EWeb&referrerScenario=AddressBarCopied%2Eview%2E6d561b9e%2D04d4%2D42b5%2Da9df%2D731393be468f";"Příklad 3, 37/39 – str. aktiv. koef. – elektrochemický článek";"Ondřej Vopička";"Fyzikální chemie II";9;"střední aktivitní koeficient elektrolytu,elektrochemický článek,elektrolyt";"cvičení";"B403004";;"https://web.microsoftstream.com/video/59ca0730-54c1-496e-a05b-d5e8745c007a";1
"https://vscht.sharepoint.com/sites/403-O365-videastavufyziklnchemie/_layouts/15/stream.aspx?UniqueId=756e5d51%2D52d8%2D5d25%2Dcc28%2De6089abcffbb&Translate=false&referrer=StreamWebApp%2EWeb&referrerScenario=AddressBarCopied%2Eview%2E37d0e6d8%2Dc4e6%2D4a44%2Db807%2D2f687218aa10";"Příklad 4, 42/40 – elektroda prvního a druhého druhu: Pb2+/Pb a PbBr2/Pb,Br–";"Ondřej Vopička";"Fyzikální chemie II";9;"elektroda prvního druhu,elektroda druhého druhu,Pb2+/Pb,PbBr2/Pb,Br-";"cvičení";"B403004";;"https://web.microsoftstream.com/video/1a15ae68-3ebb-45db-ba3e-5295a64ce410";1
"https://vscht.sharepoint.com/sites/403-O365-videastavufyziklnchemie/_layouts/15/stream.aspx?UniqueId=8c7a6536%2D3272%2D5351%2D7dbe%2Db01e69117fb1&Translate=false&referrer=StreamWebApp%2EWeb&referrerScenario=AddressBarCopied%2Eview%2E5fefb011%2D012c%2D436f%2D8baf%2D507f5255a9b7";"Příklad 5, 53/41 – závislost EMN na teplote, reakční entalpie";"Ondřej Vopička";"Fyzikální chemie II";9;"závislost napětí na teplotě,reakční entalpie,elektromotorické napětí";"cvičení";"B403004";;"https://web.microsoftstream.com/video/8d2f91c2-7fcf-4adf-91c4-5573047e55b6";1
"https://vscht.sharepoint.com/sites/403-O365-videastavufyziklnchemie/_layouts/15/stream.aspx?UniqueId=1d2d097b%2D5790%2D5749%2Da63e%2D1b463061c2ee&Translate=false&referrer=StreamWebApp%2EWeb&referrerScenario=AddressBarCopied%2Eview%2Ec8536908%2Da39c%2D4b19%2Db97f%2D2285e6a5afc6";"Příklad 1, 22/70 – kinetika 2. řádu, cA0=cB0";"Ondřej Vopička";"Fyzikální chemie II";10;"reakce 2. řádu,A+B->produkty,cA0=cB0 ";"cvičení";"B403004";;"https://web.microsoftstream.com/video/29404af3-a6a1-49b0-a9c6-cf7d6042bc80";1
"https://vscht.sharepoint.com/sites/403-O365-videastavufyziklnchemie/_layouts/15/stream.aspx?UniqueId=5f6b5b96%2Dcd2b%2D5e70%2D4240%2Dfe72c9e46f69&Translate=false&referrer=StreamWebApp%2EWeb&referrerScenario=AddressBarCopied%2Eview%2Eb95ba0dd%2D8d48%2D45f0%2D9a6e%2Da501d40ac225";"Příklad 2, 25/71 – kinetika 2. řádu, cA0≠cB0";"Ondřej Vopička";"Fyzikální chemie II";10;"reakce 2. řádu,A+B->produkty,cA0≠cB0";"cvičení";"B403004";;"https://web.microsoftstream.com/video/1d598541-2c62-4649-8b02-4138bcf4bf45";1
"https://vscht.sharepoint.com/sites/403-O365-videastavufyziklnchemie/_layouts/15/stream.aspx?UniqueId=bf2dbd72%2Ddf3a%2D50de%2D7b7d%2Db7f1de751701&Translate=false&referrer=StreamWebApp%2EWeb&referrerScenario=AddressBarCopied%2Eview%2E18175387%2D336c%2D4afa%2D8b67%2D3a5454925892";"Příklad 3, 26/71 – kinetika 2. řádu v plynné fázi";"Ondřej Vopička";"Fyzikální chemie II";10;"reakce 2. řádu,plynná fáze,rychlostní konstanta,kc,kp";"cvičení";"B403004";;"https://web.microsoftstream.com/video/069f0bdb-1239-41ac-bf2b-01da82c029ba";1
"https://vscht.sharepoint.com/sites/403-O365-videastavufyziklnchemie/_layouts/15/stream.aspx?UniqueId=a806862e%2Dea3b%2D544c%2D4db7%2D9e86489ac7a8&Translate=false&referrer=StreamWebApp%2EWeb&referrerScenario=AddressBarCopied%2Eview%2Ea2073902%2D770e%2D4d3d%2Dae4b%2D33cdba025382";"Příklad 4, 55/76 – kinetika vratné reakce";"Ondřej Vopička";"Fyzikální chemie II";10;"vratná reakce,reakce 1. řádu,zpětná reakce,rychlostní konstanta,rovnovážná konstanta,k1,k2,K";"cvičení";"B403004";;"https://web.microsoftstream.com/video/c78ce047-df0e-4433-997c-fb28c29413e8";1
"https://vscht.sharepoint.com/sites/403-O365-videastavufyziklnchemie/_layouts/15/stream.aspx?UniqueId=38130e12%2D58dc%2D595b%2Dbf3a%2Dd892280b822c&Translate=false&referrer=StreamWebApp%2EWeb&referrerScenario=AddressBarCopied%2Eview%2Ef395600d%2D64cb%2D4306%2Db0ae%2D324f78e6988a";"Příklad 5, 58/76 – následné reakce A–>B–>C, čas maximální konc. B";"Ondřej Vopička";"Fyzikální chemie II";10;"následné reakce,A->B->C";"cvičení";"B403004";;"https://web.microsoftstream.com/video/36ca0cab-93f5-45ab-a096-fe4174cb30fb";1
"https://vscht.sharepoint.com/sites/403-O365-videastavufyziklnchemie/_layouts/15/stream.aspx?UniqueId=9395a834%2Dd7ad%2D571e%2Df8d9%2D0ced8b023a39&Translate=false&referrer=StreamWebApp%2EWeb&referrerScenario=AddressBarCopied%2Eview%2E525f0bb4%2D1327%2D4f0d%2Da899%2D3a1d4061ac86";"Příklad 1, 30/71 – kinetika 1. řádu v plynné fázi";"Ondřej Vopička";"Fyzikální chemie II";11;"reakce 1. řádu,rychlostní konstanta,integrální metoda";"cvičení";"B403004";;"https://web.microsoftstream.com/video/aff81e5b-b90f-44a2-b74a-ff59a24ca7af";1
"https://vscht.sharepoint.com/sites/403-O365-videastavufyziklnchemie/_layouts/15/stream.aspx?UniqueId=70a20592%2D211d%2D588c%2Da5a4%2Df9646f0b5bd2&Translate=false&referrer=StreamWebApp%2EWeb&referrerScenario=AddressBarCopied%2Eview%2E00951102%2D9051%2D4282%2D898b%2Ded1d5d9f8951";"Příklad 2, 53/71 – paralelní reakce 1. řádu, Arrheniův zákon";"Ondřej Vopička";"Fyzikální chemie II";11;"paralelní reakce,reakce 1. řádu,Arrheniova rovnice,rychlostní konstanta";"cvičení";"B403004";;"https://web.microsoftstream.com/video/448dcd29-7fc9-4ff1-8cde-ef39c4996ee0";1
"https://vscht.sharepoint.com/sites/403-O365-videastavufyziklnchemie/_layouts/15/stream.aspx?UniqueId=519547fc%2D9693%2D5012%2D3877%2D727ce8883769&Translate=false&referrer=StreamWebApp%2EWeb&referrerScenario=AddressBarCopied%2Eview%2E3baf5f7f%2D1190%2D4e61%2Db1e7%2D479831886017";"Příklad 3, 61/77 – stacionární konc. reaktivního meziproduktu";"Ondřej Vopička";"Fyzikální chemie II";11;"mechanismus,aproximace stacionárního stavu";"cvičení";"B403004";;"https://web.microsoftstream.com/video/bfd86f25-6ee5-4d7c-b651-ca7e048f9c0c";1
"https://vscht.sharepoint.com/sites/403-O365-videastavufyziklnchemie/_layouts/15/stream.aspx?UniqueId=31beebec%2D8822%2D5e81%2Dd5c5%2Ddae999a06157&Translate=false&referrer=StreamWebApp%2EWeb&referrerScenario=AddressBarCopied%2Eview%2Edb38dceb%2Dc328%2D4267%2D879c%2D25ddb56ab956";"Příklad 4, 62/77 – fotolýza HI";"Ondřej Vopička";"Fyzikální chemie II";11;"fotolýza HI,kvantový výtěžek";"cvičení";"B403004";;"https://web.microsoftstream.com/video/384137f4-3fb4-4a2d-af70-cae2c67c1975";1
"https://vscht.sharepoint.com/sites/403-O365-videastavufyziklnchemie/_layouts/15/stream.aspx?UniqueId=a2849c88%2D3a63%2D5763%2D51c7%2Dc5aafe608120&Translate=false&referrer=StreamWebApp%2EWeb&referrerScenario=AddressBarCopied%2Eview%2E280e09d3%2D5cd3%2D4275%2Dacb6%2D8ebcd8f4d269";"Příklad 1, 20/161 – adsorpce";"Ondřej Vopička";"Fyzikální chemie II";12;"jednovrstvá adsorpce,Langmuirův model typu I,specifický povrch,kapacita monovrstvy,Langmuirova izoterma";"cvičení";"B403004";;"https://web.microsoftstream.com/video/534783a5-9eb6-49ce-b1dc-ceadc08ec04f";1
"https://vscht.sharepoint.com/sites/403-O365-videastavufyziklnchemie/_layouts/15/stream.aspx?UniqueId=1329ce90%2D3974%2D509f%2Df916%2D37fe7f756920&Translate=false&referrer=StreamWebApp%2EWeb&referrerScenario=AddressBarCopied%2Eview%2E2c1fa0a2%2D73d9%2D4eb9%2Db74d%2De77a64ff063e";"Příklad 2, 5/158 – Laplaceův tlak pro kapku a Kelvinova rovnice";"Ondřej Vopička";"Fyzikální chemie II";12;"Laplaceův tlak,Laplaceova rovnice,Kelvinova rovnice";"cvičení";"B403004";;"https://web.microsoftstream.com/video/d5c29f14-e6e8-456d-bfad-7a2ee593e4c7";1
"https://vscht.sharepoint.com/sites/403-O365-videastavufyziklnchemie/_layouts/15/stream.aspx?UniqueId=fa378cd3%2D1a40%2D52d3%2Da7ff%2D16feaeb85639&Translate=false&referrer=StreamWebApp%2EWeb&referrerScenario=AddressBarCopied%2Eview%2Ee9a40834%2Db599%2D4937%2D80a4%2D6978fe08c4f9";"Příklad 3, 3/158 –  Laplaceův tlak a kapilarni elevace";"Ondřej Vopička";"Fyzikální chemie II";12;"Laplaceův tlak,Laplaceova rovnice,kapilární elevace";"cvičení";"B403004";;"https://web.microsoftstream.com/video/7e09ab72-b553-4294-ae63-d7bd00045be7";1
"https://vscht.sharepoint.com/sites/403-O365-videastavufyziklnchemie/_layouts/15/stream.aspx?UniqueId=dac9e99e%2D4f42%2D54b5%2D21d7%2Ddc98f9d47d63&Translate=false&referrer=StreamWebApp%2EWeb&referrerScenario=AddressBarCopied%2Eview%2Efb88f423%2D2398%2D4024%2Db437%2D5c46277f16fe";"Úvod";"Jiří Kolafa";"Fyzikální chemie A";1;"fyzikální chemie,energie,systém,skupenství,fáze,veličina,rovnováha,nevratný děj,tlak,nultý termodynamický zákon,nultá věta termodynamická,teplota,0. termodynamický zákon";"přednáška";"B403001";"http://old.vscht.cz/fch/cz/pomucky/fchab/FCHA.html http://old.vscht.cz/fch/cz/pomucky/fchab/fchab01.pdf";"https://web.microsoftstream.com/video/11e4b285-090d-4bb3-857b-82f7d165a707";1
"https://vscht.sharepoint.com/sites/403-O365-videastavufyziklnchemie/_layouts/15/stream.aspx?UniqueId=a44a26ec%2D380b%2D50b2%2Df2bd%2Dbbf2294fe8cb&Translate=false&referrer=StreamWebApp%2EWeb&referrerScenario=AddressBarCopied%2Eview%2E6bb07e1d%2Dca07%2D47fe%2Daf27%2D29d72675a6cb";"Ideální plyn";"Jiří Kolafa";"Fyzikální chemie A";1;"ideální plyn,statistická termodynamika,izoterma,izobara";"přednáška";"B403001";"http://old.vscht.cz/fch/cz/pomucky/fchab/FCHA.html http://old.vscht.cz/fch/cz/pomucky/fchab/fchab01.pdf";"https://web.microsoftstream.com/video/d50f101a-dfb9-4fd7-aefa-c92d337775b5";1
"https://vscht.sharepoint.com/sites/403-O365-videastavufyziklnchemie/_layouts/15/stream.aspx?UniqueId=d031b4b1%2D60bc%2D5666%2Df4b7%2D07d41f48f1cc&Translate=false&referrer=StreamWebApp%2EWeb&referrerScenario=AddressBarCopied%2Eview%2E3e3f938e%2Dfc1c%2D4a6a%2D8963%2D4a5d8b31cd55";"Roztažnost a kompresibilita";"Jiří Kolafa";"Fyzikální chemie A";2;"derivace implicitní funkce,Eulerovo pravidlo,řetězové pravidlo,roztažnost,kompresibilita,stlačitelnost,kompresibilitní faktor";"přednáška";"B403001";"http://old.vscht.cz/fch/cz/pomucky/fchab/FCHA.html http://old.vscht.cz/fch/cz/pomucky/fchab/fchab02.pdf";"https://web.microsoftstream.com/video/2a798f2e-95d5-4cec-89ea-ce9d7bfd885e";1
"https://vscht.sharepoint.com/sites/403-O365-videastavufyziklnchemie/_layouts/15/stream.aspx?UniqueId=560340f6%2D44c2%2D5c44%2D2630%2D6a2f057ef8cf&Translate=false&referrer=StreamWebApp%2EWeb&referrerScenario=AddressBarCopied%2Eview%2Ecad83e4a%2D4043%2D4ffe%2D9f89%2D1f00c7b1ab64";"Fázový diagram čisté látky";"Jiří Kolafa";"Fyzikální chemie A";2;"p-v-t diagram,kritický bod,teorém korespondujících stavů,generalizovaný diagram,Nelson–Obert,kritická opalescence,TKS";"přednáška";"B403001";"http://old.vscht.cz/fch/cz/pomucky/fchab/FCHA.html http://old.vscht.cz/fch/cz/pomucky/fchab/fchab02.pdf";"https://web.microsoftstream.com/video/be428e74-c89e-4eb2-bf1a-cad4d30e34b8";1
"https://vscht.sharepoint.com/sites/403-O365-videastavufyziklnchemie/_layouts/15/stream.aspx?UniqueId=2d83b5c3%2Dd883%2D5a22%2Db226%2D8d5c1381df37&Translate=false&referrer=StreamWebApp%2EWeb&referrerScenario=AddressBarCopied%2Eview%2Ed6c31b2f%2Db60d%2D48d4%2Dbef1%2D3d8ee795115f";"Síly mezi molekulami";"Jiří Kolafa";"Fyzikální chemie A";3;"plocha potenciální energie,Lennard-Jonesův potenciál,elektrostatické síly,van der Waalsova rovnice,Redlichova–Kwongova rovnice,VDW";"přednáška";"B403001";"http://old.vscht.cz/fch/cz/pomucky/fchab/FCHA.html http://old.vscht.cz/fch/cz/pomucky/fchab/fchab03.pdf";"https://web.microsoftstream.com/video/eabd9220-7bfb-431e-b063-e6488c31a5a0";1
"https://vscht.sharepoint.com/sites/403-O365-videastavufyziklnchemie/_layouts/15/stream.aspx?UniqueId=115684f9%2D9aa5%2D528a%2Dbf4b%2Dbc743003fbf8&Translate=false&referrer=StreamWebApp%2EWeb&referrerScenario=AddressBarCopied%2Eview%2Ee6fa9287%2D7ce3%2D4429%2Daca3%2D903e3af253e2";"Viriálová stavová rovnice";"Jiří Kolafa";"Fyzikální chemie A";3;"viriálový koeficient,Boyleova teplota,tlakový viriálový rozvoj,PC-SAFT,BWR,Soave–Redlich–Kwong,SRK";"přednáška";"B403001";"http://old.vscht.cz/fch/cz/pomucky/fchab/FCHA.html http://old.vscht.cz/fch/cz/pomucky/fchab/fchab03.pdf";"https://web.microsoftstream.com/video/cfa7ddd4-d955-412e-90f1-b86f6b74e6f4";1
"https://vscht.sharepoint.com/sites/403-O365-videastavufyziklnchemie/_layouts/15/stream.aspx?UniqueId=b57f613c%2D7eb1%2D508f%2D9b9b%2D11b134e6a183&Translate=false&referrer=StreamWebApp%2EWeb&referrerScenario=AddressBarCopied%2Eview%2Ea1fdee34%2Dc50b%2D4e7b%2D9848%2D9b2fc7eaae95";"Směsi plynů";"Jiří Kolafa";"Fyzikální chemie A";3;"Amagatův zákon,Daltonův zákon,směšovací pravidlo,kombinační pravidlo,Kayovy pseudokritické veličiny,Kay";"přednáška";"B403001";"http://old.vscht.cz/fch/cz/pomucky/fchab/FCHA.html http://old.vscht.cz/fch/cz/pomucky/fchab/fchab03.pdf";"https://web.microsoftstream.com/video/1dba52c6-d057-4080-adf6-0592bf622cf3";1
"https://vscht.sharepoint.com/sites/403-O365-videastavufyziklnchemie/_layouts/15/stream.aspx?UniqueId=1ef29072%2Dd47f%2D5fdd%2Dc521%2Dbe5f23dbda09&Translate=false&referrer=StreamWebApp%2EWeb&referrerScenario=AddressBarCopied%2Eview%2E12ea691c%2Dc462%2D4dc0%2Daa7d%2Deb212f0e52d0";"Práce, 1. termodynamický zákon, entalpie";"Jiří Kolafa";"Fyzikální chemie A";4;"objemová práce,první zákon termodynamiky,první věta termodynamická,vnitřní energie,entalpie,Legendreova transformace,1. termodynamický zákon,1. věta termodynamická,první termodynamický zákon";"přednáška";"B403001";"http://old.vscht.cz/fch/cz/pomucky/fchab/FCHA.html http://old.vscht.cz/fch/cz/pomucky/fchab/fchab04.pdf";"https://web.microsoftstream.com/video/d24b9a75-2a80-4914-8072-1c315b21647c";1
"https://vscht.sharepoint.com/sites/403-O365-videastavufyziklnchemie/_layouts/15/stream.aspx?UniqueId=770871b5%2D281d%2D5dcc%2D9023%2Df1d06232f2b6&Translate=false&referrer=StreamWebApp%2EWeb&referrerScenario=AddressBarCopied%2Eview%2E2bc0b249%2Df56a%2D4eb3%2D97c4%2Dd6fde5386315";"Tepelné kapacity";"Jiří Kolafa";"Fyzikální chemie A";4;"tepelná kapacita,Mayerův vztah,ekvipartiční teorém,ekvipartiční princip,mechanický stupeň volnosti,Dulong–Petit";"přednáška";"B403001";"http://old.vscht.cz/fch/cz/pomucky/fchab/FCHA.html http://old.vscht.cz/fch/cz/pomucky/fchab/fchab04.pdf";"https://web.microsoftstream.com/video/cbe43098-5c58-414b-bb2b-74b9be24d64f";1
"https://vscht.sharepoint.com/sites/403-O365-videastavufyziklnchemie/_layouts/15/stream.aspx?UniqueId=7ad68540%2D3aaa%2D5005%2D529d%2D2ea405127429&Translate=false&referrer=StreamWebApp%2EWeb&referrerScenario=AddressBarCopied%2Eview%2E99869f3e%2Dceda%2D44bc%2D85cd%2Dfdf72aa6d99c";"Adiabatický vratný děj";"Jiří Kolafa";"Fyzikální chemie A";4;"adiabatický děj,Poissonovy rovnice,adiabatický index,Poissonova konstanta,rychlost zvuku,adiabatický model atmosféry";"přednáška";"B403001";"http://old.vscht.cz/fch/cz/pomucky/fchab/FCHA.html http://old.vscht.cz/fch/cz/pomucky/fchab/fchab04.pdf";"https://web.microsoftstream.com/video/068577a4-7074-4a7d-b453-673a74f8a866";1
"https://vscht.sharepoint.com/sites/403-O365-videastavufyziklnchemie/_layouts/15/stream.aspx?UniqueId=78f0588a%2D83cc%2D550f%2D9b2c%2D378ec0473e05&Translate=false&referrer=StreamWebApp%2EWeb&referrerScenario=AddressBarCopied%2Eview%2Eb010b648%2Dbfa5%2D4761%2Db7ec%2Df9df7be47c27";"Termochemie";"Jiří Kolafa";"Fyzikální chemie A";5;"reakční teplo,reakční entalpie,reakční vnitřní energie,standardní stav,plimsoll,kalorimetr,adiabatický kalorimetr,kalorimetrická bomba,spalovací kalorimetr,izotermický kalorimetr,diferenční skenovací kalorimetr,DSC,spalná entalpie,Hessův zákon,závislost entalpie na teplotě,Shomateova rovnice,entalpická bilance,adiabatická teplota reakce,Kirchhoffova věta,kalorimetrická rovnice";"přednáška";"B403001";"http://old.vscht.cz/fch/cz/pomucky/fchab/FCHA.html http://old.vscht.cz/fch/cz/pomucky/fchab/fchab05.pdf";"https://web.microsoftstream.com/video/799fea4b-88fc-452b-b26d-bf31870057df";1
"https://vscht.sharepoint.com/sites/403-O365-videastavufyziklnchemie/_layouts/15/stream.aspx?UniqueId=ed18451d%2D03b2%2D59ef%2D2be0%2De53a9291d2a5&Translate=false&referrer=StreamWebApp%2EWeb&referrerScenario=AddressBarCopied%2Eview%2E989ed2e1%2D917f%2D4718%2D8d5a%2D25326266e053";"2. termodynamický zákon, entropie";"Jiří Kolafa";"Fyzikální chemie A";6;"funkce dvou proměnných,tepelný stroj,Carnotův tepelný stroj,Carnotův cyklus,druhý zákon termodynamiky,druhá věta termodynamická,Carnotův teorém,Thomsonův princip,Clausiův princip,Caratheodoryho formulace,tepelné čerpadlo,lednička,entropie,fundamentální rovnice,Gibbsovy rovnice,Maxwellovy vztahy,2. věta termodynamická,2. termodynamický zákon";"přednáška";"B403001";"http://old.vscht.cz/fch/cz/pomucky/fchab/FCHA.html http://old.vscht.cz/fch/cz/pomucky/fchab/fchab06.pdf";"https://web.microsoftstream.com/video/43461e16-a329-4037-97d9-5576c405d224";1
"https://vscht.sharepoint.com/sites/403-O365-videastavufyziklnchemie/_layouts/15/stream.aspx?UniqueId=3fc1274a%2D1222%2D5406%2D11dc%2D2947b27a9b08&Translate=false&referrer=StreamWebApp%2EWeb&referrerScenario=AddressBarCopied%2Eview%2Ee83713a6%2Dfda1%2D4214%2Db635%2D4a6446f58d6f";"Mnemotechnická pomůcka, závislost S na p, V, T";"Jiří Kolafa";"Fyzikální chemie A";6;"výpočet entropie,závislost entropie,Boltzmannova rovnice pro entropii,S";"přednáška";"B403001";"http://old.vscht.cz/fch/cz/pomucky/fchab/FCHA.html http://old.vscht.cz/fch/cz/pomucky/fchab/fchab06.pdf";"https://web.microsoftstream.com/video/eb0a562f-eb42-4078-906b-afa803ef8e32";1
"https://vscht.sharepoint.com/sites/403-O365-videastavufyziklnchemie/_layouts/15/stream.aspx?UniqueId=6f9c8d33%2D2f53%2D5c33%2D2e86%2D32afd5fc7434&Translate=false&referrer=StreamWebApp%2EWeb&referrerScenario=AddressBarCopied%2Eview%2E51ca1bd1%2Da40c%2D4973%2Dbee5%2Dc17eb15c1d60";"Tepelné kapacity CV, Cp, adiabatická kompresibilita, zvuk";"Jiří Kolafa";"Fyzikální chemie A";7;"rozdíl tepelných kapacit,adiabatická kompresibilita,zvuk,Cp";"přednáška";"B403001";"http://old.vscht.cz/fch/cz/pomucky/fchab/FCHA.html http://old.vscht.cz/fch/cz/pomucky/fchab/fchab07.pdf";"https://web.microsoftstream.com/video/17651f0a-c520-47aa-a0d8-5da35d18abd0";1
"https://vscht.sharepoint.com/sites/403-O365-videastavufyziklnchemie/_layouts/15/stream.aspx?UniqueId=1c0a444d%2D8c8c%2D5e88%2D9d20%2Df9bed0e1dddf&Translate=false&referrer=StreamWebApp%2EWeb&referrerScenario=AddressBarCopied%2Eview%2E9f3d2adc%2D2da8%2D4ed3%2D8299%2D49c9ca97cf98";"Interpretace F, G, 3. zákon, přehled termodynamiky";"Jiří Kolafa";"Fyzikální chemie A";7;"3. termodynamický zákon,třetí zákon termodynamiky,třetí věta termodynamická,Helmholtzova energie,Gibbsova energie,nevratný děj,extenzivní podmínka rovnováhy,interpretace Gibbsovy energie,Lewis,Randall,Nernst,výpočet G,3.zákon termodynamický,3.věta termodynamická";"přednáška";"B403001";"http://old.vscht.cz/fch/cz/pomucky/fchab/FCHA.html http://old.vscht.cz/fch/cz/pomucky/fchab/fchab07.pdf";"https://web.microsoftstream.com/video/790e6cf0-260f-4c6b-8641-3f0a5311cd8a";1
"https://vscht.sharepoint.com/sites/403-O365-videastavufyziklnchemie/_layouts/15/stream.aspx?UniqueId=acddbf8e%2D6aca%2D581a%2D56f9%2D219990451ac8&Translate=false&referrer=StreamWebApp%2EWeb&referrerScenario=AddressBarCopied%2Eview%2E255b373c%2Dc348%2D4071%2Dacb0%2D20e755be0459";"Statistická termodynamika light";"Jiří Kolafa";"Fyzikální chemie A";7;"mikrostav,makrostav,soubor,trajektorie,ergodická hypotéza,mikrokanonický soubor,střední hodnota,kanonický soubor,Boltzmannův faktor,Boltzmannova pravděpodobnost,barometrická rovnice,Boltzmannova rovnice pro entropii,reziduální entropie,informační entropie,Landauerův princip";"přednáška";"B403001";"http://old.vscht.cz/fch/cz/pomucky/fchab/FCHA.html http://old.vscht.cz/fch/cz/pomucky/fchab/fchab07.pdf";"https://web.microsoftstream.com/video/bd242c2f-cf12-4af4-b799-ac8ad7c7a47f";1
"https://vscht.sharepoint.com/sites/403-O365-videastavufyziklnchemie/_layouts/15/stream.aspx?UniqueId=49bf9dce%2D19ac%2D59b7%2D974d%2D02edadc21597&Translate=false&referrer=StreamWebApp%2EWeb&referrerScenario=AddressBarCopied%2Eview%2Ec2c12ea8%2D973e%2D48f4%2D9adf%2De1a5118134f9";"Nevratné děje, zkapalňování plynů";"Jiří Kolafa";"Fyzikální chemie A";8;"krystalizace,podchlazená kapalina,metastabilní stav,Jouleův–Thomsonův jev,Jouleův–Kelvinův jev,škrcení,izoentalpický děj,inverzní teplota,zkapalňování plynů";"přednáška";"B403001";"http://old.vscht.cz/fch/cz/pomucky/fchab/FCHA.html http://old.vscht.cz/fch/cz/pomucky/fchab/fchab08.pdf";"https://web.microsoftstream.com/video/79a5c6b8-a89e-4ab7-87ab-91985eb7c44d";1
"https://vscht.sharepoint.com/sites/403-O365-videastavufyziklnchemie/_layouts/15/stream.aspx?UniqueId=ebd30b5d%2D2d23%2D58e8%2Da9e8%2D6f31e6aaf15b&Translate=false&referrer=StreamWebApp%2EWeb&referrerScenario=AddressBarCopied%2Eview%2E93ff999f%2Dcd98%2D4729%2D858c%2De633448db783";"Pokus zmrznutí podchlazené vody";"Jiří Kolafa";"Fyzikální chemie A";8;"pokus,podchlazená voda,experiment";"přednáška";"B403001";"http://old.vscht.cz/fch/cz/pomucky/fchab/FCHA.html http://old.vscht.cz/fch/cz/pomucky/fchab/fchab08.pdf";"https://web.microsoftstream.com/video/d634f977-6913-4de3-b305-ab13281e9492";1
"https://vscht.sharepoint.com/sites/403-O365-videastavufyziklnchemie/_layouts/15/stream.aspx?UniqueId=47a4b47a%2Df996%2D5ecd%2Dd3e7%2Dec8d0d8e3ce4&Translate=false&referrer=StreamWebApp%2EWeb&referrerScenario=AddressBarCopied%2Eview%2E306a62ce%2D20f3%2D4b3e%2D8896%2D32cdaf6182c1";"Směšovací entropie,dodatkové a směšovací veličiny";"Jiří Kolafa";"Fyzikální chemie A";9;"mísení ideálních plynů,směšovací entropie,ideální směs,ideální roztok,Stirlingův vzorec,standardní stav,směšovací veličina,dodatková veličina";"přednáška";"B403001";"http://old.vscht.cz/fch/cz/pomucky/fchab/FCHA.html http://old.vscht.cz/fch/cz/pomucky/fchab/fchab09.pdf";"https://web.microsoftstream.com/video/b9e454eb-2897-4268-a6de-10d7b9419039";1
"https://vscht.sharepoint.com/sites/403-O365-videastavufyziklnchemie/_layouts/15/stream.aspx?UniqueId=886d5b34%2Dd50a%2D5898%2D9bef%2D8002510f2b70&Translate=false&referrer=StreamWebApp%2EWeb&referrerScenario=AddressBarCopied%2Eview%2E40ad6edc%2D394c%2D4378%2D8f69%2D9c60e534b97f";"Pokus záporný dodatkový objem směsi ethanol–voda";"Jiří Kolafa";"Fyzikální chemie A";9;"pokus,dodatkový objem,experiment";"přednáška";"B403001";"http://old.vscht.cz/fch/cz/pomucky/fchab/FCHA.html http://old.vscht.cz/fch/cz/pomucky/fchab/fchab09.pdf";"https://web.microsoftstream.com/video/3bc0de54-fa02-4f7d-b3fa-43f5d4864824";1
"https://vscht.sharepoint.com/sites/403-O365-videastavufyziklnchemie/_layouts/15/stream.aspx?UniqueId=87f1f61d%2D6b50%2D51fa%2Da617%2D8e47bf34116b&Translate=false&referrer=StreamWebApp%2EWeb&referrerScenario=AddressBarCopied%2Eview%2E0db0ca7d%2D0c08%2D4050%2Da6e3%2D4efc1ec13179";"Parciální molární veličiny, chemický potenciál";"Jiří Kolafa";"Fyzikální chemie A";9;"parciální molární veličina,Eulerův vztah,úseková metoda,Gibbsova–Duhemova rovnice,chemický potenciál";"přednáška";"B403001";"http://old.vscht.cz/fch/cz/pomucky/fchab/FCHA.html http://old.vscht.cz/fch/cz/pomucky/fchab/fchab09.pdf";"https://web.microsoftstream.com/video/e1b38682-d9f7-4a81-81b8-734ebac2dc24";1
"https://vscht.sharepoint.com/sites/403-O365-videastavufyziklnchemie/_layouts/15/stream.aspx?UniqueId=c6dbeea1%2D8e56%2D51ee%2D9c2c%2D824ae8bcef72&Translate=false&referrer=StreamWebApp%2EWeb&referrerScenario=AddressBarCopied%2Eview%2E033e7be8%2D5ac2%2D4b54%2D8ea7%2D3ca9b8f7c477";"Fugacita";"Jiří Kolafa";"Fyzikální chemie A";10;"fugacita,fugacitní koeficient,generalizovaný diagram,fugacita složky,Lewisovo–Randallovo pravidlo";"přednáška";"B403001";"http://old.vscht.cz/fch/cz/pomucky/fchab/FCHA.html http://old.vscht.cz/fch/cz/pomucky/fchab/fchab10.pdf";"https://web.microsoftstream.com/video/93e1b175-b31b-4c4e-80ff-12fbac5e97ba";1
"https://vscht.sharepoint.com/sites/403-O365-videastavufyziklnchemie/_layouts/15/stream.aspx?UniqueId=a6c2888e%2D3b10%2D5b68%2D73ce%2Dd840f7099528&Translate=false&referrer=StreamWebApp%2EWeb&referrerScenario=AddressBarCopied%2Eview%2E6513bc1e%2Dd4ac%2D41a5%2Dad10%2D4b67335ec807";"Standardní stavy, aktivita";"Jiří Kolafa";"Fyzikální chemie A";10;"aktivita,aktivitního koeficient,standardní stav nekonečného zředění,nekonečné zředění";"přednáška";"B403001";"http://old.vscht.cz/fch/cz/pomucky/fchab/FCHA.html http://old.vscht.cz/fch/cz/pomucky/fchab/fchab10.pdf";"https://web.microsoftstream.com/video/46370890-c6eb-4c27-b324-39090187eeae";1
"https://vscht.sharepoint.com/sites/403-O365-videastavufyziklnchemie/_layouts/15/stream.aspx?UniqueId=6b1a9e20%2D5a49%2D585f%2Db1d9%2D3690999ee84c&Translate=false&referrer=StreamWebApp%2EWeb&referrerScenario=AddressBarCopied%2Eview%2Ead97e6d1%2Dc452%2D4f5a%2D9faf%2D84ac50d6ba47";"Gibbsův fázový zákon";"Jiří Kolafa";"Fyzikální chemie A";10;"intenzivní podmínky rovnováhy,počet termodynamických stupňů volnosti,Gibbsův fázový zákon";"přednáška";"B403001";"http://old.vscht.cz/fch/cz/pomucky/fchab/FCHA.html http://old.vscht.cz/fch/cz/pomucky/fchab/fchab10.pdf";"https://web.microsoftstream.com/video/8a9f7913-1777-431e-abe8-e023fe5b3be0";1
"https://vscht.sharepoint.com/sites/403-O365-videastavufyziklnchemie/_layouts/15/stream.aspx?UniqueId=2d53577e%2D6cca%2D55d2%2De50b%2D0aa8a83ac2f0&Translate=false&referrer=StreamWebApp%2EWeb&referrerScenario=AddressBarCopied%2Eview%2Eb60caed0%2Dc1ff%2D4543%2Db586%2D684829dd9ea0";"Clapeyronova rovnice";"Jiří Kolafa";"Fyzikální chemie A";11;"bruslení,regelace ledu,Clausiova–Clapeyronova rovnice,Antoineova rovnice,měření tlaku nasycených par,alotropie,cínový mor,polymorfie";"přednáška";"B403001";"http://old.vscht.cz/fch/cz/pomucky/fchab/FCHA.html http://old.vscht.cz/fch/cz/pomucky/fchab/fchab11.pdf";"https://web.microsoftstream.com/video/1f2ca7b0-83bd-4256-b0ca-01c2a80dce80";1
"https://vscht.sharepoint.com/sites/403-O365-videastavufyziklnchemie/_layouts/15/stream.aspx?UniqueId=34bc8705%2Dbedf%2D5da1%2Dd7af%2Dbcbe941425ee&Translate=false&referrer=StreamWebApp%2EWeb&referrerScenario=AddressBarCopied%2Eview%2Ea14584de%2D71f4%2D45df%2D9b1a%2D2b2a6c3d402b";"Raoultův zákon";"Jiří Kolafa";"Fyzikální chemie A";11;"bod varu,rosný bod,ideální směs,Raoultův zákon,propan-butan,fázové diagramy,rovnováha kapalina–pára,VLE";"přednáška";"B403001";"http://old.vscht.cz/fch/cz/pomucky/fchab/FCHA.html http://old.vscht.cz/fch/cz/pomucky/fchab/fchab11.pdf";"https://web.microsoftstream.com/video/16e6b952-2e5e-42c3-9aee-95532b72f62a";1
"https://vscht.sharepoint.com/sites/403-O365-videastavufyziklnchemie/_layouts/15/stream.aspx?UniqueId=73642f01%2D65bd%2D5797%2D0ef2%2Ddb3b098e1b4c&Translate=false&referrer=StreamWebApp%2EWeb&referrerScenario=AddressBarCopied%2Eview%2Eb665609e%2Db8b9%2D46d2%2Db64b%2D09651e34a594";"Neideální kapalná směs a regulární roztok";"Jiří Kolafa";"Fyzikální chemie A";12;"rovnováha kapalina-pára,VLE,mřížkový model,regulární roztok,Hildebrand,Flory–Huggins,Redlich–Kister,Wilson,azeotrop,heteroazeotrop,mísitelnost";"přednáška";"B403001";"http://old.vscht.cz/fch/cz/pomucky/fchab/FCHA.html http://old.vscht.cz/fch/cz/pomucky/fchab/fchab12.pdf";"https://web.microsoftstream.com/video/2c225a8f-5fdd-402d-a359-c590335c6398";1
"https://vscht.sharepoint.com/sites/403-O365-videastavufyziklnchemie/_layouts/15/stream.aspx?UniqueId=16aa53e1%2D613d%2D5408%2D99ba%2D3b4e5023f8db&Translate=false&referrer=StreamWebApp%2EWeb&referrerScenario=AddressBarCopied%2Eview%2Efaa6f397%2D749f%2D4ee0%2D8403%2Da61028a8aad4";"Rovnováha z F(V) a G(xi)";"Jiří Kolafa";"Fyzikální chemie A";12;"stabilní fáze,metastabilní fáze,spinodální dekompozice";"přednáška";"B403001";"http://old.vscht.cz/fch/cz/pomucky/fchab/FCHA.html http://old.vscht.cz/fch/cz/pomucky/fchab/fchab12.pdf";"https://web.microsoftstream.com/video/bdf3ac92-33f1-4ae3-9bd5-6455fc242b32";1
"https://vscht.sharepoint.com/sites/403-O365-videastavufyziklnchemie/_layouts/15/stream.aspx?UniqueId=fc039c49%2D505a%2D58d7%2D22ca%2De083648f4d2f&Translate=false&referrer=StreamWebApp%2EWeb&referrerScenario=AddressBarCopied%2Eview%2E78611833%2D2966%2D4242%2Dbba3%2Da05dc53ef1e2";"Ebulioskopie, rozpustnost plynů v kapalinách";"Jiří Kolafa";"Fyzikální chemie A";12;"ebulioskopie,koligativní vlastnost,osmometrie tlaku nasycených par,rozpustnost plynů v kapalinách,Henryho zákon,vysolovací efekt";"přednáška";"B403001";"http://old.vscht.cz/fch/cz/pomucky/fchab/FCHA.html http://old.vscht.cz/fch/cz/pomucky/fchab/fchab12.pdf";"https://web.microsoftstream.com/video/fcb3e87d-130f-4849-8925-7f55f8129bd8";1
"https://vscht.sharepoint.com/sites/403-O365-videastavufyziklnchemie/_layouts/15/stream.aspx?UniqueId=eaa92f22%2D6b91%2D5543%2D0e79%2Dd73a030c25f2&Translate=false&referrer=StreamWebApp%2EWeb&referrerScenario=AddressBarCopied%2Eview%2Eedc80a08%2D0a89%2D453f%2Daabe%2Deee029ea05da";"Pákové pravidlo";"Jiří Kolafa";"Fyzikální chemie A";12;"bilance,pákové pravidlo";"přednáška";"B403001";"http://old.vscht.cz/fch/cz/pomucky/fchab/FCHA.html http://old.vscht.cz/fch/cz/pomucky/fchab/fchab13.pdf";"https://web.microsoftstream.com/video/4ef2a789-9d47-4483-ae07-7c41bad4784c";1
"https://vscht.sharepoint.com/sites/403-O365-videastavufyziklnchemie/_layouts/15/stream.aspx?UniqueId=e36c3ad5%2Dae4e%2D5612%2De0d7%2D9b36559d6933&Translate=false&referrer=StreamWebApp%2EWeb&referrerScenario=AddressBarCopied%2Eview%2Efa41c00d%2Dd4ed%2D4574%2D8dbb%2D6e930c2d177e";"Dokončení VLE binárních směsí, LLE";"Jiří Kolafa";"Fyzikální chemie A";13;"binární směsi tekutin,VLE,mísitelnost,azeotrop,kritická rozpouštěcí teplota,UCST,LCST,typy VLE diagramů";"přednáška";"B403001";"http://old.vscht.cz/fch/cz/pomucky/fchab/FCHA.html http://old.vscht.cz/fch/cz/pomucky/fchab/fchab13.pdf";"https://web.microsoftstream.com/video/567ed61f-77df-4cc6-9f2b-4a2e166cf1f5";1
"https://vscht.sharepoint.com/sites/403-O365-videastavufyziklnchemie/_layouts/15/stream.aspx?UniqueId=2406b31f%2D0407%2D5b07%2D96f9%2D429fea46a326&Translate=false&referrer=StreamWebApp%2EWeb&referrerScenario=AddressBarCopied%2Eview%2Efac7e485%2Dc566%2D4f7f%2D9ef7%2D8b963967095b";"SLE binárních směsí";"Jiří Kolafa";"Fyzikální chemie A";13;"rovnováha kapalina-pevná fáze,SLE,liquidus,likvidus,solidus,eutektikum,pájka,liteřina,ocel,kryoskopie,koligativní vlastnost,kongruentní tání,peritektikum,inkongruentní tání,peritektický bod,eutektický bod,termická analýza";"přednáška";"B403001";"http://old.vscht.cz/fch/cz/pomucky/fchab/FCHA.html http://old.vscht.cz/fch/cz/pomucky/fchab/fchab13.pdf";"https://web.microsoftstream.com/video/56024ad4-047b-4ab0-9c52-499c61ae14cd";1
"https://vscht.sharepoint.com/sites/403-O365-videastavufyziklnchemie/_layouts/15/stream.aspx?UniqueId=f74ff85e%2D33d9%2D5c36%2D8528%2D01b1db855c5e&Translate=false&referrer=StreamWebApp%2EWeb&referrerScenario=AddressBarCopied%2Eview%2Ed6a93473%2D8564%2D46b7%2Da4f2%2D635ca9e6a43f";"Ternární diagramy";"Jiří Kolafa";"Fyzikální chemie A";13;"trojúhelníkový diagram,ternár,ternární směs,Nernstův rozdělovací zákon";"přednáška";"B403001";"http://old.vscht.cz/fch/cz/pomucky/fchab/FCHA.html http://old.vscht.cz/fch/cz/pomucky/fchab/fchab13.pdf";"https://web.microsoftstream.com/video/96036de0-77c7-4d2a-90aa-8109d349cf79";1
"https://vscht.sharepoint.com/sites/403-O365-videastavufyziklnchemie/_layouts/15/stream.aspx?UniqueId=df91ea4f%2Db30b%2D592f%2D81f1%2D5591ff20e262&Translate=false&referrer=StreamWebApp%2EWeb&referrerScenario=AddressBarCopied%2Eview%2Eb0f1ecb7%2Da70f%2D4716%2Db9fc%2D6e77d411b916";"Reciproké jednotky";"Michal H. Kolář";"Fyzikální chemie A";1;"převody jednotek,izobarická roztažnost";"cvičení";"B403001";;"https://web.microsoftstream.com/video/d4e228fe-9206-45f6-9c80-18a7d578d71d?channelId=56adaefb-5b52-4cc9-9ede-7d5941efb02c";1
"https://vscht.sharepoint.com/sites/403-O365-videastavufyziklnchemie/_layouts/15/stream.aspx?UniqueId=55c0ec2c%2De64c%2D5d4f%2D3259%2Dc43c44e4f4a5&Translate=false&referrer=StreamWebApp%2EWeb&referrerScenario=AddressBarCopied%2Eview%2E8e4b9dfc%2D2fdb%2D4ed4%2D8695%2D39bfe901f5fd";"Pneumatika";"Michal H. Kolář";"Fyzikální chemie A";2;"ideální plyn,přetlak,převody jednotek";"cvičení";"B403001";;"https://web.microsoftstream.com/video/41acfc47-e1f0-4afa-ad2e-c8e64b411bb3?channelId=56adaefb-5b52-4cc9-9ede-7d5941efb02c";1
"https://vscht.sharepoint.com/sites/403-O365-videastavufyziklnchemie/_layouts/15/stream.aspx?UniqueId=e8c4f8f0%2D1914%2D519d%2D2a65%2Da20d6ecc48a0&Translate=false&referrer=StreamWebApp%2EWeb&referrerScenario=AddressBarCopied%2Eview%2Ed046d722%2D2e5f%2D4855%2D8ae0%2Dcd9bb844b165";"Horkovzdušný balón";"Michal H. Kolář";"Fyzikální chemie A";2;"ideální plyn,hustota plynu,vztlaková síla,pasažéři se svačinou";"cvičení";"B403001";;"https://web.microsoftstream.com/video/099865a3-08a3-443f-bc0c-6484f23af57a?channelId=56adaefb-5b52-4cc9-9ede-7d5941efb02c";1
"https://vscht.sharepoint.com/sites/403-O365-videastavufyziklnchemie/_layouts/15/stream.aspx?UniqueId=17c1dea9%2D4ec6%2D53e0%2D767a%2Df1c685c927da&Translate=false&referrer=StreamWebApp%2EWeb&referrerScenario=AddressBarCopied%2Eview%2E7dcfffb1%2D721b%2D4f81%2D9041%2Da7f9fcc57ee3";"Hmotnostní a objemový zlomek";"Michal H. Kolář";"Fyzikální chemie A";2;"přepočet veličin udávajících složení směsi";"cvičení";"B403001";;"https://web.microsoftstream.com/video/2164ed8d-f37e-41e9-b6db-ffbe3c9a1a09?channelId=56adaefb-5b52-4cc9-9ede-7d5941efb02c";1
"https://vscht.sharepoint.com/sites/403-O365-videastavufyziklnchemie/_layouts/15/stream.aspx?UniqueId=60864e84%2D4c15%2D5c45%2D898a%2D7ea2ef57948d&Translate=false&referrer=StreamWebApp%2EWeb&referrerScenario=AddressBarCopied%2Eview%2E57e6684f%2D2997%2D414a%2D85fb%2D711978e94ecb";"Molární a hmotnostní zlomek";"Michal H. Kolář";"Fyzikální chemie A";2;"přepočet veličin udávajících složení směsi,ideální plyn";"cvičení";"B403001";;"https://web.microsoftstream.com/video/8b02fc9c-5f5f-4559-8d42-1f7805b68427?channelId=56adaefb-5b52-4cc9-9ede-7d5941efb02c";1
"https://vscht.sharepoint.com/sites/403-O365-videastavufyziklnchemie/_layouts/15/stream.aspx?UniqueId=bff9aa74%2Df395%2D56af%2D6c7d%2D75c062690ac1&Translate=false&referrer=StreamWebApp%2EWeb&referrerScenario=AddressBarCopied%2Eview%2E440374bc%2D4037%2D437e%2D8e76%2Dedc5cc899c8d";"Parciální tlak";"Michal H. Kolář";"Fyzikální chemie A";2;"ideální plyn,směs plynů,střední molární hmotnost,parciální tlak plynu";"cvičení";"B403001";;"https://web.microsoftstream.com/video/82683c32-020c-47d0-b294-975ec2c8dd24?channelId=56adaefb-5b52-4cc9-9ede-7d5941efb02c";1
"https://vscht.sharepoint.com/sites/403-O365-videastavufyziklnchemie/_layouts/15/stream.aspx?UniqueId=37498c2b%2D8f0f%2D51a0%2D0a28%2D2fba71d8056b&Translate=false&referrer=StreamWebApp%2EWeb&referrerScenario=AddressBarCopied%2Eview%2E9b01ec38%2D2cd4%2D4b89%2Db8d4%2D9338bdfa2581";"Kyslík";"Michal H. Kolář";"Fyzikální chemie A";2;"ideální plyn,směs plynů,látková koncentrace,parciální tlak,noční únava";"cvičení";"B403001";;"https://web.microsoftstream.com/video/9effba96-bde9-43c7-af14-2c2a6b5b06be?channelId=56adaefb-5b52-4cc9-9ede-7d5941efb02c";1
"https://vscht.sharepoint.com/sites/403-O365-videastavufyziklnchemie/_layouts/15/stream.aspx?UniqueId=88babe74%2D8a65%2D5c31%2Dd3d6%2D4811380ed149&Translate=false&referrer=StreamWebApp%2EWeb&referrerScenario=AddressBarCopied%2Eview%2E28f92f7e%2D9277%2D464f%2Db643%2Da8425c9ceeb0";"Lennard-Jonesův potenciál";"Michal H. Kolář";"Fyzikální chemie A";3;"neideální plyn,mezičásticové interakce,derivace";"cvičení";"B403001";;"https://web.microsoftstream.com/video/548ef251-15f3-4de4-b941-03dc7df53389?channelId=56adaefb-5b52-4cc9-9ede-7d5941efb02c";1
"https://vscht.sharepoint.com/sites/403-O365-videastavufyziklnchemie/_layouts/15/stream.aspx?UniqueId=26113510%2D1ad7%2D5bf3%2D3d87%2D7caf8ba901ff&Translate=false&referrer=StreamWebApp%2EWeb&referrerScenario=AddressBarCopied%2Eview%2E6ac36191%2D215b%2D4950%2D83a5%2D38e34f8c5b03";"van der Waalsovy parametry";"Michal H. Kolář";"Fyzikální chemie A";3;"neideální plyn,van der Waalsova stavová rovnice,převody jednotek,VDW";"cvičení";"B403001";;"https://web.microsoftstream.com/video/963a4989-720d-4aa9-b704-af47d8b62beb?channelId=56adaefb-5b52-4cc9-9ede-7d5941efb02c";1
"https://vscht.sharepoint.com/sites/403-O365-videastavufyziklnchemie/_layouts/15/stream.aspx?UniqueId=bd06ae77%2De159%2D5d1e%2Da03f%2Df3f4dc484027&Translate=false&referrer=StreamWebApp%2EWeb&referrerScenario=AddressBarCopied%2Eview%2E400f7bcc%2Dbb63%2D4ae5%2Db244%2Dbe670ba63278";"Viriální rozvoj";"Michal H. Kolář";"Fyzikální chemie A";3;"stavové chování plynů,neideální plyn,molární objem,viriálový koeficient,argon,EOS";"cvičení";"B403001";;"https://web.microsoftstream.com/video/2e4f1fc6-5dc1-4996-944b-fb2a12295a16?channelId=56adaefb-5b52-4cc9-9ede-7d5941efb02c";1
"https://vscht.sharepoint.com/sites/403-O365-videastavufyziklnchemie/_layouts/15/stream.aspx?UniqueId=38219d24%2Df2fa%2D5f0d%2Def13%2D7721d336aa5a&Translate=false&referrer=StreamWebApp%2EWeb&referrerScenario=AddressBarCopied%2Eview%2Ee018a823%2D2709%2D48c4%2Db9ea%2D43f3d74eb98c";"Boyleova teplota";"Michal H. Kolář";"Fyzikální chemie A";3;"stavové chování,neideální plyn,viriálový rozvoj,druhý viriálový koeficient,EOS";"cvičení";"B403001";;"https://web.microsoftstream.com/video/318ba3e8-9fb7-4d2e-8530-2f60d23d3990?channelId=56adaefb-5b52-4cc9-9ede-7d5941efb02c";1
"https://vscht.sharepoint.com/sites/403-O365-videastavufyziklnchemie/_layouts/15/stream.aspx?UniqueId=6f6ec0b0%2D7d83%2D5cca%2De0a6%2Dfaa6b6819459&Translate=false&referrer=StreamWebApp%2EWeb&referrerScenario=AddressBarCopied%2Eview%2E1b036f40%2D08a4%2D4a8b%2Dba31%2Dad708b15cc69";"Směs plynů";"Michal H. Kolář";"Fyzikální chemie A";3;"stavové chování,neideální plyn,butan,generalizovaný diagram kompresibilitních faktorů,GDKF,Kayovy pseudokritické veličiny,EOS,Kay";"cvičení";"B403001";;"https://web.microsoftstream.com/video/420c88d7-caf7-4d6d-acf0-e0963e9a695f?channelId=56adaefb-5b52-4cc9-9ede-7d5941efb02c";1
"https://vscht.sharepoint.com/sites/403-O365-videastavufyziklnchemie/_layouts/15/stream.aspx?UniqueId=e37f0561%2Db7a3%2D5982%2D8e9c%2D2bc9d42ddffb&Translate=false&referrer=StreamWebApp%2EWeb&referrerScenario=AddressBarCopied%2Eview%2E3bc22560%2Dc505%2D49c6%2Dbdbf%2Dd4ad825dc8b9";"Ekvimolární směs";"Michal H. Kolář";"Fyzikální chemie A";3;"stavové chování plynů,van der Waalsova rovnice,směs plynů,kombinační pravidla,VDW";"cvičení";"B403001";;"https://web.microsoftstream.com/video/48491e5b-889f-4109-a6a2-13e3b3375c9a?channelId=56adaefb-5b52-4cc9-9ede-7d5941efb02c";1
"https://vscht.sharepoint.com/sites/403-O365-videastavufyziklnchemie/_layouts/15/stream.aspx?UniqueId=04006d19%2D5ab5%2D51eb%2Dc3f5%2D354eeb5c8733&Translate=false&referrer=StreamWebApp%2EWeb&referrerScenario=AddressBarCopied%2Eview%2E38796df8%2D985b%2D4d86%2D8ba0%2D9bbd764df81f";"Jednoduchá komprese plynu";"Michal H. Kolář";"Fyzikální chemie A";4;"objemová práce,vratný děj,ideální plyn,teplo,vnitřní energie,Q,U,W";"cvičení";"B403001";;"https://web.microsoftstream.com/video/20bf8060-9d47-4f3c-9602-3ce29e1dd8c0?channelId=56adaefb-5b52-4cc9-9ede-7d5941efb02c";1
"https://vscht.sharepoint.com/sites/403-O365-videastavufyziklnchemie/_layouts/15/stream.aspx?UniqueId=6aa56c86%2D828d%2D5b7e%2Dfa34%2Db87040a2d66b&Translate=false&referrer=StreamWebApp%2EWeb&referrerScenario=AddressBarCopied%2Eview%2E4555d28d%2D7260%2D4537%2Dadae%2Ddd015735df8e";"Ohřev v autoklávu";"Michal H. Kolář";"Fyzikální chemie A";4;"tepelná kapacita,izochorický děj,teplo,argon,Cp";"cvičení";"B403001";;"https://web.microsoftstream.com/video/eadc6205-a794-48d5-8218-e0f8fc412adb?channelId=56adaefb-5b52-4cc9-9ede-7d5941efb02c";1
"https://vscht.sharepoint.com/sites/403-O365-videastavufyziklnchemie/_layouts/15/stream.aspx?UniqueId=9c74cd32%2D1f4c%2D5d0c%2D2650%2D72d66dee522f&Translate=false&referrer=StreamWebApp%2EWeb&referrerScenario=AddressBarCopied%2Eview%2Ee1b8c66b%2De14a%2D4779%2Dbea2%2D6df02c45a4a9";"Teplotní závislost tepelné kapacity";"Michal H. Kolář";"Fyzikální chemie A";4;"tepelná kapacita,teplo,izobarický děj,Cp";"cvičení";"B403001";;"https://web.microsoftstream.com/video/0b165748-8e97-4c5d-a80f-a7bd40fdc7f8?channelId=56adaefb-5b52-4cc9-9ede-7d5941efb02c";1
"https://vscht.sharepoint.com/sites/403-O365-videastavufyziklnchemie/_layouts/15/stream.aspx?UniqueId=74615f0e%2Df7eb%2D5a7e%2Dcfff%2Df47808e07cd9&Translate=false&referrer=StreamWebApp%2EWeb&referrerScenario=AddressBarCopied%2Eview%2E40307d42%2D31cd%2D4c54%2Db03e%2D0dc38db8b585";"Stlačení neideálního plynu";"Michal H. Kolář";"Fyzikální chemie A";4;"objemová práce,viriálová stavová rovnice,neideální plyn,W";"cvičení";"B403001";;"https://web.microsoftstream.com/video/3a0a8183-6f78-4245-a762-fc01474e5f15?channelId=56adaefb-5b52-4cc9-9ede-7d5941efb02c";1
"https://vscht.sharepoint.com/sites/403-O365-videastavufyziklnchemie/_layouts/15/stream.aspx?UniqueId=a9cf2374%2Dfe57%2D511f%2D0ebe%2Dbf74a51ca998&Translate=false&referrer=StreamWebApp%2EWeb&referrerScenario=AddressBarCopied%2Eview%2Ee138b82a%2D671a%2D4a97%2D9d51%2D6d1ecde0055a";"Adiabatická komprese";"Michal H. Kolář";"Fyzikální chemie A";4;"ideální plyn,adiabatický děj,objemová práce,vnitřní energie,tepelná kapacita,W";"cvičení";"B403001";;"https://web.microsoftstream.com/video/2c8c61f4-225b-42d8-9775-53533020d726?channelId=56adaefb-5b52-4cc9-9ede-7d5941efb02c";1
"https://vscht.sharepoint.com/sites/403-O365-videastavufyziklnchemie/_layouts/15/stream.aspx?UniqueId=1a8a5085%2Ddad0%2D50db%2Db466%2Dd665cac162da&Translate=false&referrer=StreamWebApp%2EWeb&referrerScenario=AddressBarCopied%2Eview%2E3f5c725a%2D8721%2D4710%2Dae8c%2D8594bf38b290";"Teplý hliník";"Michal H. Kolář";"Fyzikální chemie A";5;"tepelná kapacita,entalpie tání,numerické řešení,Wolfram Alpha,Cp";"cvičení";"B403001";;"https://web.microsoftstream.com/video/25a6b034-4260-4881-9527-7dafd66e6837?channelId=56adaefb-5b52-4cc9-9ede-7d5941efb02c";1
"https://vscht.sharepoint.com/sites/403-O365-videastavufyziklnchemie/_layouts/15/stream.aspx?UniqueId=9d90a8cb%2D8ce8%2D58c1%2D5a18%2De5110fa21f7f&Translate=false&referrer=StreamWebApp%2EWeb&referrerScenario=AddressBarCopied%2Eview%2E8efb169e%2D9535%2D4937%2Db71d%2Df6e2bebd0494";"Různé entalpie";"Michal H. Kolář";"Fyzikální chemie A";5;"Hessův zákon,reakční entalpie,slučovací entalpie,spalná entalpie";"cvičení";"B403001";;"https://web.microsoftstream.com/video/7199da33-1c1c-42b4-8522-8da53d070684?channelId=56adaefb-5b52-4cc9-9ede-7d5941efb02c";1
"https://vscht.sharepoint.com/sites/403-O365-videastavufyziklnchemie/_layouts/15/stream.aspx?UniqueId=974e32ee%2D3a13%2D5b6c%2Da388%2D439326279c0e&Translate=false&referrer=StreamWebApp%2EWeb&referrerScenario=AddressBarCopied%2Eview%2E65125430%2D407a%2D4125%2D9827%2D4a1fa9bbd5ea";"Kirchhoffův zákon";"Michal H. Kolář";"Fyzikální chemie A";5;"reakční entalpie,termodynamický cyklus,tepelná kapacita,Cp";"cvičení";"B403001";;"https://web.microsoftstream.com/video/8e6b96ff-4082-454f-93da-3562cd2b91ed?channelId=56adaefb-5b52-4cc9-9ede-7d5941efb02c";1
"https://vscht.sharepoint.com/sites/403-O365-videastavufyziklnchemie/_layouts/15/stream.aspx?UniqueId=1971ca96%2D37d9%2D5e9b%2D785a%2D8d0ae109fc02&Translate=false&referrer=StreamWebApp%2EWeb&referrerScenario=AddressBarCopied%2Eview%2E26ca6923%2D4d41%2D4cf6%2D8693%2D163ae28cc4d9";"Hydrogenace";"Michal H. Kolář";"Fyzikální chemie A";5;"entalpická bilance,tepelná kapacita,slučovací entalpie,reakční entalpie,Cp";"cvičení";"B403001";;"https://web.microsoftstream.com/video/fbf72eaf-d7b7-4f2f-8bb6-69026b516f51?channelId=56adaefb-5b52-4cc9-9ede-7d5941efb02c";1
"https://vscht.sharepoint.com/sites/403-O365-videastavufyziklnchemie/_layouts/15/stream.aspx?UniqueId=b2803e17%2D47e7%2D5985%2Dc689%2De1f4913bbe5b&Translate=false&referrer=StreamWebApp%2EWeb&referrerScenario=AddressBarCopied%2Eview%2Ec550645b%2Dff27%2D4a02%2D92ca%2D5cac44f44da7";"Teplota plamene";"Michal H. Kolář";"Fyzikální chemie A";5;"entalpická bilance,adiabatický děj,reakční entalpie,slučovací entalpie,tepelná kapacita,Cp";"cvičení";"B403001";;"https://web.microsoftstream.com/video/a0fa0f00-7d8b-4c3e-a38c-915bf5abf480?channelId=56adaefb-5b52-4cc9-9ede-7d5941efb02c";1
"https://vscht.sharepoint.com/sites/403-O365-videastavufyziklnchemie/_layouts/15/stream.aspx?UniqueId=8929db0a%2D8f94%2D5195%2D63d7%2D665a86894704&Translate=false&referrer=StreamWebApp%2EWeb&referrerScenario=AddressBarCopied%2Eview%2E37c7148e%2D2613%2D4816%2Db032%2Dd8d8ec8d5007";"Parní stroj";"Michal H. Kolář";"Fyzikální chemie A";6;"teplo,práce,druhý zákon termodynamický,Carnotův cyklus,účinnost,Q,W,2. věta termodynamická,2. zákon termodynamický,druhá věta termodynamická,2. termodynamický zákon";"cvičení";"B403001";;"https://web.microsoftstream.com/video/99009b36-bb17-4428-9173-e22c3968f013?channelId=56adaefb-5b52-4cc9-9ede-7d5941efb02c";1
"https://vscht.sharepoint.com/sites/403-O365-videastavufyziklnchemie/_layouts/15/stream.aspx?UniqueId=e178547f%2De905%2D52b2%2D70bb%2D56b89d1d849c&Translate=false&referrer=StreamWebApp%2EWeb&referrerScenario=AddressBarCopied%2Eview%2E721dd7da%2Dae36%2D40a2%2Dbd23%2D86f9063041f6";"Maxwellovy vztahy";"Michal H. Kolář";"Fyzikální chemie A";6;"vnitřní energie,Helmholtzova energie,totální diferenciál,parciální derivace,entropie,tlak,U,A,S,p";"cvičení";"B403001";;"https://web.microsoftstream.com/video/75576a9c-0195-4ed2-aa11-d8c5bdb4e059?channelId=56adaefb-5b52-4cc9-9ede-7d5941efb02c";1
"https://vscht.sharepoint.com/sites/403-O365-videastavufyziklnchemie/_layouts/15/stream.aspx?UniqueId=714fe399%2D266b%2D5161%2D2a0c%2D5c53714a47c2&Translate=false&referrer=StreamWebApp%2EWeb&referrerScenario=AddressBarCopied%2Eview%2Ef514392c%2D79a8%2D4ffc%2D980e%2D0d8f931c96d5";"Vnitřní energie";"Michal H. Kolář";"Fyzikální chemie A";6;"ideální plyn,van der Waalsův plyn,stavová rovnice,parciální derivace,EOS";"cvičení";"B403001";;"https://web.microsoftstream.com/video/94e86240-e9a9-4a80-ac3e-b65fa1e1ba8d?channelId=56adaefb-5b52-4cc9-9ede-7d5941efb02c";1
"https://vscht.sharepoint.com/sites/403-O365-videastavufyziklnchemie/_layouts/15/stream.aspx?UniqueId=86506f8c%2Da477%2D5a5b%2D573d%2D44e50f480f58&Translate=false&referrer=StreamWebApp%2EWeb&referrerScenario=AddressBarCopied%2Eview%2Ee1ea272b%2D88a4%2D4aee%2Db1a1%2Ded7ef5351c34";"Entropie ideálního plynu";"Michal H. Kolář";"Fyzikální chemie A";6;"entropie,2. zákon termodynamický,izotermický děj,slunéčko východní,druhý zákon termodynamický,druhá věta termodynamická,2. věta termodynamická,2. termodynamický zákon";"cvičení";"B403001";;"https://web.microsoftstream.com/video/4266ac5d-f1a8-4fd3-a997-bdad4909ca6a?channelId=56adaefb-5b52-4cc9-9ede-7d5941efb02c";1
"https://vscht.sharepoint.com/sites/403-O365-videastavufyziklnchemie/_layouts/15/stream.aspx?UniqueId=e5ffdff9%2D96fb%2D5b82%2De878%2D349dbabbc8fc&Translate=false&referrer=StreamWebApp%2EWeb&referrerScenario=AddressBarCopied%2Eview%2E7ff3e0ed%2Db249%2D42c4%2Da48c%2D8a046efa965b";"Teplota varu rtuti";"Michal H. Kolář";"Fyzikální chemie A";6;"výparná entalpie,výparná entropie,normální bod varu";"cvičení";"B403001";;"https://web.microsoftstream.com/video/8c0c59ed-eb0c-485d-97bd-285d0786d38c?channelId=56adaefb-5b52-4cc9-9ede-7d5941efb02c";1
"https://vscht.sharepoint.com/sites/403-O365-videastavufyziklnchemie/_layouts/15/stream.aspx?UniqueId=e3262d8b%2D4ca5%2D5085%2Dd9e1%2D754f26cf9d79&Translate=false&referrer=StreamWebApp%2EWeb&referrerScenario=AddressBarCopied%2Eview%2Ef382c02f%2Dc829%2D4dc8%2Db859%2Dede589a761b6";"Izobarický děj";"Michal H. Kolář";"Fyzikální chemie A";6;"entalpie,entropie,tepelná kapacita,integrace,Wolfram Alpha,H,S,Cp";"cvičení";"B403001";;"https://web.microsoftstream.com/video/26b4f777-6dde-416c-aa55-2be328ef2cc0?channelId=56adaefb-5b52-4cc9-9ede-7d5941efb02c";1
"https://vscht.sharepoint.com/sites/403-O365-videastavufyziklnchemie/_layouts/15/stream.aspx?UniqueId=bc8972be%2Dbec2%2D5b51%2D4245%2D1e50656440d5&Translate=false&referrer=StreamWebApp%2EWeb&referrerScenario=AddressBarCopied%2Eview%2E60e825d6%2Daac6%2D42b3%2Dbef8%2Ddc7080d267d3";"Mrazák";"Michal H. Kolář";"Fyzikální chemie A";6;"tepelný stroj,účinnost,2. zákon termodynamický,chlazení,fázový přechod,kanec,kukuřice,druhý zákon termodynamický,druhá věta termodynamická,2. věta termodynamická,2. termodynamický zákon";"cvičení";"B403001";;"https://web.microsoftstream.com/video/6831796d-addb-414c-b942-46468234e68b?channelId=56adaefb-5b52-4cc9-9ede-7d5941efb02c";1
"https://vscht.sharepoint.com/sites/403-O365-videastavufyziklnchemie/_layouts/15/stream.aspx?UniqueId=a6026fc9%2D9ab6%2D5ab0%2Dc622%2D5213f9d00cf9&Translate=false&referrer=StreamWebApp%2EWeb&referrerScenario=AddressBarCopied%2Eview%2E514badd6%2Daf9b%2D48aa%2Db58f%2Dd2e39f517919";"Entropie grafitu";"Michal H. Kolář";"Fyzikální chemie A";7;"absolutní entropie,3. zákon termodynamický,Gibbsova energie,diamant,G,třetí zákon termodynamický,třetí věta termodynamická,3. věta termodynamická,3. termodynamický zákon";"cvičení";"B403001";;"https://web.microsoftstream.com/video/692d8a8f-63ed-4ae1-932a-7eab7ed6bbe7?channelId=56adaefb-5b52-4cc9-9ede-7d5941efb02c";1
"https://vscht.sharepoint.com/sites/403-O365-videastavufyziklnchemie/_layouts/15/stream.aspx?UniqueId=b7af3b89%2D6f1c%2D53f4%2D10c8%2D4aa72cf8b3ec&Translate=false&referrer=StreamWebApp%2EWeb&referrerScenario=AddressBarCopied%2Eview%2E0e2ca1d3%2D81b3%2D4b27%2D83f0%2Dff1b91c060e9";"Neideální tepelná kapacita";"Michal H. Kolář";"Fyzikální chemie A";7;"izobarická tepelná kapacita,izochorická tepelná kapacita,neideiální plyn,viriální rozvoj,parciální derivace";"cvičení";"B403001";;"https://web.microsoftstream.com/video/f4fabff9-02a5-45b0-96e8-97ea4e1d6db3?channelId=56adaefb-5b52-4cc9-9ede-7d5941efb02c";1
"https://vscht.sharepoint.com/sites/403-O365-videastavufyziklnchemie/_layouts/15/stream.aspx?UniqueId=21e16a71%2Dc333%2D5b33%2D0017%2Df84058539cea&Translate=false&referrer=StreamWebApp%2EWeb&referrerScenario=AddressBarCopied%2Eview%2E2105079a%2D7848%2D46be%2Db576%2Dfd7cfea73158";"Gibbsova energie";"Michal H. Kolář";"Fyzikální chemie A";7;"Gibbsova energie,absolutní entropie,integrace,izobarický děj,G";"cvičení";"B403001";;"https://web.microsoftstream.com/video/b2fe6338-fd33-4cf0-86b4-d42710b52c37?channelId=56adaefb-5b52-4cc9-9ede-7d5941efb02c";1
"https://vscht.sharepoint.com/sites/403-O365-videastavufyziklnchemie/_layouts/15/stream.aspx?UniqueId=bc5680e2%2Db1d8%2D5e40%2D0029%2D2459fc75d58e&Translate=false&referrer=StreamWebApp%2EWeb&referrerScenario=AddressBarCopied%2Eview%2E4d38cb8d%2Dfc43%2D4dfa%2D89b7%2Dcb7c8a59ca71";"Entropie";"Michal H. Kolář";"Fyzikální chemie A";7;"statistická entropie,Boltzmannův vztah,polypropylen";"cvičení";"B403001";;"https://web.microsoftstream.com/video/27939640-6331-4652-85de-4d77ddc69194?channelId=56adaefb-5b52-4cc9-9ede-7d5941efb02c";1
"https://vscht.sharepoint.com/sites/403-O365-videastavufyziklnchemie/_layouts/15/stream.aspx?UniqueId=7b76d316%2Da410%2D594a%2D525a%2D06bd61f2daca&Translate=false&referrer=StreamWebApp%2EWeb&referrerScenario=AddressBarCopied%2Eview%2Eeba45ab9%2D8deb%2D44f4%2Db913%2Da9be775a224f";"Boltzmannova pravděpodobnost";"Michal H. Kolář";"Fyzikální chemie A";7;"populace energetických hladin,energetický přechod,vlnová délka,vodík";"cvičení";"B403001";;"https://web.microsoftstream.com/video/8e45a6bb-8d81-4319-8046-1386bdc83569?channelId=56adaefb-5b52-4cc9-9ede-7d5941efb02c";1
"https://vscht.sharepoint.com/sites/403-O365-videastavufyziklnchemie/_layouts/15/stream.aspx?UniqueId=e68e57df%2D3126%2D5d5b%2D84e1%2D1496e687f0e5&Translate=false&referrer=StreamWebApp%2EWeb&referrerScenario=AddressBarCopied%2Eview%2Efb7b9dc6%2D8fe0%2D4b8e%2D83b5%2D14cf9848e21b";"Gibbsova energie kapaliny";"Michal H. Kolář";"Fyzikální chemie A";8;"závislost G na p,molární objem,diferenciál,parciální derivace,závislost Gibbsovy energie na tlaku";"cvičení";"B403001";;"https://web.microsoftstream.com/video/66781695-016f-41d2-924d-271d502586bc?channelId=56adaefb-5b52-4cc9-9ede-7d5941efb02c";1
"https://vscht.sharepoint.com/sites/403-O365-videastavufyziklnchemie/_layouts/15/stream.aspx?UniqueId=7cb5922d%2De798%2D5a46%2D5226%2D56fe818f1864&Translate=false&referrer=StreamWebApp%2EWeb&referrerScenario=AddressBarCopied%2Eview%2E0bbcd876%2D8520%2D4de0%2D8fff%2Dbc12e307c262";"Jouleův-Thomsonův koeficient";"Michal H. Kolář";"Fyzikální chemie A";8;"izoentalpický děj,škrcení plynu,neideální plyn,Maxwellovy vztahy,molární objem";"cvičení";"B403001";;"https://web.microsoftstream.com/video/a24299fa-489e-4fcb-b338-130d903e30eb?channelId=56adaefb-5b52-4cc9-9ede-7d5941efb02c";1
"https://vscht.sharepoint.com/sites/403-O365-videastavufyziklnchemie/_layouts/15/stream.aspx?UniqueId=4ef27dd1%2D9021%2D567d%2D1b01%2Dab520c0b4888&Translate=false&referrer=StreamWebApp%2EWeb&referrerScenario=AddressBarCopied%2Eview%2Efef3f1d3%2Dccc5%2D4833%2D9cad%2D090d8f084ac5";"Gibbsova energie nevratného děje";"Michal H. Kolář";"Fyzikální chemie A";8;"nevratný děj,neideální plyn,viriálový rozvoj,kompresibilitní faktor,molární objem";"cvičení";"B403001";;"https://web.microsoftstream.com/video/d741a290-81b7-4a46-affc-acb0ae4f3be4?channelId=56adaefb-5b52-4cc9-9ede-7d5941efb02c";1
"https://vscht.sharepoint.com/sites/403-O365-videastavufyziklnchemie/_layouts/15/stream.aspx?UniqueId=34abd621%2Dbb1b%2D5a16%2Dd6ae%2Db672cef2b919&Translate=false&referrer=StreamWebApp%2EWeb&referrerScenario=AddressBarCopied%2Eview%2E67d45d81%2Db439%2D4fc3%2Da710%2D97256c3387c7";"Podchlazená voda";"Michal H. Kolář";"Fyzikální chemie A";8;"metastabilní stav,nevratný děj,entropie,teplo,tepelná kapacita,S,Cp";"cvičení";"B403001";;"https://web.microsoftstream.com/video/f5629d4d-0496-42e5-af77-544336c96475?channelId=56adaefb-5b52-4cc9-9ede-7d5941efb02c";1
"https://vscht.sharepoint.com/sites/403-O365-videastavufyziklnchemie/_layouts/15/stream.aspx?UniqueId=13f2f136%2Dd3ae%2D57f3%2D5cbb%2D907f8730c447&Translate=false&referrer=StreamWebApp%2EWeb&referrerScenario=AddressBarCopied%2Eview%2E9f1f0b93%2D29eb%2D486f%2D8ec9%2D1e34183d37e6";"Entropie nevratného děje";"Michal H. Kolář";"Fyzikální chemie A";8;"entropie,teplo,tepelná kapacita,adiabatický děj,S,Cp";"cvičení";"B403001";;"https://web.microsoftstream.com/video/da22a85c-add0-4e07-8aac-e988620ebf92?channelId=56adaefb-5b52-4cc9-9ede-7d5941efb02c";1
"https://vscht.sharepoint.com/sites/403-O365-videastavufyziklnchemie/_layouts/15/stream.aspx?UniqueId=c69f2b5b%2Dd6b2%2D5082%2D3d0f%2Ded9ae3ba07b6&Translate=false&referrer=StreamWebApp%2EWeb&referrerScenario=AddressBarCopied%2Eview%2Eccc99737%2D3d25%2D4487%2Dbfea%2D96d5de46a24c";"Entropie mísení";"Michal H. Kolář";"Fyzikální chemie A";9;"ideální roztok,entropie,směšovací veličiny,látkový zlomek,S";"cvičení";"B403001";;"https://web.microsoftstream.com/video/a246e5ae-ae3e-40ae-81bf-21e6775ae172?channelId=56adaefb-5b52-4cc9-9ede-7d5941efb02c";1
"https://vscht.sharepoint.com/sites/403-O365-videastavufyziklnchemie/_layouts/15/stream.aspx?UniqueId=64509dac%2D9d2a%2D5de0%2D2ce8%2D69259e0e8927&Translate=false&referrer=StreamWebApp%2EWeb&referrerScenario=AddressBarCopied%2Eview%2Ed0c229ef%2D45ec%2D4124%2Da0a6%2De8c423f3922c";"Gibbsova energie mísení";"Michal H. Kolář";"Fyzikální chemie A";9;"ideální roztok,směšovací veličiny,entropie,entalpie,S,H";"cvičení";"B403001";;"https://web.microsoftstream.com/video/97f71ca5-6e77-41f7-963b-c7dc145ed8db?channelId=56adaefb-5b52-4cc9-9ede-7d5941efb02c";1
"https://vscht.sharepoint.com/sites/403-O365-videastavufyziklnchemie/_layouts/15/stream.aspx?UniqueId=e77890dc%2D267d%2D5570%2Daa0b%2D100427221327&Translate=false&referrer=StreamWebApp%2EWeb&referrerScenario=AddressBarCopied%2Eview%2E501e87d1%2D21c7%2D472c%2Db560%2Db403ed9964d3";"Dodatkové veličiny";"Michal H. Kolář";"Fyzikální chemie A";9;"neideální směs,Gibbsova energie,dodatková entalpie,dodatková entropie,směšovací veličiny,látkový zlomek,G";"cvičení";"B403001";;"https://web.microsoftstream.com/video/13a0eca2-7688-4f02-82fe-240e9929db56?channelId=56adaefb-5b52-4cc9-9ede-7d5941efb02c";1
"https://vscht.sharepoint.com/sites/403-O365-videastavufyziklnchemie/_layouts/15/stream.aspx?UniqueId=3c3be624%2D1fc7%2D5623%2D9da2%2Dae2bd68ef42d&Translate=false&referrer=StreamWebApp%2EWeb&referrerScenario=AddressBarCopied%2Eview%2E4e2a6a57%2De829%2D4cfe%2Da754%2De7c66a0f2c89";"Parciální molární objem";"Michal H. Kolář";"Fyzikální chemie A";9;"neideální směs,ethanol,hustota";"cvičení";"B403001";;"https://web.microsoftstream.com/video/d7d53c64-9dc9-46f7-979b-a8b974a7c044?channelId=56adaefb-5b52-4cc9-9ede-7d5941efb02c";1
"https://vscht.sharepoint.com/sites/403-O365-videastavufyziklnchemie/_layouts/15/stream.aspx?UniqueId=6a7303ca%2D1095%2D51b4%2D73a5%2D3b645f43ff30&Translate=false&referrer=StreamWebApp%2EWeb&referrerScenario=AddressBarCopied%2Eview%2E0a4d62fc%2D31b2%2D4518%2D832c%2Dce4172c01faf";"Gibbsova-Duhemova rovnice";"Michal H. Kolář";"Fyzikální chemie A";9;"parciální molární veličiny,dodatkový objem,neideální směs,Wolfram Alpha,Tatranský čaj";"cvičení";"B403001";;"https://web.microsoftstream.com/video/227ba1bf-1182-4047-beb1-2ef792e3ec99?channelId=56adaefb-5b52-4cc9-9ede-7d5941efb02c";1
"https://vscht.sharepoint.com/sites/403-O365-videastavufyziklnchemie/_layouts/15/stream.aspx?UniqueId=2faf9901%2Dbc39%2D5903%2D1b38%2De8ca42b7631b&Translate=false&referrer=StreamWebApp%2EWeb&referrerScenario=AddressBarCopied%2Eview%2E63444a8d%2Dd2c2%2D48fd%2Da357%2De6d8c573d8f2";"Neideální směs";"Michal H. Kolář";"Fyzikální chemie A";9;"dodatková entalpie,triethylamin,Wolfram Alpha,izobarická tepelná kapacita";"cvičení";"B403001";;"https://web.microsoftstream.com/video/fd301f6d-01c1-45c9-9ea4-379a8384372a?channelId=56adaefb-5b52-4cc9-9ede-7d5941efb02c";1
"https://web.microsoftstream.com/video/ad0692e4-2ed9-4153-9dcd-72ed79098336";"Neideální směs (retro 1. koronavlna)";"Michal H. Kolář";"Fyzikální chemie A";9;"dodatková entalpie,izobarická tepelná kapacita,triethylamin";"cvičení";"B403001";;"https://web.microsoftstream.com/video/ad0692e4-2ed9-4153-9dcd-72ed79098336?channelId=56adaefb-5b52-4cc9-9ede-7d5941efb02c";0
"https://vscht.sharepoint.com/sites/403-O365-videastavufyziklnchemie/_layouts/15/stream.aspx?UniqueId=cac4c236%2D84dc%2D5051%2D37b6%2D3f21f2ead54e&Translate=false&referrer=StreamWebApp%2EWeb&referrerScenario=AddressBarCopied%2Eview%2E7512ab02%2D738e%2D4117%2D9121%2D735c1907dcdf";"Fugacita z diagramu";"Michal H. Kolář";"Fyzikální chemie A";10;"neideální plyn,generalizovaný diagram fugacitních koeficientů,redukovaná teplota,redukovaný tlak";"cvičení";"B403001";;"https://web.microsoftstream.com/video/731f3375-38ed-4a18-93fa-4b8766f7af75?channelId=56adaefb-5b52-4cc9-9ede-7d5941efb02c";1
"https://vscht.sharepoint.com/sites/403-O365-videastavufyziklnchemie/_layouts/15/stream.aspx?UniqueId=74c04c77%2Dd707%2D5851%2Daca8%2Dff3b616fd03d&Translate=false&referrer=StreamWebApp%2EWeb&referrerScenario=AddressBarCopied%2Eview%2E4271e171%2D08b2%2D40d7%2Da966%2D837025d20bf7";"Dodatkový chemický potenciál";"Michal H. Kolář";"Fyzikální chemie A";10;"neideální plyn,fugacita,fugacitní koeficient,viriálový rozvoj,druhý viriálový koeficient";"cvičení";"B403001";;"https://web.microsoftstream.com/video/129b8de2-a4f7-4d42-a61c-8e48321207f2?channelId=56adaefb-5b52-4cc9-9ede-7d5941efb02c";1
"https://vscht.sharepoint.com/sites/403-O365-videastavufyziklnchemie/_layouts/15/stream.aspx?UniqueId=0a7a10c2%2Dd824%2D530a%2D2c7a%2D1bb47be1fa37&Translate=false&referrer=StreamWebApp%2EWeb&referrerScenario=AddressBarCopied%2Eview%2Ef64cbbab%2D8897%2D4c6a%2D976b%2Dd25ec9e38103";"Fugacita ze stavové rovnice";"Michal H. Kolář";"Fyzikální chemie A";10;"neideální plyn,fugacitní koeficient";"cvičení";"B403001";;"https://web.microsoftstream.com/video/c8ac2bdb-29d1-472a-a989-67c7557945c1?channelId=56adaefb-5b52-4cc9-9ede-7d5941efb02c";1
"https://vscht.sharepoint.com/sites/403-O365-videastavufyziklnchemie/_layouts/15/stream.aspx?UniqueId=d1ff1211%2D5f58%2D59e5%2De79b%2D1b16b251496a&Translate=false&referrer=StreamWebApp%2EWeb&referrerScenario=AddressBarCopied%2Eview%2E483bb92c%2D3ef6%2D4161%2D9910%2D01076383c86a";"Fugacita složek směsi";"Michal H. Kolář";"Fyzikální chemie A";10;"neideální plyn,směs plynů,fugacitní koeficient,redukovaná teplota,redukovaný tlak,Amagatův zákon,Lewisovo–Randallovo pravidlo,generalizovaný diagram fugacitních koeficientů";"cvičení";"B403001";;"https://web.microsoftstream.com/video/0d6a8f6f-6ea3-4b74-be29-bdd03a344386?channelId=56adaefb-5b52-4cc9-9ede-7d5941efb02c";1
"https://vscht.sharepoint.com/sites/403-O365-videastavufyziklnchemie/_layouts/15/stream.aspx?UniqueId=2af033cc%2D8e1f%2D58ba%2D88d9%2D20a79fd125cc&Translate=false&referrer=StreamWebApp%2EWeb&referrerScenario=AddressBarCopied%2Eview%2E264919f8%2D9eaa%2D478c%2D910c%2D1499aa4174de";"Dodatková Gibbsova energie";"Michal H. Kolář";"Fyzikální chemie A";10;"neideální směs,aktivita,aktivitní koeficient,směšovací Gibbsova energie";"cvičení";"B403001";;"https://web.microsoftstream.com/video/f7b6beea-8cc3-4192-8e30-da9ab2d2eed6?channelId=56adaefb-5b52-4cc9-9ede-7d5941efb02c";1
"https://vscht.sharepoint.com/sites/403-O365-videastavufyziklnchemie/_layouts/15/stream.aspx?UniqueId=68bdf41d%2Dd429%2D5e40%2D8ffc%2D8816067863d8&Translate=false&referrer=StreamWebApp%2EWeb&referrerScenario=AddressBarCopied%2Eview%2Eed138e42%2Db93b%2D4fce%2Da1b2%2Da2996ab305b6";"Allotropická modifikace";"Michal H. Kolář";"Fyzikální chemie A";11;"Clapeyronova rovnice,fázový přechod,specifický objem,síra";"cvičení";"B403001";;"https://web.microsoftstream.com/video/4f500939-18f4-4bd9-930c-3f17ccfdfff4?channelId=56adaefb-5b52-4cc9-9ede-7d5941efb02c";1
"https://vscht.sharepoint.com/sites/403-O365-videastavufyziklnchemie/_layouts/15/stream.aspx?UniqueId=d64ab4ec%2D3cf7%2D532d%2Dbad0%2D1dff4fb4ee09&Translate=false&referrer=StreamWebApp%2EWeb&referrerScenario=AddressBarCopied%2Eview%2E0f1f9de0%2De64b%2D49a7%2D9524%2Df1afd1560c19";"Clapeyronova rovnice";"Michal H. Kolář";"Fyzikální chemie A";11;"teplota tání,fázový přechod,entalpie tání,specifický objem";"cvičení";"B403001";;"https://web.microsoftstream.com/video/e9d48806-6237-4f6c-a039-936f52ff5840?channelId=56adaefb-5b52-4cc9-9ede-7d5941efb02c";1
"https://vscht.sharepoint.com/sites/403-O365-videastavufyziklnchemie/_layouts/15/stream.aspx?UniqueId=8627a1ee%2D9ea6%2D5947%2D705b%2D54fee87051b3&Translate=false&referrer=StreamWebApp%2EWeb&referrerScenario=AddressBarCopied%2Eview%2Ec34e09ca%2Da0a7%2D4afa%2D9f02%2D92aceadd1754";"Bod varu na horách";"Michal H. Kolář";"Fyzikální chemie A";11;"Clausiova–Clapeyronova rovnice,vypařování,Mont Blanc,výparná entalpie";"cvičení";"B403001";;"https://web.microsoftstream.com/video/b7fdcda2-7152-4387-b454-8cc750bb9c15?channelId=56adaefb-5b52-4cc9-9ede-7d5941efb02c";1
"https://vscht.sharepoint.com/sites/403-O365-videastavufyziklnchemie/_layouts/15/stream.aspx?UniqueId=b8cfb68c%2D5336%2D564d%2D8b56%2D7216f8607a4e&Translate=false&referrer=StreamWebApp%2EWeb&referrerScenario=AddressBarCopied%2Eview%2Eb30e9d92%2De01a%2D4a79%2D8fe6%2Db6f6f72f8e99";"Plyn v nádobě";"Michal H. Kolář";"Fyzikální chemie A";11;"Clausiova–Clapeyronova rovnice,autokláv,tlak nasycených par,ideální plyn";"cvičení";"B403001";;"https://web.microsoftstream.com/video/fd199c82-d676-4697-b57b-d4ce2c845fcd?channelId=56adaefb-5b52-4cc9-9ede-7d5941efb02c";1
"https://vscht.sharepoint.com/sites/403-O365-videastavufyziklnchemie/_layouts/15/stream.aspx?UniqueId=19218bd6%2D695c%2D5ad6%2D999f%2D9dc586c322a2&Translate=false&referrer=StreamWebApp%2EWeb&referrerScenario=AddressBarCopied%2Eview%2E45770f4a%2De595%2D4cf3%2Db396%2D5cd6d7c8e014";"Antoineova rovnice";"Michal H. Kolář";"Fyzikální chemie A";11;"Clausiova–Clapeyrovnova rovnice,rovnováha kapalina-pára,tlak nasycených par,výparná entalpie,normální bod varu,VLE";"cvičení";"B403001";;"https://web.microsoftstream.com/video/149d5f36-291f-4e26-b9bb-e640a07a74c8?channelId=56adaefb-5b52-4cc9-9ede-7d5941efb02c";1
"https://vscht.sharepoint.com/sites/403-O365-videastavufyziklnchemie/_layouts/15/stream.aspx?UniqueId=218983d8%2D994b%2D5500%2De0a3%2De4fafcb4803d&Translate=false&referrer=StreamWebApp%2EWeb&referrerScenario=AddressBarCopied%2Eview%2E9e21bc3f%2D22a8%2D4bbc%2D9ad5%2De20f16eb37ff";"Raoultův zákon";"Michal H. Kolář";"Fyzikální chemie A";12;"ideální směs,rovnováha kapalina-pára,normální bod varu,tlak nasycených par,VLE";"cvičení";"B403001";;"https://web.microsoftstream.com/video/5fc7fac9-da3b-4c86-924a-22c4f721043b?channelId=56adaefb-5b52-4cc9-9ede-7d5941efb02c";1
"https://vscht.sharepoint.com/sites/403-O365-videastavufyziklnchemie/_layouts/15/stream.aspx?UniqueId=8840a6cb%2Da2ac%2D5e05%2Da80c%2D4549c855f228&Translate=false&referrer=StreamWebApp%2EWeb&referrerScenario=AddressBarCopied%2Eview%2E62a3e69b%2D7957%2D4a35%2Db469%2D47f47a9f190e";"Tlak nasycených par";"Michal H. Kolář";"Fyzikální chemie A";12;"Raoultův zákon,rovnováha kapalina-pára,Daltonův zákon,ideální směs,Antoineova rovnice,VLE";"cvičení";"B403001";;"https://web.microsoftstream.com/video/2ddfd3b5-055f-4fed-a619-743428060e40?channelId=56adaefb-5b52-4cc9-9ede-7d5941efb02c";1
"https://vscht.sharepoint.com/sites/403-O365-videastavufyziklnchemie/_layouts/15/stream.aspx?UniqueId=45fa918f%2D5a29%2D5ba0%2D4e56%2Dc8734c1b7b00&Translate=false&referrer=StreamWebApp%2EWeb&referrerScenario=AddressBarCopied%2Eview%2Ee81355fe%2D2751%2D4e59%2Da230%2D9b233de6179d";"Rosný bod";"Michal H. Kolář";"Fyzikální chemie A";12;"Raoultův zákon,rovnováha kapalina-pára,Antoineova rovnice,ideální směs,VLE";"cvičení";"B403001";;"https://web.microsoftstream.com/video/4835044e-505b-458d-bad3-bb5d55945b91?channelId=56adaefb-5b52-4cc9-9ede-7d5941efb02c";1
"https://vscht.sharepoint.com/sites/403-O365-videastavufyziklnchemie/_layouts/15/stream.aspx?UniqueId=8da050fe%2D5fdf%2D58a2%2D1052%2D498c3994a757&Translate=false&referrer=StreamWebApp%2EWeb&referrerScenario=AddressBarCopied%2Eview%2E807c8463%2Deeac%2D4088%2D9363%2D8bc04790e35c";"Aktivitní koeficienty";"Michal H. Kolář";"Fyzikální chemie A";12;"regulární roztok,neideální směs,Raoultův zákon,tlak nasycených par";"cvičení";"B403001";;"https://web.microsoftstream.com/video/f6e55dd4-8048-4cff-88f2-3b428c5e584c?channelId=56adaefb-5b52-4cc9-9ede-7d5941efb02c";1
"https://vscht.sharepoint.com/sites/403-O365-videastavufyziklnchemie/_layouts/15/stream.aspx?UniqueId=0bb5d829%2De52c%2D52f3%2D2306%2D4953f135e629&Translate=false&referrer=StreamWebApp%2EWeb&referrerScenario=AddressBarCopied%2Eview%2Eeba711d9%2D902d%2D40cb%2D9f05%2De5de50dbb817";"Přehánění s vodní parou";"Michal H. Kolář";"Fyzikální chemie A";12;"destilace,nemísitelná směs,parciální tlak,tlak nasycených par";"cvičení";"B403001";;"https://web.microsoftstream.com/video/be53bd86-89a0-43c4-aee8-5d77fd488b3d?channelId=56adaefb-5b52-4cc9-9ede-7d5941efb02c";1
"https://vscht.sharepoint.com/sites/403-O365-videastavufyziklnchemie/_layouts/15/stream.aspx?UniqueId=f1e70198%2D12ed%2D529d%2Dabcc%2Dee66ce563c3f&Translate=false&referrer=StreamWebApp%2EWeb&referrerScenario=AddressBarCopied%2Eview%2E609f7d16%2Dc60f%2D457b%2D8cf1%2D603da9b0d588";"Henryho konstanta";"Michal H. Kolář";"Fyzikální chemie A";13;"rozpustnost plynů,molalita,ideální směs";"cvičení";"B403001";;"https://web.microsoftstream.com/video/3ae168e6-452a-4c78-a789-e0a3a49ca5c8?channelId=56adaefb-5b52-4cc9-9ede-7d5941efb02c";1
"https://vscht.sharepoint.com/sites/403-O365-videastavufyziklnchemie/_layouts/15/stream.aspx?UniqueId=fe47ddd7%2D32e3%2D5aa1%2D7dd2%2Dad77e519cedd&Translate=false&referrer=StreamWebApp%2EWeb&referrerScenario=AddressBarCopied%2Eview%2E5d11017e%2Dd1b3%2D4966%2D871f%2D2ad8750ffcf1";"Nernstův rozdělovací zákon";"Michal H. Kolář";"Fyzikální chemie A";13;"rozdělovací koeficient,rozpustnost,extrakce,jód";"cvičení";"B403001";;"https://web.microsoftstream.com/video/9a81e70b-5cb3-4f15-8d06-fc6f46090d40?channelId=56adaefb-5b52-4cc9-9ede-7d5941efb02c";1
"https://vscht.sharepoint.com/sites/403-O365-videastavufyziklnchemie/_layouts/15/stream.aspx?UniqueId=8b633373%2Df60f%2D54c1%2D5aa7%2D07b7eb3c7d37&Translate=false&referrer=StreamWebApp%2EWeb&referrerScenario=AddressBarCopied%2Eview%2E9643b8be%2D9ea6%2D4ea7%2Db2ae%2Dc5fb54aaeefd";"Omezeně mísitelné kapaliny";"Michal H. Kolář";"Fyzikální chemie A";13;"rovnováha kapalina-kapalina,pákové pravidlo,LLE";"cvičení";"B403001";;"https://web.microsoftstream.com/video/8e25e838-0df5-4d15-8f9c-700a73b47632?channelId=56adaefb-5b52-4cc9-9ede-7d5941efb02c";1
"https://vscht.sharepoint.com/sites/403-O365-videastavufyziklnchemie/_layouts/15/stream.aspx?UniqueId=849dc365%2De7b0%2D5e1d%2D9aa7%2D76a25bc5fd95&Translate=false&referrer=StreamWebApp%2EWeb&referrerScenario=AddressBarCopied%2Eview%2E6b8b346c%2D323c%2D4acc%2D8685%2Dc37dff58373e";"Ebulioskopie";"Michal H. Kolář";"Fyzikální chemie A";13;"ebulioskopická konstanta,bod varu,síra";"cvičení";"B403001";;"https://web.microsoftstream.com/video/05267cbf-3dd6-42a9-8729-7cc6ba13a8cb?channelId=56adaefb-5b52-4cc9-9ede-7d5941efb02c";1
"https://vscht.sharepoint.com/sites/403-O365-videastavufyziklnchemie/_layouts/15/stream.aspx?UniqueId=da9e60bb%2Da5e5%2D5c31%2Dedf0%2De12fce4fa039&Translate=false&referrer=StreamWebApp%2EWeb&referrerScenario=AddressBarCopied%2Eview%2E8b8edbca%2D4bef%2D4d72%2Db4fe%2Dd8dc80042a86";"Rovnováha kapalina-pevná látka";"Michal H. Kolář";"Fyzikální chemie A";13;"ideální směs,entalpie tuhnutí,led";"cvičení";"B403001";;"https://web.microsoftstream.com/video/fc681fe4-a5fb-47c6-82f8-a8b6b8fed918?channelId=56adaefb-5b52-4cc9-9ede-7d5941efb02c";1
"https://vscht.sharepoint.com/sites/403-O365-videastavufyziklnchemie/_layouts/15/stream.aspx?UniqueId=7f4d9285%2D775f%2D542d%2Daedb%2Dae8dad3a88a9&Translate=false&referrer=StreamWebApp%2EWeb&referrerScenario=AddressBarCopied%2Eview%2Ee98e32a2%2D8288%2D4535%2D9fe0%2D32646eaa322b";"Chemická rovnováha I – opakování";"Jiří Kolafa";"Fyzikální chemie B";1;"přehled termodynamiky,chemický potenciál";"přednáška";"B403002";"http://old.vscht.cz/fch/cz/pomucky/fchab/FCHB.html http://old.vscht.cz/fch/cz/pomucky/fchab/fchab14.pdf";"https://web.microsoftstream.com/video/5f41f85c-b26a-4a43-8b42-ba99e6055698";1
"https://vscht.sharepoint.com/sites/403-O365-videastavufyziklnchemie/_layouts/15/stream.aspx?UniqueId=a29311ed%2D6298%2D5683%2D6cec%2Da6322637515e&Translate=false&referrer=StreamWebApp%2EWeb&referrerScenario=AddressBarCopied%2Eview%2E6224a702%2Db2c9%2D4f36%2Dbf44%2D1f787d2daafa";"Chemická rovnováha";"Jiří Kolafa";"Fyzikální chemie B";1;"bilance,klíčová látka,stupeň přeměny,reakční Gibbsova energie";"přednáška";"B403002";"http://old.vscht.cz/fch/cz/pomucky/fchab/FCHB.html http://old.vscht.cz/fch/cz/pomucky/fchab/fchab14.pdf";"https://web.microsoftstream.com/video/ba551b7a-250c-4657-a773-db232a26a44b";1
"https://vscht.sharepoint.com/sites/403-O365-videastavufyziklnchemie/_layouts/15/stream.aspx?UniqueId=401d237e%2D5fd6%2D5b01%2D1549%2Db241fc6ee44c&Translate=false&referrer=StreamWebApp%2EWeb&referrerScenario=AddressBarCopied%2Eview%2Ede85c74a%2Dbe3f%2D4b06%2D9bde%2D4f0dfb6c2983";"Výpočet rovnovážné konstanty";"Jiří Kolafa";"Fyzikální chemie B";1;"závislost K na teplotě,vliv tlaku,vliv inertu";"přednáška";"B403002";"http://old.vscht.cz/fch/cz/pomucky/fchab/FCHB.html http://old.vscht.cz/fch/cz/pomucky/fchab/fchab14.pdf";"https://web.microsoftstream.com/video/abeb0407-166d-4060-bf6f-ae38ebec9754";1
"https://vscht.sharepoint.com/sites/403-O365-videastavufyziklnchemie/_layouts/15/stream.aspx?UniqueId=430f0c5d%2D356f%2D5ff3%2Dd37b%2De4a92d285d38&Translate=false&referrer=StreamWebApp%2EWeb&referrerScenario=AddressBarCopied%2Eview%2E38369a35%2D1116%2D46f0%2Dbff4%2D4bf910deefdc";"Chemická rovnováha II";"Jiří Kolafa";"Fyzikální chemie B";2;"rozkladné reakce,příklady,velké systémy";"přednáška";"B403002";"http://old.vscht.cz/fch/cz/pomucky/fchab/FCHB.html http://old.vscht.cz/fch/cz/pomucky/fchab/fchab15.pdf";"https://web.microsoftstream.com/video/cdd7eb71-17c7-4854-82cc-2ebc47fa0d92";1
"https://vscht.sharepoint.com/sites/403-O365-videastavufyziklnchemie/_layouts/15/stream.aspx?UniqueId=d1d45629%2D39d3%2D58c7%2D9138%2D4cd9cc2e32ca&Translate=false&referrer=StreamWebApp%2EWeb&referrerScenario=AddressBarCopied%2Eview%2E2de3e30e%2Dd029%2D4bc9%2Da268%2D9265b1fff39b";"Rovnováha v roztocích elektrolytů – pH silných a slabých kyselin a zásad";"Jiří Kolafa";"Fyzikální chemie B";3;"pH,disociace,konstanta acidity,disociační konstanta kyseliny";"přednáška";"B403002";"http://old.vscht.cz/fch/cz/pomucky/fchab/FCHB.html http://old.vscht.cz/fch/cz/pomucky/fchab/mikro04.pdf";"https://web.microsoftstream.com/video/5c1f5f8a-513e-41cd-9bf0-605d5534d429";1
"https://vscht.sharepoint.com/sites/403-O365-videastavufyziklnchemie/_layouts/15/stream.aspx?UniqueId=4dee7fd4%2Dd035%2D55e7%2D7ce2%2Da1a1acfddf39&Translate=false&referrer=StreamWebApp%2EWeb&referrerScenario=AddressBarCopied%2Eview%2Ea520c7ab%2Dd16c%2D49fd%2D9c22%2D1b4be229e2ff";"Rovnováha v roztocích elektrolytů – simultánní rovnováhy";"Jiří Kolafa";"Fyzikální chemie B";3;"speciace,pH deště,pH krasové vody";"přednáška";"B403002";"http://old.vscht.cz/fch/cz/pomucky/fchab/FCHB.html http://old.vscht.cz/fch/cz/pomucky/fchab/mikro04.pdf";"https://web.microsoftstream.com/video/c864f9fc-2fc0-4938-9ef4-d12296658318";1
"https://vscht.sharepoint.com/sites/403-O365-videastavufyziklnchemie/_layouts/15/stream.aspx?UniqueId=1e292bed%2Dd92d%2D5cb0%2D9d87%2Dcae38ee21092&Translate=false&referrer=StreamWebApp%2EWeb&referrerScenario=AddressBarCopied%2Eview%2Eb9ee3e95%2Dd7f2%2D49ca%2Dbe43%2D8aadec05ed4d";"Rovnováha v roztocích elektrolytů – málo rozpustné soli, pufry";"Jiří Kolafa";"Fyzikální chemie B";3;"součin rozpustnosti,pH krasové vody, pufr,Hendersonova–Hasselbalchova rovnice,krev";"přednáška";"B403002";"http://old.vscht.cz/fch/cz/pomucky/fchab/FCHB.html http://old.vscht.cz/fch/cz/pomucky/fchab/mikro04.pdf";"https://web.microsoftstream.com/video/bd002003-d0c5-4904-bdf2-040fa4ade298";1
"https://vscht.sharepoint.com/sites/403-O365-videastavufyziklnchemie/_layouts/15/stream.aspx?UniqueId=d5db7ed4%2D0222%2D5a0b%2D56b2%2D665be25ed445&Translate=false&referrer=StreamWebApp%2EWeb&referrerScenario=AddressBarCopied%2Eview%2E8d7a43c6%2Da651%2D4e6a%2D823c%2D5418e8cefe4f";"Formální chemická kinetika – úvod";"Jiří Kolafa";"Fyzikální chemie B";4;"rychlost reakce,poločas,kinetická rovnice,formální kinetika,jednoduchá reakce,řád reakce";"přednáška";"B403002";"http://old.vscht.cz/fch/cz/pomucky/fchab/FCHB.html http://old.vscht.cz/fch/cz/pomucky/fchab/fchab17.pdf";"https://web.microsoftstream.com/video/2990e86e-5f20-452e-93b3-e84dd0d55341";1
"https://vscht.sharepoint.com/sites/403-O365-videastavufyziklnchemie/_layouts/15/stream.aspx?UniqueId=6747f61b%2D45c8%2D5c04%2D12ac%2D67dd87bac25d&Translate=false&referrer=StreamWebApp%2EWeb&referrerScenario=AddressBarCopied%2Eview%2E3e9b519f%2Deb03%2D4a45%2Dbfdb%2D7edef7c03142";"Formální chemická kinetika – měření, simultánní reakce";"Jiří Kolafa";"Fyzikální chemie B";4;"určení řádu reakce,následné reakce,vratné reakce,boční reakce,zákon působení aktivních hmot,Guldberg–Waage,bočné reakce";"přednáška";"B403002";"http://old.vscht.cz/fch/cz/pomucky/fchab/FCHB.html http://old.vscht.cz/fch/cz/pomucky/fchab/fchab17.pdf";"https://web.microsoftstream.com/video/d30108ab-e832-4eef-8a02-cf3fe13aa796";1
"https://vscht.sharepoint.com/sites/403-O365-videastavufyziklnchemie/_layouts/15/stream.aspx?UniqueId=690f8fe8%2Df007%2D5ce9%2D5de8%2D1ac09fa1ee0d&Translate=false&referrer=StreamWebApp%2EWeb&referrerScenario=AddressBarCopied%2Eview%2Eff9f3392%2D3a0f%2D453d%2Dbf0c%2Dd41c009a133b";"Mechanismy chemických reakcí – molekularita, Arrhenius, mechanismy";"Jiří Kolafa";"Fyzikální chemie B";5;"elementární reakce,Arrhenius,plocha potenciální energie,Lindemannův mechanismus,Arrheniův vztah,ozonová vrstva,řetězová reakce";"přednáška";"B403002";"http://old.vscht.cz/fch/cz/pomucky/fchab/FCHB.html http://old.vscht.cz/fch/cz/pomucky/fchab/mikro02.pdf";"https://web.microsoftstream.com/video/0abbeb95-d318-4a89-952c-7b68c475c764";1
"https://vscht.sharepoint.com/sites/403-O365-videastavufyziklnchemie/_layouts/15/stream.aspx?UniqueId=3698017d%2De297%2D5934%2D256f%2D77b06df36243&Translate=false&referrer=StreamWebApp%2EWeb&referrerScenario=AddressBarCopied%2Eview%2Ef106c8d4%2Db542%2D443b%2Db54c%2Dc8bbcfae7961";"Mechanismy chemických reakcí – katalýza, fotochemie";"Jiří Kolafa";"Fyzikální chemie B";5;"homogenní katalýza,enzym,Michaelis–Mentenová,kvantový výtěžek";"přednáška";"B403002";"http://old.vscht.cz/fch/cz/pomucky/fchab/FCHB.html http://old.vscht.cz/fch/cz/pomucky/fchab/mikro02.pdf";"https://web.microsoftstream.com/video/d3a589e5-9011-40fe-9b0c-5dcdceaf7b07";1
"https://vscht.sharepoint.com/sites/403-O365-videastavufyziklnchemie/_layouts/15/stream.aspx?UniqueId=6dbcff60%2D0a45%2D5f9f%2D0c3b%2Db1ed54ec53c1&Translate=false&referrer=StreamWebApp%2EWeb&referrerScenario=AddressBarCopied%2Eview%2E871927e8%2D21e3%2D45ef%2D87ff%2D1c61fddc5432";"Elektrická dvojvrstva";"Jiří Kolafa";"Fyzikální chemie B";6;"Poissonova rovnice,elektrická dvojvrstva,Gouy–Chapman,difuzní vrstva,povrchový náboj,stínění";"přednáška";"B403002";"http://old.vscht.cz/fch/cz/pomucky/fchab/FCHB.html http://old.vscht.cz/fch/cz/pomucky/fchab/fchab19.pdf";"https://web.microsoftstream.com/video/b765b87e-28e6-4353-843f-81d459f75b7c";1
"https://vscht.sharepoint.com/sites/403-O365-videastavufyziklnchemie/_layouts/15/stream.aspx?UniqueId=1b83c630%2D0626%2D5d65%2Da047%2D635d06f228ea&Translate=false&referrer=StreamWebApp%2EWeb&referrerScenario=AddressBarCopied%2Eview%2E241df9f7%2D3c6c%2D4c35%2D9b8b%2D23fcfac44b5f";"Debyeova–Hückelova teorie";"Jiří Kolafa";"Fyzikální chemie B";6;"aktivitní koeficient,Debye–Hückel,";"přednáška";"B403002";"http://old.vscht.cz/fch/cz/pomucky/fchab/FCHB.html http://old.vscht.cz/fch/cz/pomucky/fchab/fchab19.pdf";"https://web.microsoftstream.com/video/4f29ee90-be1a-42c2-93ee-09eac9053c1a";1
"https://vscht.sharepoint.com/sites/403-O365-videastavufyziklnchemie/_layouts/15/stream.aspx?UniqueId=15038bce%2Dca94%2D5228%2Dc0d3%2Dd72d783051a5&Translate=false&referrer=StreamWebApp%2EWeb&referrerScenario=AddressBarCopied%2Eview%2Eb74beb73%2D3e16%2D4720%2Da962%2D67db7bdd6aa8";"Faradayův zákon";"Jiří Kolafa";"Fyzikální chemie B";6;"elektrolýza,Faradayův zákon,coulometrie";"přednáška";"B403002";"http://old.vscht.cz/fch/cz/pomucky/fchab/FCHB.html http://old.vscht.cz/fch/cz/pomucky/fchab/fchab19.pdf";"https://web.microsoftstream.com/video/ea336bea-1126-4d75-82f0-1ba2e7cb67a5";1
"https://vscht.sharepoint.com/sites/403-O365-videastavufyziklnchemie/_layouts/15/stream.aspx?UniqueId=ec647a23%2D4e60%2D5d11%2D3c8e%2D4c3f601b03aa&Translate=false&referrer=StreamWebApp%2EWeb&referrerScenario=AddressBarCopied%2Eview%2Eb311d879%2D47c0%2D409f%2D8d78%2Dd1ade6c15bb5";"Elektrochemie – články – úvod, Nernstova rovnice";"Jiří Kolafa";"Fyzikální chemie B";7;"anoda,katoda,rovnovážné napětí,Beketovova řada,Nernstova rovnice";"přednáška";"B403002";"http://old.vscht.cz/fch/cz/pomucky/fchab/FCHB.html http://old.vscht.cz/fch/cz/pomucky/fchab/mikro05.pdf";"https://web.microsoftstream.com/video/a9c772d2-524f-4f98-b98e-562b1e30e7c4";1
"https://vscht.sharepoint.com/sites/403-O365-videastavufyziklnchemie/_layouts/15/stream.aspx?UniqueId=84cf0282%2D1b80%2D5659%2D7a6e%2Da622fc271263&Translate=false&referrer=StreamWebApp%2EWeb&referrerScenario=AddressBarCopied%2Eview%2E2bb1676c%2Df080%2D4f80%2D8124%2D4d645233d210";"Elektrochemie – elektrody";"Jiří Kolafa";"Fyzikální chemie B";7;"elektroda prvního druhu,elektroda druhého druhu,skleněná elektroda";"přednáška";"B403002";"http://old.vscht.cz/fch/cz/pomucky/fchab/FCHB.html http://old.vscht.cz/fch/cz/pomucky/fchab/mikro05.pdf";"https://web.microsoftstream.com/video/45db8b48-d42b-4ff8-822e-545ca072d484";1
"https://vscht.sharepoint.com/sites/403-O365-videastavufyziklnchemie/_layouts/15/stream.aspx?UniqueId=34924ce0%2Db243%2D5cc3%2Dd4bd%2Dae3c92169dd3&Translate=false&referrer=StreamWebApp%2EWeb&referrerScenario=AddressBarCopied%2Eview%2E8e7f79be%2Dc2a9%2D45ef%2D8d69%2Da24aedc9cc63";"Elektrochemie – články a baterie";"Jiří Kolafa";"Fyzikální chemie B";7;"difuzní potenciál,lithiová baterie,alkalický článek,akumulátor";"přednáška";"B403002";"http://old.vscht.cz/fch/cz/pomucky/fchab/FCHB.html http://old.vscht.cz/fch/cz/pomucky/fchab/mikro05.pdf";"https://web.microsoftstream.com/video/ba1bdd85-ad50-45be-804c-b55542842d09";1
"https://vscht.sharepoint.com/sites/403-O365-videastavufyziklnchemie/_layouts/15/stream.aspx?UniqueId=6a2d7f66%2Db267%2D57f1%2D7e6f%2D11c04cb0bcd6&Translate=false&referrer=StreamWebApp%2EWeb&referrerScenario=AddressBarCopied%2Eview%2E3639ecc8%2D1290%2D490c%2Da81b%2D306e0cc31234";"Elektrochemie – součin rozpustnosti, metody";"Jiří Kolafa";"Fyzikální chemie B";7;"součin rozpustnosti,přepětí,koroze,potenciometrie,voltametrie,polarografie";"přednáška";"B403002";"http://old.vscht.cz/fch/cz/pomucky/fchab/FCHB.html http://old.vscht.cz/fch/cz/pomucky/fchab/mikro05.pdf";"https://web.microsoftstream.com/video/17952d66-4d78-485d-bc44-1a25edf00ffd";1
"https://vscht.sharepoint.com/sites/403-O365-videastavufyziklnchemie/_layouts/15/stream.aspx?UniqueId=133feffb%2D9dda%2D5839%2Dd9c9%2D02f8eb11f757&Translate=false&referrer=StreamWebApp%2EWeb&referrerScenario=AddressBarCopied%2Eview%2E54d8d2b5%2D84fb%2D4923%2Db136%2Dcb8c0c5f5b36";"Transportní jevy, difuze";"Jiří Kolafa";"Fyzikální chemie B";8;"termodynamická síla,tok,difuze,Fickův zákon,Brownův pohyb,Einsteinova rovnice,Einsteinova–Stokesova rovnice,Stokesův poloměr,Brownův pohyb";"přednáška";"B403002";"http://old.vscht.cz/fch/cz/pomucky/fchab/FCHB.html http://old.vscht.cz/fch/cz/pomucky/fchab/mikro06.pdf";"https://web.microsoftstream.com/video/f9616e7c-aa1b-4f37-95bf-84d64ebb3a02";1
"https://vscht.sharepoint.com/sites/403-O365-videastavufyziklnchemie/_layouts/15/stream.aspx?UniqueId=67b4eef6%2D343b%2D535b%2D1546%2Daeb2298621de&Translate=false&referrer=StreamWebApp%2EWeb&referrerScenario=AddressBarCopied%2Eview%2E3a7dc2ea%2D3d84%2D48ab%2D8a02%2Dc86f9c2146ae";"Elektrická vodivost";"Jiří Kolafa";"Fyzikální chemie B";8;"elektrická vodivost,migrace,limitní molární vodivost,pohyblivost,Nernstova–Einsteinova rovnice,elektrochemický potenciál,Nernstova vrstva";"přednáška";"B403002";"http://old.vscht.cz/fch/cz/pomucky/fchab/FCHB.html http://old.vscht.cz/fch/cz/pomucky/fchab/mikro06.pdf";"https://web.microsoftstream.com/video/4d455ce9-7be7-437a-9d07-57441d7e8e21";1
"https://vscht.sharepoint.com/sites/403-O365-videastavufyziklnchemie/_layouts/15/stream.aspx?UniqueId=ecb4009c%2D84d3%2D54e0%2D34bb%2Dd8d8cf830b1c&Translate=false&referrer=StreamWebApp%2EWeb&referrerScenario=AddressBarCopied%2Eview%2Ed2acbf60%2D18b7%2D4b18%2Dbf91%2D84d1fa887167";"Vodivost slabého elektrolytu, převodová čísla";"Jiří Kolafa";"Fyzikální chemie B";8;"slabý elektrolyt,převodové číslo,měření vodivosti";"přednáška";"B403002";"http://old.vscht.cz/fch/cz/pomucky/fchab/FCHB.html http://old.vscht.cz/fch/cz/pomucky/fchab/mikro06.pdf";"https://web.microsoftstream.com/video/331dcea1-09df-4b60-98fb-32cf501551c4";1
"https://vscht.sharepoint.com/sites/403-O365-videastavufyziklnchemie/_layouts/15/stream.aspx?UniqueId=17f8be4d%2D7a1d%2D5f17%2D1df8%2D46e6a07ec079&Translate=false&referrer=StreamWebApp%2EWeb&referrerScenario=AddressBarCopied%2Eview%2E9361bf40%2D164c%2D4e3b%2D87af%2D8cb98c58c8a5";"Měření vodivosti, příklady";"Jiří Kolafa";"Fyzikální chemie B";8;"vodivostní cela";"přednáška";"B403002";"http://old.vscht.cz/fch/cz/pomucky/fchab/FCHB.html http://old.vscht.cz/fch/cz/pomucky/fchab/mikro06.pdf";"https://web.microsoftstream.com/video/13e8a1ee-68bb-4c28-bbe3-b5166108191a";1
"https://vscht.sharepoint.com/sites/403-O365-videastavufyziklnchemie/_layouts/15/stream.aspx?UniqueId=23684da7%2D7695%2D57bb%2Dbaec%2Decb6694acc71&Translate=false&referrer=StreamWebApp%2EWeb&referrerScenario=AddressBarCopied%2Eview%2E18d989de%2D4eb9%2D4b67%2D9d6f%2Dc98ff84c437e";"Elektrické jevy na membránách";"Jiří Kolafa";"Fyzikální chemie B";9;"membránový potenciál,elektrochemický potenciál,Donnanova rovnováha,Goldmanova rovnice,difuzní potenciál";"přednáška";"B403002";"http://old.vscht.cz/fch/cz/pomucky/fchab/FCHB.html http://old.vscht.cz/fch/cz/pomucky/fchab/fchab22.pdf";"https://web.microsoftstream.com/video/d84a7737-65ab-4f93-b054-a4b7c1a7cc3c";1
"https://vscht.sharepoint.com/sites/403-O365-videastavufyziklnchemie/_layouts/15/stream.aspx?UniqueId=1b15bdb7%2D50f3%2D5ddb%2D9b1a%2D48d853fbe0a7&Translate=false&referrer=StreamWebApp%2EWeb&referrerScenario=AddressBarCopied%2Eview%2Eb8ed706a%2D3d56%2D4e51%2D90d0%2D8c815d71d818";"Pokus – difuzní potenciál";"Jiří Kolafa";"Fyzikální chemie B";9;"difuzní potenciál,pokus,experiment";"přednáška";"B403002";"http://old.vscht.cz/fch/cz/pomucky/fchab/FCHB.html http://old.vscht.cz/fch/cz/pomucky/fchab/fchab22.pdf";"https://web.microsoftstream.com/video/7ecd9da3-025d-44d5-86d4-40a6dd013d3e";1
"https://vscht.sharepoint.com/sites/403-O365-videastavufyziklnchemie/_layouts/15/stream.aspx?UniqueId=c5f99b10%2D2367%2D5d6b%2Df29a%2Ddf5fa52cbf4a&Translate=false&referrer=StreamWebApp%2EWeb&referrerScenario=AddressBarCopied%2Eview%2Ead004da6%2D256d%2D4573%2D89da%2Dd79f8c13dd44";"Osmóza";"Jiří Kolafa";"Fyzikální chemie B";9;"osmotický tlak,van’t Hoffův faktor,koligativní vlastnost";"přednáška";"B403002";"http://old.vscht.cz/fch/cz/pomucky/fchab/FCHB.html http://old.vscht.cz/fch/cz/pomucky/fchab/fchab22.pdf";"https://web.microsoftstream.com/video/8e1e948d-f6fe-41ec-bfa9-8b49d8117ade";1
"https://vscht.sharepoint.com/sites/403-O365-videastavufyziklnchemie/_layouts/15/stream.aspx?UniqueId=8d300133%2Dbd14%2D5ca0%2Ddb7c%2Dc365f5927aa4&Translate=false&referrer=StreamWebApp%2EWeb&referrerScenario=AddressBarCopied%2Eview%2E32a25796%2D0aa1%2D4a18%2D9417%2D83152464f267";"Rozhraní, povrchové napětí";"Jiří Kolafa";"Fyzikální chemie B";10;"Laplaceův tlak,povrchové napětí,kapilární elevace,Youngova rovnice,rozestírání,kohezní práce,adhezní práce,Harkinsův koeficient";"přednáška";"B403002";"http://old.vscht.cz/fch/cz/pomucky/fchab/FCHB.html http://old.vscht.cz/fch/cz/pomucky/fchab/fchab23.pdf";"https://web.microsoftstream.com/video/24d3c358-ce06-4c71-8de0-9d6c5437faf1";1
"https://vscht.sharepoint.com/sites/403-O365-videastavufyziklnchemie/_layouts/15/stream.aspx?UniqueId=ff7426cc%2D7f20%2D58db%2D1eaf%2D5d005badb3de&Translate=false&referrer=StreamWebApp%2EWeb&referrerScenario=AddressBarCopied%2Eview%2E88fa2f89%2Dca20%2D46a1%2Db981%2Df7c4197ee946";"Kelvinova rovnice";"Jiří Kolafa";"Fyzikální chemie B";10;"Kelvinova rovnice,Gibbsova–Thomsonova rovnice,Ostwaldovo zrání,měření povrchového napětí";"přednáška";"B403002";"http://old.vscht.cz/fch/cz/pomucky/fchab/FCHB.html http://old.vscht.cz/fch/cz/pomucky/fchab/fchab23.pdf";"https://web.microsoftstream.com/video/07932650-2947-47cc-9b3f-8c22137a04b5";1
"https://vscht.sharepoint.com/sites/403-O365-videastavufyziklnchemie/_layouts/15/stream.aspx?UniqueId=324ff89d%2Dd8ce%2D5e9b%2D6bb1%2Df1037146cc88&Translate=false&referrer=StreamWebApp%2EWeb&referrerScenario=AddressBarCopied%2Eview%2E0bc72b8a%2D18bc%2D437c%2Daaaf%2Db2f0f8fe92ac";"pokus – nukleace podchlazené vody";"Jiří Kolafa";"Fyzikální chemie B";10;"pokus,podchlazená voda,nukleace,experiment";"přednáška";"B403002";"http://old.vscht.cz/fch/cz/pomucky/fchab/FCHB.html http://old.vscht.cz/fch/cz/pomucky/fchab/fchab23.pdf";"https://web.microsoftstream.com/video/4300111a-3bac-4dc4-8a93-410467276c54";1
"https://vscht.sharepoint.com/sites/403-O365-videastavufyziklnchemie/_layouts/15/stream.aspx?UniqueId=43b949b0%2Dd15b%2D5af5%2D028c%2D687e9b230531&Translate=false&referrer=StreamWebApp%2EWeb&referrerScenario=AddressBarCopied%2Eview%2Efaf86cf3%2Dc725%2D4842%2Db263%2D415136b87e5a";"Klasická teorie nukleace";"Jiří Kolafa";"Fyzikální chemie B";10;"nukleace,klasická teorie nukleace,CNT";"přednáška";"B403002";"http://old.vscht.cz/fch/cz/pomucky/fchab/FCHB.html http://old.vscht.cz/fch/cz/pomucky/fchab/fchab23.pdf";"https://web.microsoftstream.com/video/26616674-b879-4c97-9100-3e2994ead174";1
"https://vscht.sharepoint.com/sites/403-O365-videastavufyziklnchemie/_layouts/15/stream.aspx?UniqueId=fc742795%2D0979%2D5c2b%2De0ba%2D777266557bba&Translate=false&referrer=StreamWebApp%2EWeb&referrerScenario=AddressBarCopied%2Eview%2E10de9b3a%2D77c5%2D46ff%2Da67f%2D57e719b3f619";"Diperzní systémy – úvod";"Jiří Kolafa";"Fyzikální chemie B";11;"disperze,rozdělovací funkce";"přednáška";"B403002";"http://old.vscht.cz/fch/cz/pomucky/fchab/FCHB.html http://old.vscht.cz/fch/cz/pomucky/fchab/fchab24.pdf";"https://web.microsoftstream.com/video/e9752134-7213-44b7-858c-c576663deff2";1
"https://vscht.sharepoint.com/sites/VSCHTVidea/_layouts/15/stream.aspx?UniqueId=61dcf0f8%2D28a4%2D50d9%2D84f2%2D0ee8246ad421&Translate=false&referrer=StreamWebApp%2EWeb&referrerScenario=AddressBarCopied%2Eview%2E51ff2cff%2D3bf4%2D4828%2Da7f1%2Dc9a6df052e39";"Pokus – Tyndallův jev";"Jiří Kolafa";"Fyzikální chemie B";11;"Tyndallův jev,pokus,experiment";"přednáška";"B403002";"http://old.vscht.cz/fch/cz/pomucky/fchab/FCHB.html http://old.vscht.cz/fch/cz/pomucky/fchab/fchab24.pdf";"https://web.microsoftstream.com/video/94b45b7d-53e5-456a-b0d9-c3cb8582804e";
"https://vscht.sharepoint.com/sites/403-O365-videastavufyziklnchemie/_layouts/15/stream.aspx?UniqueId=feacc8dd%2Dabf8%2D53a1%2Da0b9%2D6648009bd214&Translate=false&referrer=StreamWebApp%2EWeb&referrerScenario=AddressBarCopied%2Eview%2E8c956ff2%2D6b1a%2D41b5%2D9a50%2Da0e7bf5dace6";"Sedimentace – příklady";"Jiří Kolafa";"Fyzikální chemie B";11;"sedimentace,sedimentační rovnováha,odstředivka";"přednáška";"B403002";"http://old.vscht.cz/fch/cz/pomucky/fchab/FCHB.html http://old.vscht.cz/fch/cz/pomucky/fchab/fchab24.pdf";"https://web.microsoftstream.com/video/ee859b7e-df55-4285-a09b-19246c2a34ce";1
"https://vscht.sharepoint.com/sites/403-O365-videastavufyziklnchemie/_layouts/15/stream.aspx?UniqueId=f300189c%2D3827%2D5ea1%2D17f2%2Dfc5bad3e8f49&Translate=false&referrer=StreamWebApp%2EWeb&referrerScenario=AddressBarCopied%2Eview%2Ee52941c4%2D6577%2D49ef%2D805e%2D68601ed0665e";"Stabilita disperzí";"Jiří Kolafa";"Fyzikální chemie B";11;"stabilizace disperze,DLVO";"přednáška";"B403002";"http://old.vscht.cz/fch/cz/pomucky/fchab/FCHB.html http://old.vscht.cz/fch/cz/pomucky/fchab/fchab24.pdf";"https://web.microsoftstream.com/video/a61ac14e-0ba0-499c-8bc8-8a88c7827b2e";1
"https://vscht.sharepoint.com/sites/403-O365-videastavufyziklnchemie/_layouts/15/stream.aspx?UniqueId=24251d40%2D228b%2D542b%2Dfcf9%2Dfcc0eb16791c&Translate=false&referrer=StreamWebApp%2EWeb&referrerScenario=AddressBarCopied%2Eview%2E373fc4b7%2D00c9%2D4299%2D83f6%2Dbd8f0987b0dc";"Polymery";"Jiří Kolafa";"Fyzikální chemie B";11;"polymer,dobré rozpouštědlo,špatné rozpouštědlo,theta-rozpouštědlo,ideální řetězec";"přednáška";"B403002";"http://old.vscht.cz/fch/cz/pomucky/fchab/FCHB.html http://old.vscht.cz/fch/cz/pomucky/fchab/fchab24.pdf";"https://web.microsoftstream.com/video/fd53676b-52cf-4209-bae8-0e5e5e594425";1
"https://vscht.sharepoint.com/sites/403-O365-videastavufyziklnchemie/_layouts/15/stream.aspx?UniqueId=230dbd0d%2D7acc%2D5ee7%2Dc7f0%2D56dd92740fda&Translate=false&referrer=StreamWebApp%2EWeb&referrerScenario=AddressBarCopied%2Eview%2E66422776%2D154a%2D4aa6%2D8234%2Db8e4095f9fd1";"Elektrokinetické jevy";"Jiří Kolafa";"Fyzikální chemie B";11;"elektroosmóza,elektroforéza,Helmholtzova–Smoluchowského rovnice";"přednáška";"B403002";"http://old.vscht.cz/fch/cz/pomucky/fchab/FCHB.html http://old.vscht.cz/fch/cz/pomucky/fchab/fchab24.pdf";"https://web.microsoftstream.com/video/845ed0a5-c20b-4f1e-8dfa-e4e490bb9312";1
"https://vscht.sharepoint.com/sites/403-O365-videastavufyziklnchemie/_layouts/15/stream.aspx?UniqueId=59b5b4c0%2Dac6c%2D5281%2Dfc8d%2D66a9ded4d25c&Translate=false&referrer=StreamWebApp%2EWeb&referrerScenario=AddressBarCopied%2Eview%2Eec893b61%2D8db1%2D4429%2D8715%2Dbd92f29411db";"Emulze, micely, filmy, fázové přechody";"Jiří Kolafa";"Fyzikální chemie B";11;"kritická micelární koncentrace,CMC,emulze,filmy Langmuira a Blodgettové";"přednáška";"B403002";"http://old.vscht.cz/fch/cz/pomucky/fchab/FCHB.html http://old.vscht.cz/fch/cz/pomucky/fchab/fchab24.pdf";"https://web.microsoftstream.com/video/b689f8a2-cafc-47b9-a754-aa60ff1bf11d";1
"https://vscht.sharepoint.com/sites/403-O365-videastavufyziklnchemie/_layouts/15/stream.aspx?UniqueId=1cf58fe7%2D3ca3%2D5cd5%2D84c2%2D363e6ebea152&Translate=false&referrer=StreamWebApp%2EWeb&referrerScenario=AddressBarCopied%2Eview%2E1ad83d45%2Dee62%2D434f%2D8366%2D4d7342926884";"Gely, pěny";"Jiří Kolafa";"Fyzikální chemie B";11;"gel,sol–gel proces,pěna";"přednáška";"B403002";"http://old.vscht.cz/fch/cz/pomucky/fchab/FCHB.html http://old.vscht.cz/fch/cz/pomucky/fchab/fchab24.pdf";"https://web.microsoftstream.com/video/6b2b7793-fe81-4a8b-ad53-d91017aa8d25";1
"https://vscht.sharepoint.com/sites/403-O365-videastavufyziklnchemie/_layouts/15/stream.aspx?UniqueId=de18e4d1%2D7950%2D508e%2Dc420%2D205539441990&Translate=false&referrer=StreamWebApp%2EWeb&referrerScenario=AddressBarCopied%2Eview%2E5d5a6f18%2D8795%2D4ceb%2Da888%2D87b2bdb38270";"Aerosoly";"Jiří Kolafa";"Fyzikální chemie B";11;"aerosol,smog";"přednáška";"B403002";"http://old.vscht.cz/fch/cz/pomucky/fchab/FCHB.html http://old.vscht.cz/fch/cz/pomucky/fchab/fchab24.pdf";"https://web.microsoftstream.com/video/5ead0d7a-5e04-424d-adc8-bd07c9312be5";1
"https://vscht.sharepoint.com/sites/403-O365-videastavufyziklnchemie/_layouts/15/stream.aspx?UniqueId=33c2e1b8%2D2610%2D54bc%2D1fad%2Db49d23273e85&Translate=false&referrer=StreamWebApp%2EWeb&referrerScenario=AddressBarCopied%2Eview%2E442eda7b%2Dea5e%2D407f%2Da151%2D9f9fe9298046";"Adsorpční izotermy";"Jiří Kolafa";"Fyzikální chemie B";12;"Langmuirova izoterma,BET,Freundlichova izoterma,heterogenní katalýza,Langmuirův–Hinshelwoodův mechanismus,Elyeův–Ridealův mechanismus,pokrytí";"přednáška";"B403002";"http://old.vscht.cz/fch/cz/pomucky/fchab/FCHB.html http://old.vscht.cz/fch/cz/pomucky/fchab/fchab25.pdf";"https://web.microsoftstream.com/video/e8eb61a5-1789-4287-af11-1c66fc527129";1
"https://vscht.sharepoint.com/sites/403-O365-videastavufyziklnchemie/_layouts/15/stream.aspx?UniqueId=beb4aa40%2Ded0d%2D5abd%2D2f94%2Dbeba97074c11&Translate=false&referrer=StreamWebApp%2EWeb&referrerScenario=AddressBarCopied%2Eview%2Effcd1e3e%2D578d%2D46bb%2Dacce%2D840677c7245f";"Kapilární kondenzace, surfaktanty";"Jiří Kolafa";"Fyzikální chemie B";12;"kapilární kondenzace,hystereze,surfaktant,povrchový tlak";"přednáška";"B403002";"http://old.vscht.cz/fch/cz/pomucky/fchab/FCHB.html http://old.vscht.cz/fch/cz/pomucky/fchab/fchab25.pdf";"https://web.microsoftstream.com/video/74e314b7-4ccc-479e-b58d-125d3c4a13ca";1
"https://vscht.sharepoint.com/sites/403-O365-videastavufyziklnchemie/_layouts/15/stream.aspx?UniqueId=01b4dc2b%2D6ffd%2D54b4%2D67ac%2D874618841832&Translate=false&referrer=StreamWebApp%2EWeb&referrerScenario=AddressBarCopied%2Eview%2E7ebb5264%2D2d5e%2D412a%2D9951%2D58d0af63de1a";"Gibbsova adsorpční izoterma";"Jiří Kolafa";"Fyzikální chemie B";12;"Gibbsova adsorpční izoterma,povrchový přebytek,Atomic Layer Deposition";"přednáška";"B403002";"http://old.vscht.cz/fch/cz/pomucky/fchab/FCHB.html http://old.vscht.cz/fch/cz/pomucky/fchab/fchab25.pdf";"https://web.microsoftstream.com/video/c594af0b-7c11-4711-aaf0-fed4bc342eaa";1
"https://vscht.sharepoint.com/sites/403-O365-videastavufyziklnchemie/_layouts/15/stream.aspx?UniqueId=0611b4fd%2Db30f%2D532c%2D06e8%2Dc4f49e11fd19&Translate=false&referrer=StreamWebApp%2EWeb&referrerScenario=AddressBarCopied%2Eview%2E9904fb82%2D3289%2D4129%2Daff8%2Db8dbc8b0d065";"Struktura a anomálie vody";"Jiří Kolafa";"Fyzikální chemie B";13;"voda,anomálie,led,klatrát,regelace ledu,scénář dvou kritických bodů,rovnováha kapalina-kapalina,bruslení,premelting,korelační funkce,strukturasimulace,Mpembův jev,entropie";"přednáška";"B403002";"http://old.vscht.cz/fch/cz/pomucky/fchab/FCHB.html http://old.vscht.cz/fch/cz/pomucky/kolafa/wateran.pdf";"https://web.microsoftstream.com/video/d83645a6-f3f1-447b-a36a-87daf78c73de";1
"https://vscht.sharepoint.com/sites/403-O365-videastavufyziklnchemie/_layouts/15/stream.aspx?UniqueId=cc70e4fa%2Df8c0%2D5edd%2Dff3a%2Db066e36b1e6b&Translate=false&referrer=StreamWebApp%2EWeb&referrerScenario=AddressBarCopied%2Eview%2E581db7ec%2D699e%2D466c%2D9968%2Ddcf1f7d8877d";"Video ledy a klatráty";"Jiří Kolafa";"Fyzikální chemie B";13;"led,klatrát";"přednáška";"B403002";"http://old.vscht.cz/fch/cz/pomucky/fchab/FCHB.html http://old.vscht.cz/fch/cz/pomucky/kolafa/wateran.pdf";"https://youtu.be/l-lQhCOj12Y";1
"https://vscht.sharepoint.com/sites/403-O365-videastavufyziklnchemie/_layouts/15/stream.aspx?UniqueId=29695003%2Dd982%2D57db%2D966a%2D3c7ea6da1ba9&Translate=false&referrer=StreamWebApp%2EWeb&referrerScenario=AddressBarCopied%2Eview%2Ec8249f37%2D270d%2D46b8%2Dbded%2D7223812ea415";"video hladina vody";"Jiří Kolafa";"Fyzikální chemie B";13;"simulace";"přednáška";"B403002";"http://old.vscht.cz/fch/cz/pomucky/fchab/FCHB.html http://old.vscht.cz/fch/cz/pomucky/kolafa/wateran.pdf";"https://youtu.be/6XKnHDdbVk8";1
"https://vscht.sharepoint.com/sites/403-O365-videastavufyziklnchemie/_layouts/15/stream.aspx?UniqueId=7af43a16%2D217b%2D5209%2D9729%2D6181a43ef5ee&Translate=false&referrer=StreamWebApp%2EWeb&referrerScenario=AddressBarCopied%2Eview%2E907bef7d%2D8ede%2D4e7f%2D8fdd%2D35c74f3b372b";"Kvantitativní přeměna";"Michal H. Kolář";"Fyzikální chemie B";1;"chemická rovnováha,kyselina sírová,látkové množství,stechiometrie reakce";"cvičení";"B403002";;"https://web.microsoftstream.com/video/a8232f1c-12ec-4213-b26e-8b8ec2ce86b9?channelId=a92cce4e-573c-4e1e-8282-80c8c70e2695";1
"https://vscht.sharepoint.com/sites/403-O365-videastavufyziklnchemie/_layouts/15/stream.aspx?UniqueId=5b19d53c%2D43f9%2D594e%2D077b%2D692d1de9f108&Translate=false&referrer=StreamWebApp%2EWeb&referrerScenario=AddressBarCopied%2Eview%2Ef115dfe7%2Ddb4f%2D4a8c%2Da183%2D8bb1598a55f3";"Směr reakce";"Michal H. Kolář";"Fyzikální chemie B";1;"chemická rovnováha,Le Chatelierův princip,amoniak,kyanovodík,rovnovážná konstanta";"cvičení";"B403002";;"https://web.microsoftstream.com/video/2a967c8c-4ec4-4588-994c-02b4d1ef25f0?channelId=a92cce4e-573c-4e1e-8282-80c8c70e2695";1
"https://vscht.sharepoint.com/sites/403-O365-videastavufyziklnchemie/_layouts/15/stream.aspx?UniqueId=06da8b68%2D77ea%2D52d6%2D995b%2D188e7f93a8ad&Translate=false&referrer=StreamWebApp%2EWeb&referrerScenario=AddressBarCopied%2Eview%2E67f90008%2Dceb8%2D4a3e%2D98ef%2Dd927f948af01";"Rovnovážná konstanta";"Michal H. Kolář";"Fyzikální chemie B";1;"chemická rovnováha,rovnovážné složení směsi,halogenace";"cvičení";"B403002";;"https://web.microsoftstream.com/video/2a743fbf-6c6f-43bc-a801-1fb257a72441?channelId=a92cce4e-573c-4e1e-8282-80c8c70e2695";1
"https://vscht.sharepoint.com/sites/403-O365-videastavufyziklnchemie/_layouts/15/stream.aspx?UniqueId=74ef6189%2D07af%2D592c%2D0358%2Ddd33e0a6a8b6&Translate=false&referrer=StreamWebApp%2EWeb&referrerScenario=AddressBarCopied%2Eview%2E5741dcca%2De0fc%2D4995%2D987b%2D279ce261cec6";"Molární zlomek";"Michal H. Kolář";"Fyzikální chemie B";1;"chemická rovnováha,rovnovážné složení,látková bilance,rozsah reakce,ksí,kvadratická rovnice,Wolfram Alpha";"cvičení";"B403002";;"https://web.microsoftstream.com/video/c5664699-cee8-43dd-90d4-6b1e36c8dc34?channelId=a92cce4e-573c-4e1e-8282-80c8c70e2695";1
"https://vscht.sharepoint.com/sites/403-O365-videastavufyziklnchemie/_layouts/15/stream.aspx?UniqueId=58ee0849%2Db948%2D5c05%2D01fe%2D9fb0ccb6419e&Translate=false&referrer=StreamWebApp%2EWeb&referrerScenario=AddressBarCopied%2Eview%2E5c37d459%2D158a%2D448c%2D99a4%2Db0bf3188d07d";"Hydrogenace";"Michal H. Kolář";"Fyzikální chemie B";1;"chemická rovnováha,látková bilance,rovnovážná konstanta,rozsah reakce,ksí";"cvičení";"B403002";;"https://web.microsoftstream.com/video/6b25b8c8-556e-461a-87d3-41fe8d32e278?channelId=a92cce4e-573c-4e1e-8282-80c8c70e2695";1
"https://vscht.sharepoint.com/sites/403-O365-videastavufyziklnchemie/_layouts/15/stream.aspx?UniqueId=0167c0db%2D03c4%2D55d1%2Db344%2D4639a7a67b80&Translate=false&referrer=StreamWebApp%2EWeb&referrerScenario=AddressBarCopied%2Eview%2E935089c1%2D5c46%2D4e8f%2Db4a1%2Dd831d28b83e8";"Fosgen";"Michal H. Kolář";"Fyzikální chemie B";1;"chemická rovnováha,tlaková bilance,parciální tlak,stupeň přeměny";"cvičení";"B403002";;"https://web.microsoftstream.com/video/89888ed7-bf6d-4362-ab8c-73dc65ee6276?channelId=a92cce4e-573c-4e1e-8282-80c8c70e2695";1
"https://vscht.sharepoint.com/sites/403-O365-videastavufyziklnchemie/_layouts/15/stream.aspx?UniqueId=6f0b9999%2Da3a1%2D50d5%2D971e%2D6f2659e56943&Translate=false&referrer=StreamWebApp%2EWeb&referrerScenario=AddressBarCopied%2Eview%2E00225e49%2Dde10%2D404d%2Dbe5a%2D5b0bdae379eb";"Pevná fáze v rovnováze";"Michal H. Kolář";"Fyzikální chemie B";2;"chemická rovnováha,rozsah reakce";"cvičení";"B403002";;"https://web.microsoftstream.com/video/b28b27b7-5c49-484f-9c75-5f34b82ea9bd?channelId=a92cce4e-573c-4e1e-8282-80c8c70e2695";1
"https://vscht.sharepoint.com/sites/403-O365-videastavufyziklnchemie/_layouts/15/stream.aspx?UniqueId=c6b04354%2D5d8c%2D562d%2D82bd%2D4f0e6e5e09a3&Translate=false&referrer=StreamWebApp%2EWeb&referrerScenario=AddressBarCopied%2Eview%2E9c858b44%2D66eb%2D4617%2D81f8%2D7dc6161586e8";"Slučovací Gibbsovy energie";"Michal H. Kolář";"Fyzikální chemie B";2;"chemická rovnováha,reakční Gibbsova energie,reakční kvocient,rovnovážná konstanta,saze";"cvičení";"B403002";;"https://web.microsoftstream.com/video/bc286a2b-edd3-4cd7-b806-4baceeebe3af?channelId=a92cce4e-573c-4e1e-8282-80c8c70e2695";1
"https://vscht-my.sharepoint.com/personal/suchanj_vscht_cz/_layouts/15/stream.aspx?UniqueId=e14d6435-e203-5728-9337-38b85f373452&Translate=false&referrer=ClassicStream&referrerScenario=ClassicPortalMigration.View";"van ’t Hoffova rovnice";"Michal H. Kolář";"Fyzikální chemie B";2;"chemická rovnováha,rovnovážná konstanta,teplotní závislost,reakční entalpie,Nobelova cena";"cvičení";"B403002";;"https://web.microsoftstream.com/video/77d14386-49d0-4cf8-94eb-8866a6c10106?channelId=a92cce4e-573c-4e1e-8282-80c8c70e2695";1
"https://vscht.sharepoint.com/sites/403-O365-videastavufyziklnchemie/_layouts/15/stream.aspx?UniqueId=7be16d83%2D4083%2D5c77%2D2efb%2D561d97a7d701&Translate=false&referrer=StreamWebApp%2EWeb&referrerScenario=AddressBarCopied%2Eview%2E45422b0c%2D8e96%2D49a7%2Da2bf%2D3be4d43aa510";"Inert v rovnováze";"Michal H. Kolář";"Fyzikální chemie B";2;"chemická rovnováha,stupeň přeměny,cyklohexan";"cvičení";"B403002";;"https://web.microsoftstream.com/video/cf72d802-5a64-4403-b461-af3611c57a27?channelId=a92cce4e-573c-4e1e-8282-80c8c70e2695";1
"https://vscht.sharepoint.com/sites/403-O365-videastavufyziklnchemie/_layouts/15/stream.aspx?UniqueId=220bb86b%2D2cc9%2D5ce3%2Dad6e%2D4c32dd137a92&Translate=false&referrer=StreamWebApp%2EWeb&referrerScenario=AddressBarCopied%2Eview%2Eb4dd6e28%2D8091%2D49a3%2Db30b%2Da3e50e2b0e09";"Soustava mimo rovnováhu";"Michal H. Kolář";"Fyzikální chemie B";2;"chemická rovnováha,reakční kvocient,nerovnovážné složení,směr reakce,reakční Gibbsova energie";"cvičení";"B403002";;"https://web.microsoftstream.com/video/56d56183-0231-4c6e-aaf7-76dfccbd5acd?channelId=a92cce4e-573c-4e1e-8282-80c8c70e2695";1
"https://vscht.sharepoint.com/sites/403-O365-videastavufyziklnchemie/_layouts/15/stream.aspx?UniqueId=066e8cc7%2D6f9d%2D5977%2D857c%2D3dd06145a01b&Translate=false&referrer=StreamWebApp%2EWeb&referrerScenario=AddressBarCopied%2Eview%2E1ce65dc0%2Da833%2D4ad6%2Db289%2Da0b57646475e";"Rovnováha několika reakcí";"Michal H. Kolář";"Fyzikální chemie B";2;"chemická rovnováha,stupeň přeměny,propan,Wolfram Alpha";"cvičení";"B403002";;"https://web.microsoftstream.com/video/0d22b4b2-fe1c-4f3a-820b-610289bc920e?channelId=a92cce4e-573c-4e1e-8282-80c8c70e2695";1
"https://vscht.sharepoint.com/sites/403-O365-videastavufyziklnchemie/_layouts/15/stream.aspx?UniqueId=89d4f589%2Ddfde%2D5e19%2D93c1%2D1677e25b8917&Translate=false&referrer=StreamWebApp%2EWeb&referrerScenario=AddressBarCopied%2Eview%2Ef5cb6c5e%2D1736%2D40d7%2Daac7%2D296296705fb3";"pH slabé zásady";"Michal H. Kolář";"Fyzikální chemie B";3;"chemická rovnováha,elektrolyt,pH,amoniak,konstanta bazicity,rozsah reakce,látková koncentrace,logaritmus";"cvičení";"B403002";;"https://web.microsoftstream.com/video/962a7780-5758-41a8-989c-d2ff454d7fb4?channelId=a92cce4e-573c-4e1e-8282-80c8c70e2695";1
"https://vscht.sharepoint.com/sites/403-O365-videastavufyziklnchemie/_layouts/15/stream.aspx?UniqueId=7b02bb31%2Dfe0f%2D5556%2D7c26%2Dc328d5a4bdac&Translate=false&referrer=StreamWebApp%2EWeb&referrerScenario=AddressBarCopied%2Eview%2E22bb415b%2D973f%2D4747%2Dbca4%2Ddfb3e3bf414c";"Dvě slabé kyseliny";"Michal H. Kolář";"Fyzikální chemie B";3;"chemická rovnováha,elektrolyt,konstanta acidity,stupeň přeměny,disociační konstanta kyseliny";"cvičení";"B403002";;"https://web.microsoftstream.com/video/ef61979a-4c7d-42ee-a4f3-ca6d5248f04d?channelId=a92cce4e-573c-4e1e-8282-80c8c70e2695";1
"https://vscht-my.sharepoint.com/personal/suchanj_vscht_cz/_layouts/15/stream.aspx?UniqueId=188e8527%2Dfdab%2D554a%2Db117%2D145dae525f47&Translate=false&referrer=StreamWebApp%2EWeb&referrerScenario=AddressBarCopied%2Eview%2E9f62b3e7%2D7dd5%2D45c4%2D8dcf%2Dec00f84e1eae";"Součin rozpustnosti";"Michal H. Kolář";"Fyzikální chemie B";3;"chemická rovnováha,elektrolyt,disociace,málo rozpustná sůl,rozpustnost,látková koncentrace";"cvičení";"B403002";;"https://web.microsoftstream.com/video/6f5ca551-bd43-455c-a4b8-b47204d58732?channelId=a92cce4e-573c-4e1e-8282-80c8c70e2695";1
"https://vscht.sharepoint.com/sites/403-O365-videastavufyziklnchemie/_layouts/15/stream.aspx?UniqueId=75354eb0%2Db42f%2D5ae3%2D00f0%2D62ade4a6b035&Translate=false&referrer=StreamWebApp%2EWeb&referrerScenario=AddressBarCopied%2Eview%2E1727e689%2Dd412%2D44d4%2D9fdb%2D2c90479fed8b";"Kyselá hydrolyzující sůl";"Michal H. Kolář";"Fyzikální chemie B";3;"chemická rovnováha,elektrolyt,slabá kyselina,konstanta bazicity,pH";"cvičení";"B403002";;"https://web.microsoftstream.com/video/f048e2d7-ba9b-4143-8b57-e34020c25060?channelId=a92cce4e-573c-4e1e-8282-80c8c70e2695";1
"https://vscht.sharepoint.com/sites/403-O365-videastavufyziklnchemie/_layouts/15/stream.aspx?UniqueId=0177919e%2De34f%2D55bf%2D7f91%2D8540a666e34e&Translate=false&referrer=StreamWebApp%2EWeb&referrerScenario=AddressBarCopied%2Eview%2Ea5ff4e99%2D32fc%2D4260%2Daf62%2D1437baf9a375";"Rovnováha s autoprotolýzou vody";"Michal H. Kolář";"Fyzikální chemie B";3;"chemická rovnováha,elektrolyt,autoprotolýza vody,silná kyselina,pH";"cvičení";"B403002";;"https://web.microsoftstream.com/video/d1e10adc-7c11-4ded-9137-ce2aa7e5e746?channelId=a92cce4e-573c-4e1e-8282-80c8c70e2695";1
"https://vscht.sharepoint.com/sites/403-O365-videastavufyziklnchemie/_layouts/15/stream.aspx?UniqueId=2b90fbd4%2D53e7%2D535c%2Db5ea%2D03cf39e940e6&Translate=false&referrer=StreamWebApp%2EWeb&referrerScenario=AddressBarCopied%2Eview%2Eb7f4f37f%2Da871%2D4f10%2D87ed%2D1c030dd32eb1";"Tlumivý roztok";"Michal H. Kolář";"Fyzikální chemie B";3;"chemická rovnováha,elektrolyt,pH,pufr,slabá kyselina,konstanta acidity,disociační konstanta kyseliny";"cvičení";"B403002";;"https://web.microsoftstream.com/video/5b249d87-1110-46d0-8a2a-55f7fa127985?channelId=a92cce4e-573c-4e1e-8282-80c8c70e2695";1
"https://vscht.sharepoint.com/sites/403-O365-videastavufyziklnchemie/_layouts/15/stream.aspx?UniqueId=5305e345%2D8aa0%2D52c1%2D2444%2D5355dc55847b&Translate=false&referrer=StreamWebApp%2EWeb&referrerScenario=AddressBarCopied%2Eview%2E6bc935a3%2D0137%2D40fc%2Db311%2D94440922de09";"Rychlost reakce";"Michal H. Kolář";"Fyzikální chemie B";4;"chemická kinetika,rychlost reakce,látková koncentrace";"cvičení";"B403002";;"https://web.microsoftstream.com/video/bb354d8c-5d52-404c-aed1-de65d2368eef?channelId=a92cce4e-573c-4e1e-8282-80c8c70e2695";1
"https://vscht.sharepoint.com/sites/403-O365-videastavufyziklnchemie/_layouts/15/stream.aspx?UniqueId=aa3d4c6c%2D274a%2D5068%2Ddebe%2D1a1cf8473a1c&Translate=false&referrer=StreamWebApp%2EWeb&referrerScenario=AddressBarCopied%2Eview%2Ec43e318a%2D148b%2D4d32%2Db2cc%2D20b1122d2e43";"Řád reakce";"Michal H. Kolář";"Fyzikální chemie B";4;"chemická kinetika,dílčí řád reakce,celkový řád reakce,rychlostní konstanta";"cvičení";"B403002";;"https://web.microsoftstream.com/video/4c4550c6-c8ab-4a52-94c0-128e0171e6fb?channelId=a92cce4e-573c-4e1e-8282-80c8c70e2695";1
"https://vscht.sharepoint.com/sites/403-O365-videastavufyziklnchemie/_layouts/15/stream.aspx?UniqueId=465da662%2De819%2D543f%2D2163%2D550bd591c3fd&Translate=false&referrer=StreamWebApp%2EWeb&referrerScenario=AddressBarCopied%2Eview%2Ee0248100%2Df579%2D401c%2D99b4%2D8e450daf252f";"Reakce 0. řádu";"Michal H. Kolář";"Fyzikální chemie B";4;"chemická kinetika,rychlost reakce,rychlostní rovnice,integrace,rychlostní konstanta,stupeň přeměny";"cvičení";"B403002";;"https://web.microsoftstream.com/video/80a36e3a-6d40-4977-aeb3-e6831741fa02?channelId=a92cce4e-573c-4e1e-8282-80c8c70e2695";1
"https://vscht.sharepoint.com/sites/403-O365-videastavufyziklnchemie/_layouts/15/stream.aspx?UniqueId=dc304bff%2Da640%2D5dd6%2D1424%2Dc366f49f1453&Translate=false&referrer=StreamWebApp%2EWeb&referrerScenario=AddressBarCopied%2Eview%2Eac96aaa7%2Db6a3%2D4cbb%2Db8f5%2D85443820474f";"Reakce 1. řádu";"Michal H. Kolář";"Fyzikální chemie B";4;"chemická kinetika,rychlost reakce,radioaktivita,beta rozpad,poločas přeměny,integrace,koňak";"cvičení";"B403002";;"https://web.microsoftstream.com/video/76c014cf-75d0-4ae3-b77d-735f7c91d773?channelId=a92cce4e-573c-4e1e-8282-80c8c70e2695";1
"https://vscht.sharepoint.com/sites/403-O365-videastavufyziklnchemie/_layouts/15/stream.aspx?UniqueId=ef38ec05%2D0d9a%2D5e05%2Dcf76%2Dc8eccb577d32&Translate=false&referrer=StreamWebApp%2EWeb&referrerScenario=AddressBarCopied%2Eview%2E826c829c%2D704d%2D4b85%2D87ec%2Dd1b02b9491b0";"Poločas a doba života";"Michal H. Kolář";"Fyzikální chemie B";4;"chemická kinetika,reakce 1. řádu,radioaktiviní rozpad,radioaktivita,poločas rozpadu,doba života,střední doba života";"cvičení";"B403002";;"https://web.microsoftstream.com/video/d8959aa0-aea6-4ca8-8aa1-7b2553568ad2?channelId=a92cce4e-573c-4e1e-8282-80c8c70e2695";1
"https://vscht.sharepoint.com/sites/403-O365-videastavufyziklnchemie/_layouts/15/stream.aspx?UniqueId=b3a20e8b%2Db1d2%2D5ac9%2D2a6f%2D7687b1f4b562&Translate=false&referrer=StreamWebApp%2EWeb&referrerScenario=AddressBarCopied%2Eview%2Efb1ae785%2D3334%2D47c5%2Db36e%2D542059060b87";"Reakce 2. řádu";"Michal H. Kolář";"Fyzikální chemie B";4;"chemická kinetika,rychlostní rovnice,integrace";"cvičení";"B403002";;"https://web.microsoftstream.com/video/cd875342-3dfe-423b-bb26-9fe6689aa2f5?channelId=a92cce4e-573c-4e1e-8282-80c8c70e2695";1
"https://vscht.sharepoint.com/sites/403-O365-videastavufyziklnchemie/_layouts/15/stream.aspx?UniqueId=4e12093b%2Db6d9%2D536a%2D2e44%2Dddd57ebb0eb1&Translate=false&referrer=StreamWebApp%2EWeb&referrerScenario=AddressBarCopied%2Eview%2Ee04a2e5c%2De02c%2D481d%2Db2e5%2D8d26befe1218";"Určení řádu reakce";"Michal H. Kolář";"Fyzikální chemie B";4;"chemická kinetika,řád reakce,rychlostní rovnice,rychlostní konstanta,poločas reakce";"cvičení";"B403002";;"https://web.microsoftstream.com/video/65cacf7a-59c4-48b6-96f7-23e9c5172d8e?channelId=a92cce4e-573c-4e1e-8282-80c8c70e2695";1
"https://vscht.sharepoint.com/sites/403-O365-videastavufyziklnchemie/_layouts/15/stream.aspx?UniqueId=3401618d%2D8bcf%2D5f06%2D0b83%2D82d8bfbe39fa&Translate=false&referrer=StreamWebApp%2EWeb&referrerScenario=AddressBarCopied%2Eview%2E49259007%2D2dc0%2D4ae5%2D89b8%2D1957409bc741";"Kinetika a tlak";"Michal H. Kolář";"Fyzikální chemie B";5;"chemická kinetika,reakce 2. řádu,bilance tlaků,rychlostní rovnice";"cvičení";"B403002";;"https://web.microsoftstream.com/video/8acf7dea-49e6-4596-a52a-07234d932726?channelId=a92cce4e-573c-4e1e-8282-80c8c70e2695";1
"https://vscht.sharepoint.com/sites/403-O365-videastavufyziklnchemie/_layouts/15/stream.aspx?UniqueId=ee64527c%2D00ca%2D5bcd%2D0a3e%2D91aa2edd9124&Translate=false&referrer=StreamWebApp%2EWeb&referrerScenario=AddressBarCopied%2Eview%2Ee5fd427b%2D46cb%2D474d%2Db52b%2Dc934f116bb3d";"Arrheniova rovnice";"Michal H. Kolář";"Fyzikální chemie B";5;"chemická kinetika,aktivační energie,předexponenciální faktor,rychlostní konstanta,Svante Arrhenius";"cvičení";"B403002";;"https://web.microsoftstream.com/video/3d8b7061-0d5f-41d8-9576-984599f4f2f0?channelId=a92cce4e-573c-4e1e-8282-80c8c70e2695";1
"https://vscht.sharepoint.com/sites/403-O365-videastavufyziklnchemie/_layouts/15/stream.aspx?UniqueId=4290604e%2D6fe7%2D56dd%2D60c7%2D3d7b91c4a6ee&Translate=false&referrer=StreamWebApp%2EWeb&referrerScenario=AddressBarCopied%2Eview%2E28a8ef51%2De391%2D48f7%2Db329%2D98684542b71e";"Následné reakce";"Michal H. Kolář";"Fyzikální chemie B";5;"chemická kinetika,dílčí reakce,reakce 1. řádu,rychlostní rovnice";"cvičení";"B403002";;"https://web.microsoftstream.com/video/ffa73c1e-5ec7-45f9-baca-d306d074aa30?channelId=a92cce4e-573c-4e1e-8282-80c8c70e2695";1
"https://vscht.sharepoint.com/sites/403-O365-videastavufyziklnchemie/_layouts/15/stream.aspx?UniqueId=6d9c878b%2Da70a%2D5bf7%2D3655%2Dc37c449ed57f&Translate=false&referrer=StreamWebApp%2EWeb&referrerScenario=AddressBarCopied%2Eview%2E632f9021%2D0730%2D4070%2D958d%2Db50ae44245ff";"Integrace rychl. rovnice následných reakcí";"Michal H. Kolář";"Fyzikální chemie B";5;"chemická kinetika,rychlostní rovnice,následné reakce,integrace,variace konstanty";"cvičení";"B403002";;"https://web.microsoftstream.com/video/42dd84e0-2728-45f5-84af-13b4097dae5a?channelId=a92cce4e-573c-4e1e-8282-80c8c70e2695";1
"https://vscht.sharepoint.com/sites/403-O365-videastavufyziklnchemie/_layouts/15/stream.aspx?UniqueId=b8aa5907%2D1d8b%2D53c1%2D4bd8%2D61aa856258de&Translate=false&referrer=StreamWebApp%2EWeb&referrerScenario=AddressBarCopied%2Eview%2E4ae955bb%2D5747%2D4ca8%2D8bf7%2Dd42d23977518";"Reakční mechanismus";"Michal H. Kolář";"Fyzikální chemie B";5;"chemická kinetika,aproximace stacionárního stavu,stacionární stav,aktivační energie,reakce 3. řádu,rychlostní konstanta";"cvičení";"B403002";;"https://web.microsoftstream.com/video/de905626-e6a8-49ff-9137-53a89e3ae9c2?channelId=a92cce4e-573c-4e1e-8282-80c8c70e2695";1
"https://vscht.sharepoint.com/sites/403-O365-videastavufyziklnchemie/_layouts/15/stream.aspx?UniqueId=60c0470f%2D7432%2D58b6%2Da231%2Da0aa2b321e80&Translate=false&referrer=StreamWebApp%2EWeb&referrerScenario=AddressBarCopied%2Eview%2Edfd2a253%2Dcdf3%2D4a82%2D8678%2Defdd8543320e";"Debyeův-Hückelův zákon";"Michal H. Kolář";"Fyzikální chemie B";6;"elektrochemie,limitní Debyeův–Hückelův zákon,koncentrace,střední aktivitní koeficient,elektrolyt,Wolfram Alpha";"cvičení";"B403002";;"https://web.microsoftstream.com/video/57f32df7-8368-4a0c-b403-935781385b7b?channelId=a92cce4e-573c-4e1e-8282-80c8c70e2695";1
"https://vscht-my.sharepoint.com/personal/suchanj_vscht_cz/_layouts/15/stream.aspx?UniqueId=ac502e34%2Dc657%2D5121%2D5e3a%2Dc36ce76dad69&Translate=false&referrer=StreamWebApp%2EWeb&referrerScenario=AddressBarCopied%2Eview%2E8d28975d%2D226b%2D427c%2D8206%2D65337fd219a9";"Součin rozpustnosti";"Michal H. Kolář";"Fyzikální chemie B";6;"elektrochemie,limitní Debyeův–Hückelův zákon,střední aktivitní koeficient,aktivita,neideální chování,elektrolyt,málo rozpustná sůl,indiferentní sůl,rozpustnost";"cvičení";"B403002";;"https://web.microsoftstream.com/video/fc5764e5-d061-496f-8dbf-6bb105d47c65?channelId=a92cce4e-573c-4e1e-8282-80c8c70e2695";1
"https://vscht.sharepoint.com/sites/403-O365-videastavufyziklnchemie/_layouts/15/stream.aspx?UniqueId=107eff89%2Dbce7%2D5197%2De0b5%2D5034bd20b523&Translate=false&referrer=StreamWebApp%2EWeb&referrerScenario=AddressBarCopied%2Eview%2E6d2fef8b%2D8a29%2D40bf%2Db18e%2Dd966c82380a4";"Coulometr na měď";"Michal H. Kolář";"Fyzikální chemie B";6;"elektrochemie,elektrolyt,Faradayova konstanta,náboj,síran měďnatý,elektrody,elektrický proud";"cvičení";"B403002";;"https://web.microsoftstream.com/video/b3046f6c-cb4b-42b5-98a4-8483767c547b?channelId=a92cce4e-573c-4e1e-8282-80c8c70e2695";1
"https://vscht.sharepoint.com/sites/403-O365-videastavufyziklnchemie/_layouts/15/stream.aspx?UniqueId=afe7dfbb%2D5d91%2D5b5f%2Dbab8%2D970475585f86&Translate=false&referrer=StreamWebApp%2EWeb&referrerScenario=AddressBarCopied%2Eview%2Ec7730499%2Df38e%2D4b9c%2Db6a3%2D0b1285aa6767";"Elektrolýza";"Michal H. Kolář";"Fyzikální chemie B";6;"elektrochemie,elektrolyt,Faradayova konstanta,anoda,katoda,elektroda,síran měďnatý,elektrický proud";"cvičení";"B403002";;"https://web.microsoftstream.com/video/547e9ac8-6b60-4bd4-81fc-0ab933da85c7?channelId=a92cce4e-573c-4e1e-8282-80c8c70e2695";1
"https://vscht.sharepoint.com/sites/403-O365-videastavufyziklnchemie/_layouts/15/stream.aspx?UniqueId=0f6733f6%2D81d5%2D5491%2D5323%2D6bb36fe2f757&Translate=false&referrer=StreamWebApp%2EWeb&referrerScenario=AddressBarCopied%2Eview%2E6a173c55%2Db1f6%2D4716%2Da290%2D42426aff534b";"Standardní elektrodový potenciál";"Michal H. Kolář";"Fyzikální chemie B";7;"elektrochemie,Gibbsova energie,redukční potenciál,Faradayova konstanta,G";"cvičení";"B403002";;"https://web.microsoftstream.com/video/8b5d2d61-a947-4876-bb94-a33f2bb7fd54?channelId=a92cce4e-573c-4e1e-8282-80c8c70e2695";1
"https://vscht-my.sharepoint.com/personal/suchanj_vscht_cz/_layouts/15/stream.aspx?UniqueId=8b7eeb13%2Dc5c7%2D569f%2D1e09%2D22d23d58ca34&Translate=false&referrer=StreamWebApp%2EWeb&referrerScenario=AddressBarCopied%2Eview%2E973ee472%2Da825%2D4eed%2D8f61%2D1dc4d85fc048";"Součin rozpustnosti";"Michal H. Kolář";"Fyzikální chemie B";7;"elektrochemie,standardní elektrodový potenciál,redukční potenciál,AgSCN,rovnovážná konstanta,reakční Gibbsova energie";"cvičení";"B403002";;"https://web.microsoftstream.com/video/8fe58de5-e7b1-4d0d-a3d2-ed6ff93ecc4f?channelId=a92cce4e-573c-4e1e-8282-80c8c70e2695";1
"https://vscht.sharepoint.com/sites/403-O365-videastavufyziklnchemie/_layouts/15/stream.aspx?UniqueId=21f1c053%2D4b71%2D59dd%2D9fa6%2D716bec0ae5e0&Translate=false&referrer=StreamWebApp%2EWeb&referrerScenario=AddressBarCopied%2Eview%2E65806527%2D5e17%2D433a%2D8dea%2Dcca7364bec8b";"Daniellův článek";"Michal H. Kolář";"Fyzikální chemie B";7;"elektrochemie,aktivita,galvanický článek,elektrodový potenciál,redukční potenciál";"cvičení";"B403002";;"https://web.microsoftstream.com/video/bfbda085-2cdc-43e0-a3a1-f89531bf0df8?channelId=a92cce4e-573c-4e1e-8282-80c8c70e2695";1
"https://vscht.sharepoint.com/sites/403-O365-videastavufyziklnchemie/_layouts/15/stream.aspx?UniqueId=21f1c053%2D4b71%2D59dd%2D9fa6%2D716bec0ae5e0&Translate=false&referrer=StreamWebApp%2EWeb&referrerScenario=AddressBarCopied%2Eview%2E396bd69a%2Dfe76%2D4570%2Da050%2Da65ca92fb5d7";"Rovnovážné napětí a aktivita";"Michal H. Kolář";"Fyzikální chemie B";7;"elektrochemie,galvanický článek,aktivita,měděná elektroda,chlorová elektroda,redukční potenciál,ideální plyn";"cvičení";"B403002";;"https://web.microsoftstream.com/video/f1455aea-2934-4104-87a8-e49896f740c5?channelId=a92cce4e-573c-4e1e-8282-80c8c70e2695";1
"https://vscht.sharepoint.com/sites/403-O365-videastavufyziklnchemie/_layouts/15/stream.aspx?UniqueId=d8ab7598%2D6d97%2D5346%2Dbf05%2D93315fa03c63&Translate=false&referrer=StreamWebApp%2EWeb&referrerScenario=AddressBarCopied%2Eview%2E5b6d5bad%2D8ae7%2D47f9%2D9c05%2D6b6d0f219aae";"Rovnovážná konstanta a el. článek";"Michal H. Kolář";"Fyzikální chemie B";7;"elektrochemie,rovnovážná konstanta,konstanta acidity,galvanická článek,vodíková elektroda,kalomelová elektroda,redukční potenciál";"cvičení";"B403002";;"https://web.microsoftstream.com/video/09d15810-a636-4f87-80e5-c17f54d13334?channelId=a92cce4e-573c-4e1e-8282-80c8c70e2695";1
"https://vscht.sharepoint.com/sites/403-O365-videastavufyziklnchemie/_layouts/15/stream.aspx?UniqueId=ad5b9747%2D49c1%2D50e4%2Dcab7%2D1024b1cfe915&Translate=false&referrer=StreamWebApp%2EWeb&referrerScenario=AddressBarCopied%2Eview%2E3dde16fd%2D4013%2D4a16%2Db270%2D8fa3f5622ae2";"Difuzní koeficient";"Michal H. Kolář";"Fyzikální chemie B";8;"transportní jevy,náhodná procházka,střední kvadratická vzdálenost,difuze,ribonukleáza";"cvičení";"B403002";;"https://web.microsoftstream.com/video/b8b7701d-85ba-47a4-964c-eb77bb0e2f39?channelId=a92cce4e-573c-4e1e-8282-80c8c70e2695";1
"https://vscht.sharepoint.com/sites/403-O365-videastavufyziklnchemie/_layouts/15/stream.aspx?UniqueId=05edecf3%2Dad6c%2D5fb5%2De753%2Deadae41d7148&Translate=false&referrer=StreamWebApp%2EWeb&referrerScenario=AddressBarCopied%2Eview%2Ec78a3be8%2D3b08%2D4ca2%2D913e%2D620a42839ae7";"Einsteinova rovnice";"Michal H. Kolář";"Fyzikální chemie B";8;"transportní jevy,difuze,difuzní koeficient,viskozita,Stokesova rovnice,molární objem";"cvičení";"B403002";;"https://web.microsoftstream.com/video/743ae06b-7d70-4de8-a7ba-d20aa81695e1?channelId=a92cce4e-573c-4e1e-8282-80c8c70e2695";1
"https://vscht.sharepoint.com/sites/403-O365-videastavufyziklnchemie/_layouts/15/stream.aspx?UniqueId=5609dac3-43cd-53db-9585-bd1339f16b1c&Translate=false&referrer=ClassicStream&referrerScenario=ClassicPortalMigration.View";"Kalibrace a vodivost";"Michal H. Kolář";"Fyzikální chemie B";8;"transportní jevy,elektrický odpor,měrný odpor,měrná vodivost,molární vodivost,elektrolyt,vodivostní nádobka";"cvičení";"B403002";;"https://web.microsoftstream.com/video/c6e8b841-a5be-4bbb-a541-8fa11cf7064e?channelId=a92cce4e-573c-4e1e-8282-80c8c70e2695";1
"https://vscht.sharepoint.com/sites/403-O365-videastavufyziklnchemie/_layouts/15/stream.aspx?UniqueId=246714fb%2D86b9%2D5fc8%2D13ca%2D9aa746cd41ea&Translate=false&referrer=StreamWebApp%2EWeb&referrerScenario=AddressBarCopied%2Eview%2E413f289d%2D93a8%2D4768%2D8e31%2D582bcf126af2";"Vodivost slabé kyseliny";"Michal H. Kolář";"Fyzikální chemie B";8;"transportní jevy,disociační konstanta,konstanta acidity,disociační konstanta kyseliny,vodivost,molární vodivost,limitní molární vodivost,stupeň konverze";"cvičení";"B403002";;"https://web.microsoftstream.com/video/d3835cab-51a8-4cf9-b7dd-744e07dcb34d?channelId=a92cce4e-573c-4e1e-8282-80c8c70e2695";1
"https://vscht.sharepoint.com/sites/403-O365-videastavufyziklnchemie/_layouts/15/stream.aspx?UniqueId=568dbb10%2Dfacf%2D5eea%2D8b93%2D0ca279c75dee&Translate=false&referrer=StreamWebApp%2EWeb&referrerScenario=AddressBarCopied%2Eview%2E867c0968%2D65ff%2D4c4a%2D97d0%2D5bcf8ccbfaf0";"Rychlosti iontů";"Michal H. Kolář";"Fyzikální chemie B";8;"transportní děje,vodivost,molární vodivost,pohyblivost,převodové číslo,zákon o nezávislém putování iontů,Kohlraschův zákon";"cvičení";"B403002";;"https://web.microsoftstream.com/video/bbd345ed-6c0f-4fbc-8309-2e66eaa6692d?channelId=a92cce4e-573c-4e1e-8282-80c8c70e2695";1
"https://vscht.sharepoint.com/sites/403-O365-videastavufyziklnchemie/_layouts/15/stream.aspx?UniqueId=6308a079%2D80b6%2D5ebc%2Df14e%2Df230a65c3039&Translate=false&referrer=StreamWebApp%2EWeb&referrerScenario=AddressBarCopied%2Eview%2E81c69294%2Ddb5d%2D48c5%2D875c%2Da3929d8eaaab";"Vodivost a součin rozpustnosti";"Michal H. Kolář";"Fyzikální chemie B";8;"transportní děje,vodivost,limitní molární vodivost,jodid olovnatý";"cvičení";"B403002";;"https://web.microsoftstream.com/video/fa0b656e-955c-4691-99e7-904a405c50b3?channelId=a92cce4e-573c-4e1e-8282-80c8c70e2695";1
"https://vscht-my.sharepoint.com/personal/suchanj_vscht_cz/_layouts/15/stream.aspx?UniqueId=59527dc6-289e-5045-18ee-9833c278c14f&Translate=false&referrer=ClassicStream&referrerScenario=ClassicPortalMigration.View";"van ’t Hoffova rovnice";"Michal H. Kolář";"Fyzikální chemie B";9;"osmóza,osmotický tlak,hydrostatický tlak,osmometrie";"cvičení";"B403002";;"https://web.microsoftstream.com/video/762ab04c-6442-426c-be57-1aa86ecf0a68?channelId=a92cce4e-573c-4e1e-8282-80c8c70e2695";1
"https://vscht.sharepoint.com/sites/403-O365-videastavufyziklnchemie/_layouts/15/stream.aspx?UniqueId=94c958a5%2D1b3c%2D508c%2Dad07%2D62cca840c483&Translate=false&referrer=StreamWebApp%2EWeb&referrerScenario=AddressBarCopied%2Eview%2E1802ffa3%2Daea2%2D41aa%2Da299%2D5ffcd12c7c55";"Izotonický roztok";"Michal H. Kolář";"Fyzikální chemie B";9;"osmóza,osmotický tlak,van ’t Hoffova rovnice";"cvičení";"B403002";;"https://web.microsoftstream.com/video/c547da93-bdab-4dbf-82f6-f3975bdf5292?channelId=a92cce4e-573c-4e1e-8282-80c8c70e2695";1
"https://vscht.sharepoint.com/sites/403-O365-videastavufyziklnchemie/_layouts/15/stream.aspx?UniqueId=a77ec620%2D84ae%2D589c%2D156b%2Dde17ba546c03&Translate=false&referrer=StreamWebApp%2EWeb&referrerScenario=AddressBarCopied%2Eview%2E3e4abbe9%2Dd039%2D4f44%2D9468%2Dd0a323e3ea26";"Osmóza neideálního roztoku";"Michal H. Kolář";"Fyzikální chemie B";9;"osmotický tlak,viriálový rozvoj";"cvičení";"B403002";;"https://web.microsoftstream.com/video/56883ce1-7c56-4734-8ee8-d3f873b0c949?channelId=a92cce4e-573c-4e1e-8282-80c8c70e2695";1
"https://vscht.sharepoint.com/sites/403-O365-videastavufyziklnchemie/_layouts/15/stream.aspx?UniqueId=2ac8d36f%2D6753%2D55f3%2Dafec%2D5ebc457102dc&Translate=false&referrer=StreamWebApp%2EWeb&referrerScenario=AddressBarCopied%2Eview%2E17915c9f%2D8c98%2D46d4%2Db61f%2D3bff84b68108";"Donnanova rovnováha";"Michal H. Kolář";"Fyzikální chemie B";9;"jevy na membránách,polopropustná membrána,elektrochemický potenciál,bilance,Wolfram Alpha";"cvičení";"B403002";;"https://web.microsoftstream.com/video/92baecbb-3a35-42c1-b8b3-35b94272bf55?channelId=a92cce4e-573c-4e1e-8282-80c8c70e2695";1
"https://vscht.sharepoint.com/sites/403-O365-videastavufyziklnchemie/_layouts/15/stream.aspx?UniqueId=359983a2%2D36a8%2D5ec9%2Decf0%2D75022fa55aa6&Translate=false&referrer=StreamWebApp%2EWeb&referrerScenario=AddressBarCopied%2Eview%2E477237d6%2D9415%2D42ee%2Da64f%2D330b655d24e8";"Laplaceova-Youngova rovnice";"Michal H. Kolář";"Fyzikální chemie B";10;"mezifázové jevy,povrchové napětí,Gibbsova energie,tlak";"cvičení";"B403002";;"https://web.microsoftstream.com/video/e8783f82-34da-4d3b-85e3-ac434fdf0d90?channelId=a92cce4e-573c-4e1e-8282-80c8c70e2695";1
"https://vscht.sharepoint.com/sites/403-O365-videastavufyziklnchemie/_layouts/15/stream.aspx?UniqueId=c753615c%2D9aa7%2D5832%2D5fcd%2D2809f9c39ac2&Translate=false&referrer=StreamWebApp%2EWeb&referrerScenario=AddressBarCopied%2Eview%2Eed56e983%2Db404%2D4ee8%2Db582%2D44caf912178a";"Kapilární elevace";"Michal H. Kolář";"Fyzikální chemie B";10;"mezifázové jevy,povrchové napětí,hydrostatický tlak,Laplaceova–Youngova rovnice,dokonalé smáčení,růže";"cvičení";"B403002";;"https://web.microsoftstream.com/video/ef33057c-99cd-4251-92e2-69f059402885?channelId=a92cce4e-573c-4e1e-8282-80c8c70e2695";1
"https://vscht.sharepoint.com/sites/403-O365-videastavufyziklnchemie/_layouts/15/stream.aspx?UniqueId=4665b357%2D4880%2D5eb8%2Dc3ab%2D24e832749c7f&Translate=false&referrer=StreamWebApp%2EWeb&referrerScenario=AddressBarCopied%2Eview%2E40bb90cf%2Da174%2D4ce5%2Daa8d%2D90f6e6e07a6f";"Neideální smáčení";"Michal H. Kolář";"Fyzikální chemie B";10;"mezifázové jevy,povrchové napětí,Laplaceova–Youngova rovnice,hydrostatický tlak,úhel smáčení";"cvičení";"B403002";;"https://web.microsoftstream.com/video/fbd6c698-6533-4cf0-8f22-e05c91397b85?channelId=a92cce4e-573c-4e1e-8282-80c8c70e2695";1
"https://vscht.sharepoint.com/sites/403-O365-videastavufyziklnchemie/_layouts/15/stream.aspx?UniqueId=074c5ba8%2D7d11%2D577d%2D57af%2D5f6becadcfdc&Translate=false&referrer=StreamWebApp%2EWeb&referrerScenario=AddressBarCopied%2Eview%2Ee9f6e246%2D91e4%2D453b%2Daba5%2D2adb873ee513";"Kelvinova rovnice";"Michal H. Kolář";"Fyzikální chemie B";10;"mezifázové jevy,tlak nasycených par,zakřivený povrch,molární objem";"cvičení";"B403002";;"https://web.microsoftstream.com/video/57c47108-7257-46e0-90f7-bed07c352791?channelId=a92cce4e-573c-4e1e-8282-80c8c70e2695";1
"https://vscht.sharepoint.com/sites/403-O365-videastavufyziklnchemie/_layouts/15/stream.aspx?UniqueId=45b42899%2D1b60%2D5189%2Da2fb%2D9ecd660a33b5&Translate=false&referrer=StreamWebApp%2EWeb&referrerScenario=AddressBarCopied%2Eview%2Efe5fdf6b%2D0cbb%2D4318%2Da40e%2D553606c9b498";"Kohezní práce";"Michal H. Kolář";"Fyzikální chemie B";10;"mezifázové jevy,povrchové napětí,bilance sil,kohezní práce,adhezní práce";"cvičení";"B403002";;"https://web.microsoftstream.com/video/c37088fc-d7cc-4e8c-8d22-4d9b51674b96?channelId=a92cce4e-573c-4e1e-8282-80c8c70e2695";1
"https://vscht.sharepoint.com/sites/403-O365-videastavufyziklnchemie/_layouts/15/stream.aspx?UniqueId=98d4f4ea%2D1769%2D5e77%2Df681%2D40375ed44fe8&Translate=false&referrer=StreamWebApp%2EWeb&referrerScenario=AddressBarCopied%2Eview%2E89e385e3%2D7084%2D45af%2Dbcbf%2D23529ea6f1d3";"Velikost polymeru";"Michal H. Kolář";"Fyzikální chemie B";11;"disperzní systémy,ideální řetězec,střední kvadratická vzdálenost";"cvičení";"B403002";;"https://web.microsoftstream.com/video/3aba18fe-22b4-4bfd-bc7a-56a17e9e3a99?channelId=a92cce4e-573c-4e1e-8282-80c8c70e2695";1
"https://vscht.sharepoint.com/sites/403-O365-videastavufyziklnchemie/_layouts/15/stream.aspx?UniqueId=f0624f07%2D2316%2D5e9d%2D1a1e%2Dc5d3ecbe8df6&Translate=false&referrer=StreamWebApp%2EWeb&referrerScenario=AddressBarCopied%2Eview%2E73ab1b5b%2D8e5c%2D48a1%2D8a1c%2D988e839eeec1";"Sedimentace v gravitačním poli";"Michal H. Kolář";"Fyzikální chemie B";11;"disperzní systémy,sedimentace,rychlost sedimentace,vztlak,tíhové zrychlení,bilance sil,difuzní koeficient";"cvičení";"B403002";;"https://web.microsoftstream.com/video/459b2b02-ab36-4080-9bd0-c03ee52d2316?channelId=a92cce4e-573c-4e1e-8282-80c8c70e2695";1
"https://vscht.sharepoint.com/sites/403-O365-videastavufyziklnchemie/_layouts/15/stream.aspx?UniqueId=5111a493%2D0731%2D59ca%2D22a4%2Daecf2ff699e2&Translate=false&referrer=StreamWebApp%2EWeb&referrerScenario=AddressBarCopied%2Eview%2Ed6047367%2D6dce%2D4cd3%2Da6ab%2D4545958adc97";"Sedimentační rovnováha";"Michal H. Kolář";"Fyzikální chemie B";11;"disperzní systémy,sedimentace,rychlost sedimentace,vztlak,tíhové zrychlení,bilance sil,difuzní koeficient,Boltzmannovo rozdělení";"cvičení";"B403002";;"https://web.microsoftstream.com/video/837c9e22-2a6c-41dc-8546-475b7246e264?channelId=a92cce4e-573c-4e1e-8282-80c8c70e2695";1
"https://vscht.sharepoint.com/sites/403-O365-videastavufyziklnchemie/_layouts/15/stream.aspx?UniqueId=67baba7d%2Dd8e4%2D5c1e%2D9918%2Dd98673e69b89&Translate=false&referrer=StreamWebApp%2EWeb&referrerScenario=AddressBarCopied%2Eview%2E40ac6bb4%2D70b7%2D40fd%2D983e%2Df8e3a20874ba";"Zrychlení v centrifuze";"Michal H. Kolář";"Fyzikální chemie B";11;"dizperzní systémy,otáčivý pohyb,tíhové zrychlení,dostředivé zrychlení";"cvičení";"B403002";;"https://web.microsoftstream.com/video/d7899609-55ec-4a37-8e84-96cdcbfe14bc?channelId=a92cce4e-573c-4e1e-8282-80c8c70e2695";1
"https://vscht.sharepoint.com/sites/403-O365-videastavufyziklnchemie/_layouts/15/stream.aspx?UniqueId=6a505478%2D3865%2D5202%2Dacdd%2Dc8d25b4ce1b4&Translate=false&referrer=StreamWebApp%2EWeb&referrerScenario=AddressBarCopied%2Eview%2Ed9fef22f%2D34c0%2D45e9%2Da59a%2D90cd4e2a6512";"Sedimentační rovnováha v centrifuze";"Michal H. Kolář";"Fyzikální chemie B";11;"disperzní systémy,sedimentace,rychlost sedimentace,vztlak,tíhové zrychlení,bilance sil,difuzní koeficient,centrifuga,Boltzmannovo rozdělení";"cvičení";"B403002";;"https://web.microsoftstream.com/video/15b2e8cd-bd19-4048-b0c5-86d19d9437f9?channelId=a92cce4e-573c-4e1e-8282-80c8c70e2695";1
"https://vscht.sharepoint.com/sites/403-O365-videastavufyziklnchemie/_layouts/15/stream.aspx?UniqueId=44c3d2c7%2D0a79%2D5e88%2D9031%2Da805e7214393&Translate=false&referrer=StreamWebApp%2EWeb&referrerScenario=AddressBarCopied%2Eview%2E973c42db%2D2c64%2D4fb4%2Db1e8%2D937d8b5eab5c";"Sedimentační koeficient";"Michal H. Kolář";"Fyzikální chemie B";11;"disperzní systémy,Svedberg,centrifuga,sedimentace,vztlak,difuzní koeficient";"cvičení";"B403002";;"https://web.microsoftstream.com/video/f69907d0-da5b-44d0-95eb-e1ac4e6c4a1d?channelId=a92cce4e-573c-4e1e-8282-80c8c70e2695";1
"https://vscht.sharepoint.com/sites/403-O365-videastavufyziklnchemie/_layouts/15/stream.aspx?UniqueId=597f2492%2D1441%2D5c14%2Da115%2Dacfb952f97d8&Translate=false&referrer=StreamWebApp%2EWeb&referrerScenario=AddressBarCopied%2Eview%2E0ca7febd%2D8fc8%2D46c3%2D85ae%2Df79083f58e28";"Langmuirova izoterma, parametry";"Michal H. Kolář";"Fyzikální chemie B";12;"adsorpce,povrchy,tlak";"cvičení";"B403002";;"https://web.microsoftstream.com/video/c240cbc8-4a11-421c-86fc-0bdf2c4c3bb8?channelId=a92cce4e-573c-4e1e-8282-80c8c70e2695";1
"https://vscht.sharepoint.com/sites/403-O365-videastavufyziklnchemie/_layouts/15/stream.aspx?UniqueId=343a798a%2Db248%2D5972%2Dbadd%2D8aa1cd5767eb&Translate=false&referrer=StreamWebApp%2EWeb&referrerScenario=AddressBarCopied%2Eview%2Ef4b584f9%2D31a6%2D4bae%2D9d74%2D215c5a59d75e";"Langmuirova izoterma, povrch";"Michal H. Kolář";"Fyzikální chemie B";12;"adsorpce,tlak";"cvičení";"B403002";;"https://web.microsoftstream.com/video/85e71bec-f9ec-447c-a2d1-712084d682bf?channelId=a92cce4e-573c-4e1e-8282-80c8c70e2695";1
"https://vscht.sharepoint.com/sites/403-O365-videastavufyziklnchemie/_layouts/15/stream.aspx?UniqueId=222916ed%2D6d28%2D5257%2Dd8e0%2D00cd236571cb&Translate=false&referrer=StreamWebApp%2EWeb&referrerScenario=AddressBarCopied%2Eview%2Eae10082c%2D56f5%2D4603%2Db93b%2D1e64a69b87f8";"Freundlichova izoterma";"Michal H. Kolář";"Fyzikální chemie B";12;"adsorpce,parciální tlak";"cvičení";"B403002";;"https://web.microsoftstream.com/video/a30cae50-efab-4707-8a71-188e40941d75?channelId=a92cce4e-573c-4e1e-8282-80c8c70e2695";1
"https://vscht-my.sharepoint.com/personal/suchanj_vscht_cz/_layouts/15/stream.aspx?UniqueId=60a21ded%2D999b%2D5a52%2D6c24%2Db3b784141b33&Translate=false&referrer=StreamWebApp%2EWeb&referrerScenario=AddressBarCopied%2Eview%2E14335888%2Dfec2%2D4212%2Dba42%2D5bc9d5357b89";"Základní pojmy";"Petr Slavíček";"Fyzikální chemie A+";1;"systém,energie,fáze,skupenství,veličina,stav,rovnováha";"přednáška";"B403018";;"https://web.microsoftstream.com/video/3e687ddb-8150-4bb7-a6f0-77d4085c348d";
"https://vscht-my.sharepoint.com/personal/suchanj_vscht_cz/_layouts/15/stream.aspx?UniqueId=e45983a2%2Debe7%2D5c63%2D07c7%2D957965f9088d&Translate=false&referrer=StreamWebApp%2EWeb&referrerScenario=AddressBarCopied%2Eview%2Ef5acf926%2Ded34%2D42a0%2Da77a%2D572b0ba8207b";"Matematická vsuvka: Vlastnosti parciálních derivací";"Petr Slavíček";"Fyzikální chemie A+";1;"parciální derivace,totální diferenciál,Eulerovo řetězové pravidlo,Eulerovy reciproční relace";"přednáška";"B403018";;"https://web.microsoftstream.com/video/1da17622-76cd-47ff-8dfa-33d38686d467";
"https://vscht-my.sharepoint.com/personal/suchanj_vscht_cz/_layouts/15/stream.aspx?UniqueId=7207ee8d%2D0bdc%2D5711%2Dbff6%2D7887bef698da&Translate=false&referrer=StreamWebApp%2EWeb&referrerScenario=AddressBarCopied%2Eview%2E43b773c3%2Dc311%2D4d2b%2Da7e5%2D2cbd16cb10f1";"Nultý termodynamický zákon a teplota";"Petr Slavíček";"Fyzikální chemie A+";1;"0. termodynamický zákon,teplota,Celsiova stupnice,Fahrenheitova stupnice,Kelvinova stupnice,plynový teploměr";"přednáška";"B403018";;"https://web.microsoftstream.com/video/ea8dbf51-c87f-43a8-a8f9-70d66f07d70f";
"https://vscht-my.sharepoint.com/personal/suchanj_vscht_cz/_layouts/15/stream.aspx?UniqueId=7d256547%2Ddb36%2D50e8%2D0d6c%2Ddc6c3ed3dd68&Translate=false&referrer=StreamWebApp%2EWeb&referrerScenario=AddressBarCopied%2Eview%2E2513c232%2Da0ac%2D4fc0%2D9a6b%2D285c68198320";"Vlastnosti zředěných plynů";"Petr Slavíček";"Fyzikální chemie A+";1;"ideální plyn,stavová rovnice ideálního plynu,barometrická formule,Daltonův zákon,Amagatův zákon";"přednáška";"B403018";;"https://web.microsoftstream.com/video/b3da1ada-b8c6-4bf6-8669-f5574c0649a5";
"https://vscht-my.sharepoint.com/personal/suchanj_vscht_cz/_layouts/15/stream.aspx?UniqueId=11b17a4b%2D0bd9%2D561b%2D1455%2D531849dbae88&Translate=false&referrer=StreamWebApp%2EWeb&referrerScenario=AddressBarCopied%2Eview%2E401d3bc9%2D1d15%2D4cd6%2Db368%2Ddb13916c4146";"Kinetická teorie plynů";"Petr Slavíček";"Fyzikální chemie A+";2;"kinetická teorie plynů,tlak plynu, teplota,Grahamův zákon";"přednáška";"B403018";;"https://web.microsoftstream.com/video/4f3b15b2-dee4-4e9a-af08-07bb35dee314";
"https://vscht-my.sharepoint.com/personal/suchanj_vscht_cz/_layouts/15/stream.aspx?UniqueId=69774e9c%2Dfe0c%2D577f%2Ddfe9%2Daeb83c152598&Translate=false&referrer=StreamWebApp%2EWeb&referrerScenario=AddressBarCopied%2Eview%2E79f52508%2D1a7b%2D47dd%2D8b1c%2D6bff0d4fc1e6";"Dodatek: Kinetická teorie plynů";"Petr Slavíček";"Fyzikální chemie A+";2;"kinetická teorie plynů,teplota";"přednáška";"B403018";;"https://web.microsoftstream.com/video/3bcf0798-6aa1-48b5-bd50-409dae1793ad";
"https://vscht-my.sharepoint.com/personal/suchanj_vscht_cz/_layouts/15/stream.aspx?UniqueId=d0c0b962%2Dd911%2D58d1%2Df3d1%2D520a032c001e&Translate=false&referrer=StreamWebApp%2EWeb&referrerScenario=AddressBarCopied%2Eview%2E22e795ae%2D83a7%2D4941%2D975c%2Dbc91426b04ed";"Boltzmannův rozdělovací zákon";"Petr Slavíček";"Fyzikální chemie A+";2;"Boltzmannův zákon,barometrická formule";"přednáška";"B403018";;"https://web.microsoftstream.com/video/c31f01b0-bf2c-4596-9611-eee3840fb636";
"https://vscht-my.sharepoint.com/personal/suchanj_vscht_cz/_layouts/15/stream.aspx?UniqueId=cbc512ab%2Dbe04%2D5c2a%2D7579%2D8fb026b857ee&Translate=false&referrer=StreamWebApp%2EWeb&referrerScenario=AddressBarCopied%2Eview%2E440cedbc%2D3c43%2D42ec%2D987a%2D03d210fa6192";"Maxwellovo-Boltzmannovo rozdělení";"Petr Slavíček";"Fyzikální chemie A+";2;"Maxwellovo–Boltzmannovo rozdělení,efuze,rychlost molekul plynu,rozdělení rychlostí,Boltzmannův zákon";"přednáška";"B403018";;"https://web.microsoftstream.com/video/897e221b-bb63-4421-a7af-ff97076228b6";
"https://vscht-my.sharepoint.com/personal/suchanj_vscht_cz/_layouts/15/stream.aspx?UniqueId=042cf857%2D11e8%2D50a4%2Dc150%2Dca13b39bf8d8&Translate=false&referrer=StreamWebApp%2EWeb&referrerScenario=AddressBarCopied%2Eview%2Ec22da3ea%2D02ab%2D4092%2D9217%2D3a089b0e9cb5";"Ekvipartiční teorém";"Petr Slavíček";"Fyzikální chemie A+";2;"ekvipartiční teorém,translace,vibrace,rotace";"přednáška";"B403018";;"https://web.microsoftstream.com/video/06e93cf4-21a4-42f6-9bed-6e7822d68ff3";
"https://vscht-my.sharepoint.com/personal/suchanj_vscht_cz/_layouts/15/stream.aspx?UniqueId=67b027b3%2D8dc5%2D53d1%2D1cdd%2D26c2c433084a&Translate=false&referrer=StreamWebApp%2EWeb&referrerScenario=AddressBarCopied%2Eview%2Ed3d23a1d%2D62c7%2D4baa%2Daa34%2D12c637f0b641";"Mezimolekulové interakce";"Petr Slavíček";"Fyzikální chemie A+";3;"mezimolekulové interakce,dipól,indukovaný dipól,disperzní interakce,elektrostatická síla,Pauliho repulze";"přednáška";"B403018";;"https://web.microsoftstream.com/video/73612459-b0bd-477e-b7f1-13f1e9700abd";
"https://vscht-my.sharepoint.com/personal/suchanj_vscht_cz/_layouts/15/stream.aspx?UniqueId=43155c60%2Df64d%2D577d%2D1807%2Dad4f97e8aae8&Translate=false&referrer=StreamWebApp%2EWeb&referrerScenario=AddressBarCopied%2Eview%2E53bdd205%2De7e7%2D4f43%2D8e23%2D1d23b2441ca9";"Reálné plyny a kapaliny";"Petr Slavíček";"Fyzikální chemie A+";3;"reálný plyn,p-V diagram,křivka nasycené páry,křivka nasycené kapaliny,kritický bod,superkritická kapalina,kompresibilitní faktor";"přednáška";"B403018";;"https://web.microsoftstream.com/video/74018a0d-1e61-4244-b6ed-f5d893f1f5ee";
"https://vscht-my.sharepoint.com/personal/suchanj_vscht_cz/_layouts/15/stream.aspx?UniqueId=f2611860%2D0ea1%2D5842%2D02f9%2D8b493b31b8d1&Translate=false&referrer=StreamWebApp%2EWeb&referrerScenario=AddressBarCopied%2Eview%2E7bdf33b2%2Daf8f%2D4821%2Daa81%2De2588168a9a8";"Viriálové stavové rovnice";"Petr Slavíček";"Fyzikální chemie A+";3;"viriálová stavová rovnice,Boyleova teplota,viriálový koeficient,reálný plyn";"přednáška";"B403018";;"https://web.microsoftstream.com/video/9eede21c-5fa2-4044-b452-86f3ffb699b1";
"https://vscht-my.sharepoint.com/personal/suchanj_vscht_cz/_layouts/15/stream.aspx?UniqueId=b6183a7a%2D3170%2D5938%2D404d%2D6afe3a63c152&Translate=false&referrer=StreamWebApp%2EWeb&referrerScenario=AddressBarCopied%2Eview%2E1bf48dfb%2D2c36%2D4078%2Da726%2D344025270428";"Van der Waalsova rovnice 1";"Petr Slavíček";"Fyzikální chemie A+";3;"van der Waalsova rovnice,reálný plyn,VDW";"přednáška";"B403018";;"https://web.microsoftstream.com/video/7fb7dfb8-b1a7-4c0a-ae95-7dabceaa10bb";
"https://vscht-my.sharepoint.com/personal/suchanj_vscht_cz/_layouts/15/stream.aspx?UniqueId=817e678a%2D5b4e%2D54bc%2D4621%2D4a0326e1500a&Translate=false&referrer=StreamWebApp%2EWeb&referrerScenario=AddressBarCopied%2Eview%2E3f6e2881%2Da5a7%2D4758%2D98d6%2D88ed31ba5e61";"Van der Waalsova rovnice 2";"Petr Slavíček";"Fyzikální chemie A+";3;"van der Waalsova rovnice,reálný plyn,kritický bod,VDW";"přednáška";"B403018";;"https://web.microsoftstream.com/video/55ea3b71-9ef2-4474-bde4-304c9c3f5f84";
"https://vscht-my.sharepoint.com/personal/suchanj_vscht_cz/_layouts/15/stream.aspx?UniqueId=aa5f50f4%2D0c8e%2D5633%2D035c%2D594ae8883955&Translate=false&referrer=StreamWebApp%2EWeb&referrerScenario=AddressBarCopied%2Eview%2E50e5990d%2D07e0%2D4da3%2D96a3%2D94d853bc8b2f";"Teorém korespondujících stavů";"Petr Slavíček";"Fyzikální chemie A+";3;"teorém korespondujících stavů,van der Waalsova rovnice,redukovaný tlak,redukovaná teplota,redukovaný objem,reálný plyn,VDW";"přednáška";"B403018";;"https://web.microsoftstream.com/video/f37f8595-155b-4e76-baab-1b5587e7577b";
"https://vscht-my.sharepoint.com/personal/suchanj_vscht_cz/_layouts/15/stream.aspx?UniqueId=f978e419%2D6234%2D5d8e%2D2b30%2D5cb68ed87811&Translate=false&referrer=StreamWebApp%2EWeb&referrerScenario=AddressBarCopied%2Eview%2E6f966fbe%2D9b47%2D4a40%2Db853%2Dd59173d731e2";"Další stavové rovnice";"Petr Slavíček";"Fyzikální chemie A+";3;"reálný plyn,stavová rovnice reálného plynu,Berthelotova rovnice,Dietericiho rovnice,Redlichova–Kwongova rovnice,BWR rovnice";"přednáška";"B403018";;"https://web.microsoftstream.com/video/d33d4b52-5ca3-4c78-b2f0-192c488463ff";
"https://vscht-my.sharepoint.com/personal/suchanj_vscht_cz/_layouts/15/stream.aspx?UniqueId=71677f89%2D1928%2D5019%2D73ea%2D2a2d982484d4&Translate=false&referrer=StreamWebApp%2EWeb&referrerScenario=AddressBarCopied%2Eview%2E01ec121e%2D95f5%2D4861%2D9421%2Dbe498b1d8c39";"Směs reálných plynů";"Petr Slavíček";"Fyzikální chemie A+";3;"směs reálných plynů,Daltonův zákon,Amagatův zákon,parciální objem";"přednáška";"B403018";;"https://web.microsoftstream.com/video/7b7b4bd9-a16a-4654-9c2a-9b36883e5eda";
"https://vscht-my.sharepoint.com/personal/suchanj_vscht_cz/_layouts/15/stream.aspx?UniqueId=eca259fc%2Ddb9b%2D546f%2D9302%2D9e406a9b8feb&Translate=false&referrer=StreamWebApp%2EWeb&referrerScenario=AddressBarCopied%2Eview%2E94942e82%2D4f89%2D417b%2Da259%2D32f1ed78338b";"Stavové chování kapalin";"Petr Slavíček";"Fyzikální chemie A+";3;"stavové chování kapalin,Guggenheimova rovnice,křivka nasycené kapaliny,koeficient izobarické roztažnosti,koeficient izotermické stlačitelnosti,koeficient izochorické rozpínavosti";"přednáška";"B403018";;"https://web.microsoftstream.com/video/7bcdfee2-2bf7-44fc-b835-3d0f5d440648";
"https://vscht-my.sharepoint.com/personal/suchanj_vscht_cz/_layouts/15/stream.aspx?UniqueId=d9660390%2D08bf%2D592b%2D7e16%2Df28dbb852ee8&Translate=false&referrer=StreamWebApp%2EWeb&referrerScenario=AddressBarCopied%2Eview%2E1d05a0f5%2D8e42%2D4cce%2D8b63%2D39e9bf149cfc";"Experiment - měření pVT diagramu";"Petr Slavíček";"Fyzikální chemie A+";3;"reálný plyn,fázový přechod,p-V-T diagram,experiment,pokus";"přednáška";"B403018";;"https://web.microsoftstream.com/video/cb035e2e-da55-4a0e-8563-3323dcd9f0e0";
"https://vscht-my.sharepoint.com/personal/suchanj_vscht_cz/_layouts/15/stream.aspx?UniqueId=07294e95%2D47ec%2D5d14%2D87b6%2Dc4b020c928e4&Translate=false&referrer=StreamWebApp%2EWeb&referrerScenario=AddressBarCopied%2Eview%2Eb8cb5925%2D87fb%2D4598%2D948c%2Dc81fcc447894";"Exkluzivní rozhovor se studenty";"Petr Slavíček";"Fyzikální chemie A+";3;"rozhovor";"přednáška";"B403018";;"https://web.microsoftstream.com/video/382c941c-72da-4fe6-9363-37c97087a1b1";
"https://vscht-my.sharepoint.com/personal/suchanj_vscht_cz/_layouts/15/stream.aspx?UniqueId=958e4852%2D7566%2D5fe3%2D9267%2D07cd12e39e6d&Translate=false&referrer=StreamWebApp%2EWeb&referrerScenario=AddressBarCopied%2Eview%2E920d7375%2Db112%2D42c2%2Da431%2Def7b0e2f6d17";"Co je teplo? Trocha historie";"Petr Slavíček";"Fyzikální chemie A+";4;"teplo,kalorikum";"přednáška";"B403018";;"https://web.microsoftstream.com/video/32912c86-aa6f-4695-91dc-65daac0dcab5";
"https://vscht-my.sharepoint.com/personal/suchanj_vscht_cz/_layouts/15/stream.aspx?UniqueId=59025171%2D8dc5%2D5ccc%2D9e56%2D5daa8d53146d&Translate=false&referrer=StreamWebApp%2EWeb&referrerScenario=AddressBarCopied%2Eview%2E1260de8a%2D409c%2D4fa1%2D85ad%2D850c67f5edb4";"I. termodynamický princip: formulace";"Petr Slavíček";"Fyzikální chemie A+";4;"1. termodynamický zákon,teplo,práce,vnitřní energie,1.věta termodynamická,Q,W,U";"přednáška";"B403018";;"https://web.microsoftstream.com/video/40078296-3fcd-4967-a2f9-2248adda4371";
"https://vscht-my.sharepoint.com/personal/suchanj_vscht_cz/_layouts/15/stream.aspx?UniqueId=01bdcac6%2De165%2D5988%2D7db9%2D5a2c88887652&Translate=false&referrer=StreamWebApp%2EWeb&referrerScenario=AddressBarCopied%2Eview%2E7885a0bb%2Df6dd%2D4c46%2Dab63%2D9bbfa35078c2";"Izochorický, izobarický a izotermický děj";"Petr Slavíček";"Fyzikální chemie A+";4;"izochorický děj,izobarický děj,izotermický děj,vnitřní energie,teplo,práce,tepelná kapacita,entalpie,endotermický děj,exotermický děj,W,U,Q,H";"přednáška";"B403018";;"https://web.microsoftstream.com/video/39a318cd-253b-4167-8a09-616ed0e1e5b6";
"https://vscht-my.sharepoint.com/personal/suchanj_vscht_cz/_layouts/15/stream.aspx?UniqueId=815524e7%2D7e1e%2D567a%2De56e%2D42d7832eb973&Translate=false&referrer=StreamWebApp%2EWeb&referrerScenario=AddressBarCopied%2Eview%2E0375cc5a%2Dcab9%2D4d4d%2D9657%2Dc7d0d1e33683";"Mayerův vztah";"Petr Slavíček";"Fyzikální chemie A+";4;"Mayerův vztah,tepelná kapacita,Cp";"přednáška";"B403018";;"https://web.microsoftstream.com/video/e09adf07-81d1-49f1-b033-0010cdf9b54e";
"https://vscht-my.sharepoint.com/personal/suchanj_vscht_cz/_layouts/15/stream.aspx?UniqueId=72eab942%2Dcf81%2D552f%2Deb20%2D92005581015a&Translate=false&referrer=StreamWebApp%2EWeb&referrerScenario=AddressBarCopied%2Eview%2E2be02309%2D2c74%2D4b27%2Dadcb%2D57ae3408a98f";"Adiabatický děj a Poissonovy rovnice";"Petr Slavíček";"Fyzikální chemie A+";4;"adiabatický děj,Poissonovy rovnice";"přednáška";"B403018";;"https://web.microsoftstream.com/video/a26a2d7d-9fd5-4fce-a160-ec7d87b78114";
"https://vscht-my.sharepoint.com/personal/suchanj_vscht_cz/_layouts/15/stream.aspx?UniqueId=88378252%2D7c57%2D55c7%2Dd46b%2D1d33a1ece7c8&Translate=false&referrer=StreamWebApp%2EWeb&referrerScenario=AddressBarCopied%2Eview%2Efe271b11%2Da9ec%2D477f%2Db9b7%2Db66e6ad1d7cc";"Aplikace adiabatického děje 1: Šíření zvuku";"Petr Slavíček";"Fyzikální chemie A+";4;"adiabatický děj,Poissonovy rovnice,šíření zvuku";"přednáška";"B403018";;"https://web.microsoftstream.com/video/3072393d-ee91-47e2-b2c7-b03e836b9f61";
"https://vscht-my.sharepoint.com/personal/suchanj_vscht_cz/_layouts/15/stream.aspx?UniqueId=d75c5504%2D386d%2D5e62%2Deca7%2Dcd71c40dce24&Translate=false&referrer=StreamWebApp%2EWeb&referrerScenario=AddressBarCopied%2Eview%2Edec5517a%2Db8f4%2D4d30%2D9a9e%2D5a954f2b3a78";"Aplikace adiabatického děje 2: Model atmosféry";"Petr Slavíček";"Fyzikální chemie A+";4;"adiabatický děj,Poissonovy rovnice,atmosféra";"přednáška";"B403018";;"https://web.microsoftstream.com/video/b7419bd2-8860-4915-8d16-0435e89725d3";
"https://vscht-my.sharepoint.com/personal/suchanj_vscht_cz/_layouts/15/stream.aspx?UniqueId=6d156421%2D040a%2D5b0e%2D8568%2D01d1cedb69b5&Translate=false&referrer=StreamWebApp%2EWeb&referrerScenario=AddressBarCopied%2Eview%2E499c8dfc%2D13db%2D4b31%2Dbc51%2D98bd33be5a8e";"Termochemické zákony";"Petr Slavíček";"Fyzikální chemie A+";5;"termochemie,stechiometrický koeficient,chemická reakce,reakční teplo,reakční entalpie,Lavoisierův zákon,Hessův zákon";"přednáška";"B403018";;"https://web.microsoftstream.com/video/5e2f153d-7248-45e1-8c5c-014ba17ca231";
"https://vscht-my.sharepoint.com/personal/suchanj_vscht_cz/_layouts/15/stream.aspx?UniqueId=9d6b949b%2D75e3%2D5bcd%2D9de9%2Ddb498ab25274&Translate=false&referrer=StreamWebApp%2EWeb&referrerScenario=AddressBarCopied%2Eview%2Ecc8effc0%2De46d%2D4280%2Db416%2De2c0b2b69d25";"Slučovací a spalná entalpie";"Petr Slavíček";"Fyzikální chemie A+";5;"slučovací entalpie,spalná entalpie,Hessův zákon";"přednáška";"B403018";;"https://web.microsoftstream.com/video/6427cadb-bcd9-4bdd-b796-e79c7a20bb87";
"https://vscht-my.sharepoint.com/personal/suchanj_vscht_cz/_layouts/15/stream.aspx?UniqueId=31dedd74%2D2b80%2D5b69%2D9eaa%2Db7d1dd2fd215&Translate=false&referrer=StreamWebApp%2EWeb&referrerScenario=AddressBarCopied%2Eview%2E67cf5a88%2Dbe07%2D4942%2Db2c2%2D7b3799b1c398";"Teplotní závislost reakční entalpie (Kirchhoffův zákon)";"Petr Slavíček";"Fyzikální chemie A+";5;"Kirchhoffův zákon,reakční entalpie";"přednáška";"B403018";;"https://web.microsoftstream.com/video/84c07f65-b757-48dc-a3a3-5a5a3874b2df";
"https://vscht-my.sharepoint.com/personal/suchanj_vscht_cz/_layouts/15/stream.aspx?UniqueId=b0c526e7%2Dec9f%2D5f78%2D2bcc%2D66f41ebef21b&Translate=false&referrer=StreamWebApp%2EWeb&referrerScenario=AddressBarCopied%2Eview%2E6be6411b%2D87a9%2D4b53%2D8a79%2D63202e50234f";"Entalpická bilance";"Petr Slavíček";"Fyzikální chemie A+";5;"entalpická bilance,reakční entalpie,Hessův zákon";"přednáška";"B403018";;"https://web.microsoftstream.com/video/d5f18b59-0d41-4955-8e18-4db67eb13c71";
"https://vscht-my.sharepoint.com/personal/suchanj_vscht_cz/_layouts/15/stream.aspx?UniqueId=a74ec5f3%2Da33d%2D54f9%2D6b04%2D0593186ce17c&Translate=false&referrer=StreamWebApp%2EWeb&referrerScenario=AddressBarCopied%2Eview%2Ed9a616db%2D6dff%2D45ab%2D8e43%2D476b3b9619cc";"Odhady termochemických veličin, rezonanční energie";"Petr Slavíček";"Fyzikální chemie A+";5;"rezonanční energie,energie vazby,Bensonova metoda,Bayerovo pnutí";"přednáška";"B403018";;"https://web.microsoftstream.com/video/8f7e75d5-26d8-40ed-84fc-e5576263358f";
"https://vscht-my.sharepoint.com/personal/suchanj_vscht_cz/_layouts/15/stream.aspx?UniqueId=d6755bfc%2Da8d4%2D5b1c%2Dcf17%2D95be0d950c9f&Translate=false&referrer=StreamWebApp%2EWeb&referrerScenario=AddressBarCopied%2Eview%2E972c4534%2Dbc9a%2D4e2d%2D9fa6%2D3a63307ee0b6";"Termochemie krystalu";"Petr Slavíček";"Fyzikální chemie A+";5;"krystal,Bornův–Haberův cyklus,ionizační energie,elektronová afinita,mřížková energie,Madelungova konstanta";"přednáška";"B403018";;"https://web.microsoftstream.com/video/35e82c4d-b308-4eb9-acc5-4104224a31ef";
"https://vscht-my.sharepoint.com/personal/suchanj_vscht_cz/_layouts/15/stream.aspx?UniqueId=b2965c0d%2Dad36%2D5a5c%2D13c9%2D6229fc8a324f&Translate=false&referrer=StreamWebApp%2EWeb&referrerScenario=AddressBarCopied%2Eview%2E3877f96a%2D4188%2D42b9%2Da9f6%2D68e56bce5fb1";"Experiment - Spalovací kalorimetrie";"Petr Slavíček";"Fyzikální chemie A+";5;"reakční entalpie,spalovací kalorimetrie,spalná entalpie";"přednáška";"B403018";;"https://web.microsoftstream.com/video/58977b83-53b3-4c59-837b-6b8d770dc497";
"https://vscht-my.sharepoint.com/personal/suchanj_vscht_cz/_layouts/15/stream.aspx?UniqueId=5000cce7%2Df8cc%2D587e%2Dde5d%2Db5c7bce38e48&Translate=false&referrer=StreamWebApp%2EWeb&referrerScenario=AddressBarCopied%2Eview%2Ec2efdc4a%2D9e73%2D4a5d%2D8a29%2D80f9a4b34055";"Druhý termodynamický princip";"Petr Slavíček";"Fyzikální chemie A+";6;"2. termodynamický zákon,teplo,práce,tepelný stroj,2.věta termodynamická,W,Q";"přednáška";"B403018";;"https://web.microsoftstream.com/video/40cd2b82-9c2e-48fa-982b-274b9c018751";
"https://vscht-my.sharepoint.com/personal/suchanj_vscht_cz/_layouts/15/stream.aspx?UniqueId=c8ee6421%2Da312%2D5150%2D3a7f%2D9d061f17b4ae&Translate=false&referrer=StreamWebApp%2EWeb&referrerScenario=AddressBarCopied%2Eview%2Ec3a6807a%2D12fa%2D4738%2D96aa%2D324342513661";"Carnotův stroj a Carnotův teorém";"Petr Slavíček";"Fyzikální chemie A+";6;"2. termodynamický zákon,Carnotův stroj,Carnotův teorém,účinnost tepelného stroje,2. věta termodynamická";"přednáška";"B403018";;"https://web.microsoftstream.com/video/bb333ff8-bfbb-4ffe-8e46-96fc50b501a8";
"https://vscht-my.sharepoint.com/personal/suchanj_vscht_cz/_layouts/15/stream.aspx?UniqueId=79160ce9%2Dd3aa%2D59af%2D63b0%2D1d2311941791&Translate=false&referrer=StreamWebApp%2EWeb&referrerScenario=AddressBarCopied%2Eview%2E5c6d687b%2D7474%2D4b89%2D8c6f%2D3a7ef43ef125";"Clausiova nerovnost a entropie";"Petr Slavíček";"Fyzikální chemie A+";6;"2. termodynamický zákon,Clausiova nerovnost,Carnotův stroj,účinnost tepelného stroje,entropie,2. věta termodynamická,S";"přednáška";"B403018";;"https://web.microsoftstream.com/video/6aa8da15-8a08-4acd-82d2-a5d9b38dd7b2";
"https://vscht-my.sharepoint.com/personal/suchanj_vscht_cz/_layouts/15/stream.aspx?UniqueId=1bbd68d0%2Dbfc3%2D54c6%2Da9e6%2Db27ed7fcde93&Translate=false&referrer=StreamWebApp%2EWeb&referrerScenario=AddressBarCopied%2Eview%2E20983363%2D0d33%2D48d1%2D9a12%2De68ea532fa3d";"Příklad: Změna entropie pro expanzi";"Petr Slavíček";"Fyzikální chemie A+";6;"entropie,expanze plynu,S";"přednáška";"B403018";;"https://web.microsoftstream.com/video/05ebe377-8a99-42bd-9fe1-40957f449560";
"https://vscht-my.sharepoint.com/personal/suchanj_vscht_cz/_layouts/15/stream.aspx?UniqueId=3ecb71ce%2D4a5c%2D5c1a%2D3693%2D319dde4bc671&Translate=false&referrer=StreamWebApp%2EWeb&referrerScenario=AddressBarCopied%2Eview%2Ee5df1108%2D39fc%2D459a%2Da6a5%2D6405f97ba960";"Experiment - Tepelné stroje";"Petr Slavíček";"Fyzikální chemie A+";6;"tepelný stroj,experiment,parní stroj,Stirlingův motor";"přednáška";"B403018";;"https://web.microsoftstream.com/video/a68f995f-f7a7-4863-93f9-e1d90c8d0ce6";
"https://vscht-my.sharepoint.com/personal/suchanj_vscht_cz/_layouts/15/stream.aspx?UniqueId=5fa5f169%2D6e8e%2D5e1d%2Dab03%2Dd6ca8f137929&Translate=false&referrer=StreamWebApp%2EWeb&referrerScenario=AddressBarCopied%2Eview%2Eaa59a8bf%2D752c%2D495a%2D967a%2D8676a8dfc25d";"Entropie směšování: Ideální plyn";"Petr Slavíček";"Fyzikální chemie A+";7;"směšovací entropie";"přednáška";"B403018";;"https://web.microsoftstream.com/video/5879d266-325e-4e76-9ac8-d0376b75baad";
"https://vscht-my.sharepoint.com/personal/suchanj_vscht_cz/_layouts/15/stream.aspx?UniqueId=8948a9c6%2D3654%2D5109%2Dd837%2D126fb301261e&Translate=false&referrer=StreamWebApp%2EWeb&referrerScenario=AddressBarCopied%2Eview%2Ea77dfcef%2D1b01%2D4345%2D9641%2Df7053efeacdf";"Entropie fázové přeměny";"Petr Slavíček";"Fyzikální chemie A+";7;"entropie izobarického ohřevu,entropie fázové přeměny";"přednáška";"B403018";;"https://web.microsoftstream.com/video/6a468397-d250-4c82-9c7e-116e1c881963";
"https://vscht-my.sharepoint.com/personal/suchanj_vscht_cz/_layouts/15/stream.aspx?UniqueId=23031bfa%2Dd51a%2D5b69%2Dd8d8%2D4d5c71632d0e&Translate=false&referrer=StreamWebApp%2EWeb&referrerScenario=AddressBarCopied%2Eview%2E4277b209%2Da389%2D4f58%2Da529%2D0131f7587ea0";"Gibbsova a Helmholtzova energie";"Petr Slavíček";"Fyzikální chemie A+";7;"Gibbsova energie,Helmholtzova energie,entropie,A,G";"přednáška";"B403018";;"https://web.microsoftstream.com/video/51309675-9fcc-4c06-a275-976edf68aba8";
"https://vscht-my.sharepoint.com/personal/suchanj_vscht_cz/_layouts/15/stream.aspx?UniqueId=375e6e91%2D2a73%2D5d38%2De6f0%2D55e7bd01ae9e&Translate=false&referrer=StreamWebApp%2EWeb&referrerScenario=AddressBarCopied%2Eview%2E199aee95%2D9090%2D460c%2D8e9f%2Db0e9ed9a779d";"Entropie: Statistický pohled";"Petr Slavíček";"Fyzikální chemie A+";7;"entropie,statistická termodynamika,makrostav,mikrostav,Boltzmannovo rozdělení,Boltzmannův vztah";"přednáška";"B403018";;"https://web.microsoftstream.com/video/8a42e6be-00bd-43bc-9519-e4dd217284b2";
"https://vscht-my.sharepoint.com/personal/suchanj_vscht_cz/_layouts/15/stream.aspx?UniqueId=a20e8d83%2Dd323%2D5d3d%2Db434%2D0fde979bb2e0&Translate=false&referrer=StreamWebApp%2EWeb&referrerScenario=AddressBarCopied%2Eview%2E56f03ec5%2Dd128%2D47e0%2Db273%2D3ddfe996ba1b";"Informační entropie";"Petr Slavíček";"Fyzikální chemie A+";7;"informační entropie";"přednáška";"B403018";;"https://web.microsoftstream.com/video/d0e86952-3c80-4170-9942-d834617d13e9";
"https://vscht-my.sharepoint.com/personal/suchanj_vscht_cz/_layouts/15/stream.aspx?UniqueId=c3e50051%2Db2e8%2D5e5e%2Defaf%2D3f7f9ff0d953&Translate=false&referrer=StreamWebApp%2EWeb&referrerScenario=AddressBarCopied%2Eview%2E30cb8b95%2D634d%2D47ed%2Dbdd9%2Ded117c48801a";"Spojené formulace termodynamických vět";"Petr Slavíček";"Fyzikální chemie A+";7;"spojené formulace termodynamických vět,2. termodynamický zákon,1. termodynamický zákon,1. věta termodynamická,2. věta termodynamická";"přednáška";"B403018";;"https://web.microsoftstream.com/video/57e4ab53-85a2-4f00-a5ae-393d9ee53c50";
"https://vscht-my.sharepoint.com/personal/suchanj_vscht_cz/_layouts/15/stream.aspx?UniqueId=dbaae36e%2Dae6a%2D5926%2D6879%2Df87b591e1cd1&Translate=false&referrer=StreamWebApp%2EWeb&referrerScenario=AddressBarCopied%2Eview%2Ebde67244%2Daf7c%2D4a59%2Da7bd%2D637e402300ba";"Závislost termodynamických veličin na stavových proměnných";"Petr Slavíček";"Fyzikální chemie A+";7;"entropie,entalpie,vnitřní energie,termodynamické veličiny,Mayerův vztah,Gibbsova–Helmholtzova rovnice,S,H,U";"přednáška";"B403018";;"https://web.microsoftstream.com/video/dd099ffd-a6ac-4383-9731-2c31d14e963a";
"https://vscht.sharepoint.com/sites/VSCHTVidea/_layouts/15/stream.aspx?UniqueId=a22e786e%2D24bb%2D51ad%2Db814%2Dc87109d7fb15&Translate=false&referrer=StreamWebApp%2EWeb&referrerScenario=AddressBarCopied%2Eview%2E42771897%2D5108%2D4a02%2Db00b%2D93f351373396";"Pokus: zmrznutí podchlazené vody";"Petr Slavíček";"Fyzikální chemie A+";7;"experiment,pokus,zmrznutí podchlazené vody";"přednáška";"B403018";;"https://web.microsoftstream.com/video/d634f977-6913-4de3-b305-ab13281e9492";
"https://vscht-my.sharepoint.com/personal/suchanj_vscht_cz/_layouts/15/stream.aspx?UniqueId=953e4f9a%2D0b05%2D56ad%2Dae43%2D8ef19b45683c&Translate=false&referrer=StreamWebApp%2EWeb&referrerScenario=AddressBarCopied%2Eview%2E659c5056%2Dcaa8%2D49b0%2D9132%2Dcad757e4d297";"(Počítačový) Experiment: Boltzmannovo rozdělení";"Petr Slavíček";"Fyzikální chemie A+";7;"Boltzmannovo rozdělení,molekulové simulace,experiment";"přednáška";"B403018";;"https://web.microsoftstream.com/video/4cd304ed-90ca-4234-8152-27138a6e65ea";
"https://vscht-my.sharepoint.com/personal/suchanj_vscht_cz/_layouts/15/stream.aspx?UniqueId=7ce92372%2D259a%2D56ea%2Dacf9%2D8add31007e5f&Translate=false&referrer=StreamWebApp%2EWeb&referrerScenario=AddressBarCopied%2Eview%2E90ddbc9f%2D3b9d%2D438d%2D9076%2D5481c94b638f";"Jouleův a Jouleův-Thomsonův jev";"Petr Slavíček";"Fyzikální chemie A+";8;"Jouleův jev,Jouleův–Thompsonův jev,reálný plyn,škrcení plynu";"přednáška";"B403018";;"https://web.microsoftstream.com/video/5f27b1b4-98c4-4d31-b3d6-2fc4b65fea2f";
"https://vscht-my.sharepoint.com/personal/suchanj_vscht_cz/_layouts/15/stream.aspx?UniqueId=5b40f356%2Db9e0%2D5a5a%2Dc9ea%2Dfc09935ca0d5&Translate=false&referrer=StreamWebApp%2EWeb&referrerScenario=AddressBarCopied%2Eview%2E7fec92cd%2D5d75%2D4070%2Da712%2D189fef86a11f";"Zkapalňování plynů";"Petr Slavíček";"Fyzikální chemie A+";8;"zkapalňování plynů,ochlazování plynů,reálný plyn,chladnička,Jouleův–Thompsonův jev,adiabatická demagnetizace,laserové chlazení";"přednáška";"B403018";;"https://web.microsoftstream.com/video/6bc918e9-cfa1-4e0f-b10f-2fc6bb2e8713";
"https://vscht-my.sharepoint.com/personal/suchanj_vscht_cz/_layouts/15/stream.aspx?UniqueId=a57fb818%2Ddb48%2D5875%2D0e70%2D65f508d303c2&Translate=false&referrer=StreamWebApp%2EWeb&referrerScenario=AddressBarCopied%2Eview%2E51fa057f%2D450c%2D4db4%2Db384%2Dcfb79f3da210";"Třetí termodynamický princip a absolutní entropie";"Petr Slavíček";"Fyzikální chemie A+";8;"3. termodynamický zákon,entropie,Nernstův tepelný teorém,absolutní entropie,S";"přednáška";"B403018";;"https://web.microsoftstream.com/video/aa9a3399-0268-4ba2-9d64-e68d3783cf49";
"https://vscht-my.sharepoint.com/personal/suchanj_vscht_cz/_layouts/15/stream.aspx?UniqueId=8d86d8a2%2Deadc%2D5812%2D964c%2Df06c3fc6f223&Translate=false&referrer=StreamWebApp%2EWeb&referrerScenario=AddressBarCopied%2Eview%2Eba91b138%2D0eec%2D4403%2Dba28%2Df2f9ca631708";"Termodynamika: shrnutí";"Petr Slavíček";"Fyzikální chemie A+";8;"0. termodynamický zákon,1. termodynamický zákon,2. termodynamický zákon,3. termodynamický zákon,teplota,vnitřní energie,teplo,práce,entalpie,Gibbsova energie,Helmholtzova energie,entropie,T,U,Q,W,H,G,A,S";"přednáška";"B403018";;"https://web.microsoftstream.com/video/10668125-41cc-4d8f-9a28-7834c5e72226";
"https://vscht-my.sharepoint.com/personal/suchanj_vscht_cz/_layouts/15/stream.aspx?UniqueId=d9546bff%2D5b48%2D50b2%2Df6ec%2Da34bdc499dae&Translate=false&referrer=StreamWebApp%2EWeb&referrerScenario=AddressBarCopied%2Eview%2E34cfa59a%2D2e04%2D463d%2Db1e4%2D080e7c981979";"Experiment: Zkapalňování pynů";"Petr Slavíček";"Fyzikální chemie A+";8;"experiment,zkapalňování plynů,reálný plyn,pokus";"přednáška";"B403018";;"https://web.microsoftstream.com/video/012d72ac-2928-4de8-b8f3-5fc3e32ea6da";
"https://vscht-my.sharepoint.com/personal/suchanj_vscht_cz/_layouts/15/stream.aspx?UniqueId=a8d1cfcd%2D0757%2D5866%2D05a2%2D5171fc87ebfd&Translate=false&referrer=StreamWebApp%2EWeb&referrerScenario=AddressBarCopied%2Eview%2E30949d7d%2Dfad8%2D4406%2Dabdd%2D16921cd1c244";"Termodynamické funkce směsí";"Petr Slavíček";"Fyzikální chemie A+";9;"směs,standardní stav,molární veličina,dodatková veličina";"přednáška";"B403018";;"https://web.microsoftstream.com/video/306bc351-f10d-41a0-9c3c-d44d032c3395";
"https://vscht-my.sharepoint.com/personal/suchanj_vscht_cz/_layouts/15/stream.aspx?UniqueId=547aeeed%2Dda1d%2D5721%2De61e%2Ddf5e836d7b7e&Translate=false&referrer=StreamWebApp%2EWeb&referrerScenario=AddressBarCopied%2Eview%2E30c85aaf%2Db04c%2D4c0c%2D9d90%2D84504baf04d2";"Parciální molární veličiny a Gibbsova-Duhemova rovnice";"Petr Slavíček";"Fyzikální chemie A+";9;"parciální molární veličina,Gibbsova–Duhemova rovnice,molární veličina,směs";"přednáška";"B403018";;"https://web.microsoftstream.com/video/c938ed5a-aff1-4ba4-9b26-54c45dc08941";
"https://vscht-my.sharepoint.com/personal/suchanj_vscht_cz/_layouts/15/stream.aspx?UniqueId=44a81aa2%2D52aa%2D5756%2D010e%2D49796696512c&Translate=false&referrer=StreamWebApp%2EWeb&referrerScenario=AddressBarCopied%2Eview%2Ea094a5c1%2D1a68%2D4cdc%2Db465%2D1f5777d8f235";"Experiment – Směšování roztoků";"Petr Slavíček";"Fyzikální chemie A+";9;"experiment,směšování roztoků,směs,pokus";"přednáška";"B403018";;"https://web.microsoftstream.com/video/64bcefa4-8e41-402c-8144-367966d85358";
"https://vscht-my.sharepoint.com/personal/suchanj_vscht_cz/_layouts/15/stream.aspx?UniqueId=a279ac1e%2D6002%2D5de8%2D7142%2D8d175baff83e&Translate=false&referrer=StreamWebApp%2EWeb&referrerScenario=AddressBarCopied%2Eview%2Ef9b4ed96%2D566e%2D409e%2D836a%2D3e10e06cbf4c";"Chemický potenciál čisté látky (a fázové rovnováhy)";"Petr Slavíček";"Fyzikální chemie A+";10;"molární Gibbsova energie,parciální molární Gibbsova energie,chemický potenciál,fázová rovnováha,intenzivní podmínka fázové rovnováhy";"přednáška";"B403018";;"https://web.microsoftstream.com/video/553d680a-52bc-421f-a8aa-57502f0e9ced";
"https://vscht-my.sharepoint.com/personal/suchanj_vscht_cz/_layouts/15/stream.aspx?UniqueId=36c1883d%2Df3cd%2D58cb%2Df7f6%2D18d262fe27ad&Translate=false&referrer=StreamWebApp%2EWeb&referrerScenario=AddressBarCopied%2Eview%2E8c7d1429%2Dc56d%2D44f3%2D9030%2Dfe02877c99f2";"Chemický potenciál směsi (a chemické rovnováhy)";"Petr Slavíček";"Fyzikální chemie A+";10;"chemický potenciál,parciální molární Gibbsova energie,chemická rovnováha";"přednáška";"B403018";;"https://web.microsoftstream.com/video/f319be2a-14b7-43b6-b552-2c218edc8ad1";
"https://vscht-my.sharepoint.com/personal/suchanj_vscht_cz/_layouts/15/stream.aspx?UniqueId=e8626149%2Dc37a%2D5936%2D22ca%2D17ab4cf97e5c&Translate=false&referrer=StreamWebApp%2EWeb&referrerScenario=AddressBarCopied%2Eview%2E5e99f04a%2D0e23%2D4219%2D856a%2D3ddfd07db5cd";"Jak spočítat chemický potenciál? Fugacita a aktivita";"Petr Slavíček";"Fyzikální chemie A+";10;"chemický potenciál,fugacitní koeficient,fugacita,aktivitní koeficient,aktivita,směs";"přednáška";"B403018";;"https://web.microsoftstream.com/video/ef4811c0-5c47-4d86-8550-6bb072f9c331";
"https://vscht-my.sharepoint.com/personal/suchanj_vscht_cz/_layouts/15/stream.aspx?UniqueId=cc990c77%2D9192%2D573f%2Deb04%2D035fd3f95ee6&Translate=false&referrer=StreamWebApp%2EWeb&referrerScenario=AddressBarCopied%2Eview%2E6cfe8879%2Dbb90%2D4b43%2Db911%2Dc5c94a103757";"Stirlingův vztah";"Petr Slavíček";"Fyzikální chemie A+";10;"Stirlingův vztah";"přednáška";"B403018";;"https://web.microsoftstream.com/video/c5795e9b-f14f-4101-a2cd-c8e5edc043e1";
"https://vscht-my.sharepoint.com/personal/suchanj_vscht_cz/_layouts/15/stream.aspx?UniqueId=f98c7d6f%2Da7f3%2D554f%2Df0dc%2De2f8a357b96b&Translate=false&referrer=StreamWebApp%2EWeb&referrerScenario=AddressBarCopied%2Eview%2E61409c60%2D6641%2D49ce%2Daabe%2D57106dc38d23";"Regulární roztok: Statistická teorie";"Petr Slavíček";"Fyzikální chemie A+";10;"regulární roztok,statistická termodynamika,směs,směšovací veličiny";"přednáška";"B403018";;"https://web.microsoftstream.com/video/dd785be7-5878-44c1-9f0e-4b75b46d903e";
"https://vscht-my.sharepoint.com/personal/suchanj_vscht_cz/_layouts/15/stream.aspx?UniqueId=16061756%2D2bc7%2D5ab2%2Db406%2D6cf44f5cbe32&Translate=false&referrer=StreamWebApp%2EWeb&referrerScenario=AddressBarCopied%2Eview%2E50cbac2a%2Dc0b6%2D4fce%2Dad45%2D39b138fd65bf";"Experiment: Chemický potenciál v akci";"Petr Slavíček";"Fyzikální chemie A+";10;"experiment,chemický potenciál,pokus";"přednáška";"B403018";;"https://web.microsoftstream.com/video/70b78abd-c6fb-4793-9af6-29ed362977cb";
"https://vscht-my.sharepoint.com/personal/suchanj_vscht_cz/_layouts/15/stream.aspx?UniqueId=9f0b941a%2D58ae%2D5841%2Df7c5%2D81e0524c7b93&Translate=false&referrer=StreamWebApp%2EWeb&referrerScenario=AddressBarCopied%2Eview%2Ede87d3a0%2De5a4%2D4aec%2D99b3%2Daa3b7de37028";"Termodynamika chemických reakcí";"Petr Slavíček";"Fyzikální chemie A+";11;"chemická reakce,reakční Gibbsova energie,reakční entalpie,reakční entropie,endotermická reakce,exotermická reakce,chemická rovnováha";"přednáška";"B403018";;"https://web.microsoftstream.com/video/65312bfc-d87c-499b-9cb9-c55171da91c5";
"https://vscht-my.sharepoint.com/personal/suchanj_vscht_cz/_layouts/15/stream.aspx?UniqueId=567629e0%2Dfbc7%2D501c%2D7eab%2D433f40602022&Translate=false&referrer=StreamWebApp%2EWeb&referrerScenario=AddressBarCopied%2Eview%2Ecb577ed8%2Dadd4%2D4ae2%2Db643%2D1893b974ca2e";"Rozsah reakce a stupeň přeměny";"Petr Slavíček";"Fyzikální chemie A+";11;"chemická reakce,rozsah reakce,stupeň přeměny";"přednáška";"B403018";;"https://web.microsoftstream.com/video/2518e72e-b591-4d53-8470-baa88da77b0c";
"https://vscht-my.sharepoint.com/personal/suchanj_vscht_cz/_layouts/15/stream.aspx?UniqueId=09e3e463%2D5dd0%2D5c59%2D2bd7%2D0ce966badb78&Translate=false&referrer=StreamWebApp%2EWeb&referrerScenario=AddressBarCopied%2Eview%2E4d32b43c%2De411%2D41c8%2D81a1%2D7b7bd64f83f3";"Chemická rovnováha, reakční Gibbsova energie a rovnovážná konstanta";"Petr Slavíček";"Fyzikální chemie A+";11;"chemická rovnováha,reakční Gibbsova energie,molární Gibbsova energie,rovnovážná konstanta";"přednáška";"B403018";;"https://web.microsoftstream.com/video/0c677f50-f870-44d6-b175-74c8a34ec501";
"https://vscht-my.sharepoint.com/personal/suchanj_vscht_cz/_layouts/15/stream.aspx?UniqueId=c6d12188%2D3c74%2D575d%2D200a%2D2db4cba3a502&Translate=false&referrer=StreamWebApp%2EWeb&referrerScenario=AddressBarCopied%2Eview%2E7b6d3609%2D0898%2D4324%2D82af%2D8b620e4605bb";"Rovnovážné složení z termodynamických dat";"Petr Slavíček";"Fyzikální chemie A+";11;"chemická rovnováha,rovnovážné složení,reakční Gibbsova energie,rovnovážná konstanta";"přednáška";"B403018";;"https://web.microsoftstream.com/video/7ae1b5df-24cf-4d4f-8c17-0082370592e7";
"https://vscht-my.sharepoint.com/personal/suchanj_vscht_cz/_layouts/15/stream.aspx?UniqueId=ab5d4940%2D9045%2D5db7%2Da11c%2Da6a0d2148436&Translate=false&referrer=StreamWebApp%2EWeb&referrerScenario=AddressBarCopied%2Eview%2E75b92665%2Df792%2D4248%2Da7fa%2D9b1279cbe6eb";"Směr reakce (a biochemický standardní stav)";"Petr Slavíček";"Fyzikální chemie A+";11;"chemická reakce,směr chemické reakce,reakční Gibbsova energie,biochemický standardní stav,rovnovážná konstanta";"přednáška";"B403018";;"https://web.microsoftstream.com/video/73c88926-c6c5-440f-9c26-f2d51378942e";
"https://vscht-my.sharepoint.com/personal/suchanj_vscht_cz/_layouts/15/stream.aspx?UniqueId=615e8f34%2Df585%2D513b%2D0317%2Dff77815c783d&Translate=false&referrer=StreamWebApp%2EWeb&referrerScenario=AddressBarCopied%2Eview%2E20e0bc47%2D39c3%2D4644%2Db9c6%2Deff4eb1ec9c4";"Rovnováha pro reakce v plynné fázi";"Petr Slavíček";"Fyzikální chemie A+";12;"chemická rovnováha,rovnováha v plynné fázi,rovnovážná konstanta";"přednáška";"B403018";;"https://web.microsoftstream.com/video/0d6636d7-38a4-4ff6-b8ea-6c2b06c7eb89";
"https://vscht-my.sharepoint.com/personal/suchanj_vscht_cz/_layouts/15/stream.aspx?UniqueId=91813152%2Db2b4%2D5045%2Dfb8c%2D345ae355585b&Translate=false&referrer=StreamWebApp%2EWeb&referrerScenario=AddressBarCopied%2Eview%2Ee9688798%2D3c0c%2D4f7a%2Dacf8%2Db8d9421fbdf6";"Ovlivnění rovnováhy";"Petr Slavíček";"Fyzikální chemie A+";12;"chemická rovnováha,ovlivnění chemické rovnováhy,rovnovážná konstanta,Le Chatelierův–Brownův princip,van ’t Hoffova rovnice";"přednáška";"B403018";;"https://web.microsoftstream.com/video/0052f792-7b83-4925-b64f-8918fd1485d8";
"https://vscht-my.sharepoint.com/personal/suchanj_vscht_cz/_layouts/15/stream.aspx?UniqueId=de1119b5%2De1e1%2D554d%2D96ec%2Db9f6cf957914&Translate=false&referrer=StreamWebApp%2EWeb&referrerScenario=AddressBarCopied%2Eview%2E94139b71%2Da384%2D4fe3%2Dbc89%2D18045847b714";"Reakce s plynnou a pevnou fází";"Petr Slavíček";"Fyzikální chemie A+";12;"chemická reakce,chemická rovnováha,rovnovážná konstanta,reakce s plynnou a pevnou fází";"přednáška";"B403018";;"https://web.microsoftstream.com/video/a940b102-08c7-40c5-be4c-168a5420e8cb";
"https://vscht-my.sharepoint.com/personal/suchanj_vscht_cz/_layouts/15/stream.aspx?UniqueId=0f46b637%2Daa30%2D5efd%2D56a6%2D9d6f77231cd5&Translate=false&referrer=StreamWebApp%2EWeb&referrerScenario=AddressBarCopied%2Eview%2E34ca4712%2D84dc%2D4161%2D8256%2Da28ed76789aa";"Reakce v pevné fázi";"Petr Slavíček";"Fyzikální chemie A+";12;"chemická reakce,chemická reakce v pevné fázi,rovnovážná konstanta";"přednáška";"B403018";;"https://web.microsoftstream.com/video/39b9445a-56d3-43a7-b028-567d9040f96d";
"https://vscht-my.sharepoint.com/personal/suchanj_vscht_cz/_layouts/15/stream.aspx?UniqueId=6f324ae6%2D1bfe%2D5620%2D99e6%2Df76a8c385ac7&Translate=false&referrer=StreamWebApp%2EWeb&referrerScenario=AddressBarCopied%2Eview%2Eb2402168%2D19a3%2D4f5a%2Da6d1%2D7464251e8f62";"Termodynamické funkce iontů a solvatační energie";"Petr Slavíček";"Fyzikální chemie A+";13;"termodynamické veličiny iontů,ion,solvatační energie,Bornova rovnice";"přednáška";"B403018";;"https://web.microsoftstream.com/video/f2334b73-036a-44d4-9109-93e768ca51cf";
"https://vscht-my.sharepoint.com/personal/suchanj_vscht_cz/_layouts/15/stream.aspx?UniqueId=6707b161%2Da3f2%2D5ec1%2D6dca%2D4cadb8252362&Translate=false&referrer=StreamWebApp%2EWeb&referrerScenario=AddressBarCopied%2Eview%2E94bd9ac3%2Dcdcc%2D4cdc%2D997a%2Dff4f16123e18";"Aktivita iontů";"Petr Slavíček";"Fyzikální chemie A+";13;"ion,aktivita iontů,aktivita,aktivitní koeficient,Debyeova–Hückelova teorie,Poissonova rovnice";"přednáška";"B403018";;"https://web.microsoftstream.com/video/e853855d-f376-4e8a-b118-b311b78dd623";
"https://vscht-my.sharepoint.com/personal/suchanj_vscht_cz/_layouts/15/stream.aspx?UniqueId=dd12bbd8%2Def8d%2D5501%2D29e1%2D623de6baf436&Translate=false&referrer=StreamWebApp%2EWeb&referrerScenario=AddressBarCopied%2Eview%2E35eedf24%2D2ec5%2D41ba%2Da42b%2Dbe4ad879c374";"Rovnováhy s přenosem protonu: Úvod";"Petr Slavíček";"Fyzikální chemie A+";14;"chemická rovnováha,Arrheniova teorie,Brönstedova teorie,protolytická rovnováha,acidobazická rovnováha,disociační konstanta,pKa,iontový součin vody,konstanta acidity";"přednáška";"B403018";;"https://web.microsoftstream.com/video/b76b984b-9e8a-489b-81cc-a5abeca72f29";
"https://vscht-my.sharepoint.com/personal/suchanj_vscht_cz/_layouts/15/stream.aspx?UniqueId=2555b12c%2D1fe6%2D5562%2D5b87%2Ddbc33fdef1bd&Translate=false&referrer=StreamWebApp%2EWeb&referrerScenario=AddressBarCopied%2Eview%2E81a52fb7%2D9560%2D4b2b%2Dba13%2D690fa66a1acb";"Protolytické rovnováhy: Koncentrace složek";"Petr Slavíček";"Fyzikální chemie A+";14;"chemická rovnováha,protolytická rovnováha,acidobazická rovnováha,stupeň disociace,disociační konstanta";"přednáška";"B403018";;"https://web.microsoftstream.com/video/8cdbe1f3-7a39-4809-b02a-42ea6d862d18";
"https://vscht-my.sharepoint.com/personal/suchanj_vscht_cz/_layouts/15/stream.aspx?UniqueId=6dafa2af%2D8270%2D559d%2D006d%2Dd62b57f3dc73&Translate=false&referrer=StreamWebApp%2EWeb&referrerScenario=AddressBarCopied%2Eview%2Ebbb3aae8%2D23ae%2D4ba3%2D805b%2D5c559702ced3";"Protolytické kyseliny a distribuční diagramy";"Petr Slavíček";"Fyzikální chemie A+";14;"chemická rovnováha,protolytická rovnováha,acidobazická rovnováha,polyprotická kyselina,distribuční diagram,pKa,disociační konstanta kyseliny,konstanta acidity";"přednáška";"B403018";;"https://web.microsoftstream.com/video/abe71db1-1192-4846-92f7-e6de88dd9d6c";
"https://vscht-my.sharepoint.com/personal/suchanj_vscht_cz/_layouts/15/stream.aspx?UniqueId=fd0e04ab%2Dbf9b%2D5000%2Da2cc%2Da24ebafe6ae6&Translate=false&referrer=StreamWebApp%2EWeb&referrerScenario=AddressBarCopied%2Eview%2Ed2c0ad95%2Dc1ed%2D4487%2Da5fe%2D1ee75316e5c8";"Málo rozpustné elektrolyty";"Petr Slavíček";"Fyzikální chemie A+";14;"chemická rovnováha,součin rozpustnosti,rozpustnost,ovlivnění rozpustnosti,efekt společného iontu,efekt iontové síly";"přednáška";"B403018";;"https://web.microsoftstream.com/video/a125fba0-cf9d-4818-98e9-e6c5867c2a94";
"https://vscht-my.sharepoint.com/personal/suchanj_vscht_cz/_layouts/15/stream.aspx?UniqueId=b8f80d92%2D17be%2D5fad%2Dff36%2D44d5637f86c6&Translate=false&referrer=StreamWebApp%2EWeb&referrerScenario=AddressBarCopied%2Eview%2E734177ee%2D8a4e%2D432b%2Db7e9%2D65f945f373ce";"Rovnováhy komplexních sloučenin";"Petr Slavíček";"Fyzikální chemie A+";14;"chemická rovnováha,konstanta stability komplexu,rovnováha komplexních sloučenin";"přednáška";"B403018";;"https://web.microsoftstream.com/video/f6cd0f9f-0832-4aa1-b5f3-5d4fa09f56c0";
"https://vscht.sharepoint.com/sites/403-O365-videastavufyziklnchemie/_layouts/15/stream.aspx?UniqueId=2633a8d1%2Dedbe%2D599a%2D5783%2Db24d5296536c&Translate=false&referrer=StreamWebApp%2EWeb&referrerScenario=AddressBarCopied%2Eview%2E4d68e39f%2D1882%2D4198%2Da932%2D41251b2829f4";"Hmotnost plynu v tlakové lahvi";"Ctirad Červinka";"Fyzikální chemie A+";2;"stavová rovnice ideálního plynu,hmotnost plynu,ideální plyn";"cvičení";"B403018";;"https://web.microsoftstream.com/video/de366a39-ee77-4763-aab2-c7e0d458fdc4?channelId=800643e5-5c50-48ed-ab67-2e5e72b3ef7f";1
"https://vscht.sharepoint.com/sites/403-O365-videastavufyziklnchemie/_layouts/15/stream.aspx?UniqueId=48741071%2D353c%2D51dc%2D011a%2Dc6091122fec6&Translate=false&referrer=StreamWebApp%2EWeb&referrerScenario=AddressBarCopied%2Eview%2E5bd1f5fd%2Daf4d%2D4a63%2D819f%2Dfa0d92bc5831";"Hmotnost vzduchu v posluchárně";"Ctirad Červinka";"Fyzikální chemie A+";2;"stavová rovnice ideálního plynu,hmotnost plynu,střední molární hmotnost,ideální plyn";"cvičení";"B403018";;"https://web.microsoftstream.com/video/25b19041-a9b4-494c-b405-b952c917284d?channelId=800643e5-5c50-48ed-ab67-2e5e72b3ef7f";1
"https://vscht.sharepoint.com/sites/403-O365-videastavufyziklnchemie/_layouts/15/stream.aspx?UniqueId=ad5a7173%2D4d6a%2D54e2%2D6448%2Dee76b69f1bf1&Translate=false&referrer=StreamWebApp%2EWeb&referrerScenario=AddressBarCopied%2Eview%2Eb521f597%2Dbc83%2D4375%2Dbcbe%2Dfd5e7f35fae9";"Tlak plynu v sifonové bombičce";"Ctirad Červinka";"Fyzikální chemie A+";2;"stavová rovnice ideálního plynu,tlak plynu,ideální plyn";"cvičení";"B403018";;"https://web.microsoftstream.com/video/f735837b-7819-4e27-9eac-78d07f1d76a6?channelId=800643e5-5c50-48ed-ab67-2e5e72b3ef7f";1
"https://vscht.sharepoint.com/sites/403-O365-videastavufyziklnchemie/_layouts/15/stream.aspx?UniqueId=2da879e0%2Dd96f%2D5fa6%2D5130%2D0fd32634de75&Translate=false&referrer=StreamWebApp%2EWeb&referrerScenario=AddressBarCopied%2Eview%2E05fa0958%2D1ca8%2D44c8%2Dbeb0%2D25c047c1342a";"Přepouštění plynu";"Ctirad Červinka";"Fyzikální chemie A+";2;"stavová rovnice ideálního plynu,přepouštění plynu,ideální plyn";"cvičení";"B403018";;"https://web.microsoftstream.com/video/c64fb2ad-8465-456b-a0c3-833587dd637a?channelId=800643e5-5c50-48ed-ab67-2e5e72b3ef7f";1
"https://vscht.sharepoint.com/sites/403-O365-videastavufyziklnchemie/_layouts/15/stream.aspx?UniqueId=101a23b0%2De89f%2D5a1b%2D093d%2Dc9766aafc695&Translate=false&referrer=StreamWebApp%2EWeb&referrerScenario=AddressBarCopied%2Eview%2Ebc5b824a%2D76a7%2D4169%2D8fd9%2De856a8735e4c";"Molární hmotnost plynu";"Ctirad Červinka";"Fyzikální chemie A+";2;"stavová rovnice ideálního plynu,hustota plynu,molární hmotnost plynu,ideální plyn";"cvičení";"B403018";;"https://web.microsoftstream.com/video/7c9d9303-9457-410f-9c5c-51be4b68df0d?channelId=800643e5-5c50-48ed-ab67-2e5e72b3ef7f";1
"https://vscht.sharepoint.com/sites/403-O365-videastavufyziklnchemie/_layouts/15/stream.aspx?UniqueId=07039468%2D0025%2D57e6%2D3e23%2D3822f8584eb6&Translate=false&referrer=StreamWebApp%2EWeb&referrerScenario=AddressBarCopied%2Eview%2Ea6fc20ae%2Da66d%2D4173%2D80d6%2Dc4933ca664fa";"Plyn pod hydrostatickým tlakem";"Ctirad Červinka";"Fyzikální chemie A+";2;"stavová rovnice ideálního plynu,hustota plynu,hydrostatický tlak,ideální plyn";"cvičení";"B403018";;"https://web.microsoftstream.com/video/46839415-5cd6-4add-8024-184157c7d863?channelId=800643e5-5c50-48ed-ab67-2e5e72b3ef7f";1
"https://vscht.sharepoint.com/sites/403-O365-videastavufyziklnchemie/_layouts/15/stream.aspx?UniqueId=1489fb41%2Dd462%2D5d4e%2Dd41a%2D875b02e24825&Translate=false&referrer=StreamWebApp%2EWeb&referrerScenario=AddressBarCopied%2Eview%2Ec36f52a7%2D10d9%2D4166%2Da9dc%2Dc662fe501e70";"Směšování ideálních plynů";"Ctirad Červinka";"Fyzikální chemie A+";2;"stavová rovnice ideálního plynu,plynná směs,parciální tlak,Daltonův zákon,ideální plyn";"cvičení";"B403018";;"https://web.microsoftstream.com/video/936ca1a6-ffa9-4acc-8353-a9463bbd6c46?channelId=800643e5-5c50-48ed-ab67-2e5e72b3ef7f";1
"https://vscht.sharepoint.com/sites/403-O365-videastavufyziklnchemie/_layouts/15/stream.aspx?UniqueId=54d18947%2Dbe70%2D57bb%2D22f7%2D64f8cc134fa4&Translate=false&referrer=StreamWebApp%2EWeb&referrerScenario=AddressBarCopied%2Eview%2E15759d89%2D6413%2D463d%2Daf80%2Dd7328f590fdf";"Tlak nasycených par a ideální plyn";"Ctirad Červinka";"Fyzikální chemie A+";2;"stavová rovnice ideálního plynu,plynná směs,parciální tlak,tlak nasycených par,relativní vlhkost,ideální plyn";"cvičení";"B403018";;"https://web.microsoftstream.com/video/3e6940a9-0814-467d-9243-16c06d56eb7a?channelId=800643e5-5c50-48ed-ab67-2e5e72b3ef7f";1
"https://vscht.sharepoint.com/sites/403-O365-videastavufyziklnchemie/_layouts/15/stream.aspx?UniqueId=acc89a53%2D2182%2D5c3c%2De4ec%2Df814c36c092b&Translate=false&referrer=StreamWebApp%2EWeb&referrerScenario=AddressBarCopied%2Eview%2Ebc10e115%2Dc7e0%2D44a6%2Db889%2D41ce1e9b9cdd";"Sušení plynu";"Ctirad Červinka";"Fyzikální chemie A+";2;"stavová rovnice ideálního plynu,plynná směs,parciální tlak,tlak nasycených par,relativní vlhkost,sušení plynu,ideální plyn";"cvičení";"B403018";;"https://web.microsoftstream.com/video/3496b162-751d-4c79-8c95-84a5018c329d?channelId=800643e5-5c50-48ed-ab67-2e5e72b3ef7f";1
"https://vscht.sharepoint.com/sites/403-O365-videastavufyziklnchemie/_layouts/15/stream.aspx?UniqueId=5b82f11e-108f-5cda-5970-3099e3e63ed9&Translate=false&referrer=ClassicStream&referrerScenario=ClassicPortalMigration.View";"Objemový viriální rozvoj";"Ctirad Červinka";"Fyzikální chemie A+";3;"reálný plyn,viriálová stavová rovnice,molární objem";"cvičení";"B403018";;"https://web.microsoftstream.com/video/bcf5dcd2-f560-4049-af09-ed16d54567a2?channelId=800643e5-5c50-48ed-ab67-2e5e72b3ef7f";1
"https://vscht.sharepoint.com/sites/403-O365-videastavufyziklnchemie/_layouts/15/stream.aspx?UniqueId=d3ed5ff5%2D39da%2D50dc%2Dce21%2D3794a458a593&Translate=false&referrer=StreamWebApp%2EWeb&referrerScenario=AddressBarCopied%2Eview%2Edcaeff2b%2D6611%2D432a%2Dbef6%2D4f85f643382c";"Van der Waalsova stavová rovnice";"Ctirad Červinka";"Fyzikální chemie A+";3;"reálný plyn,van der Waalsova rovnice,molární objem,p-V diagram,VDW";"cvičení";"B403018";;"https://web.microsoftstream.com/video/ba352c72-e259-4b99-bed9-4deaf860b010?channelId=800643e5-5c50-48ed-ab67-2e5e72b3ef7f";1
"https://vscht.sharepoint.com/sites/403-O365-videastavufyziklnchemie/_layouts/15/stream.aspx?UniqueId=70646af5%2Dd3f7%2D5d20%2D69a9%2D2bf7379c5430&Translate=false&referrer=StreamWebApp%2EWeb&referrerScenario=AddressBarCopied%2Eview%2E2ad82f6f%2D66b2%2D4886%2Dbcd6%2Dd98e6c7a0020";"Tlak reálného plynu";"Ctirad Červinka";"Fyzikální chemie A+";3;"reálný plyn,van der Waalsova rovnice,Redlichova–Kwongova rovnice,tlak plynu,VDW";"cvičení";"B403018";;"https://web.microsoftstream.com/video/0d9a4732-dd18-4655-9c4e-6352f159fe86?channelId=800643e5-5c50-48ed-ab67-2e5e72b3ef7f";1
"https://vscht.sharepoint.com/sites/403-O365-videastavufyziklnchemie/_layouts/15/stream.aspx?UniqueId=12b8ca49%2Dca7a%2D5286%2Dc41e%2Dc8f0ad21b799&Translate=false&referrer=StreamWebApp%2EWeb&referrerScenario=AddressBarCopied%2Eview%2E7607f18c%2Da0fc%2D4619%2Db878%2D93e8bbc389a6";"Objem plynu z van der Waalsovy rovnice";"Ctirad Červinka";"Fyzikální chemie A+";3;"reálný plyn,van der Waalsova rovnice,molární objem,kubické stavové rovnice,VDW";"cvičení";"B403018";;"https://web.microsoftstream.com/video/56853686-218e-488a-9fac-77d2583dc4c3?channelId=800643e5-5c50-48ed-ab67-2e5e72b3ef7f";1
"https://vscht.sharepoint.com/sites/403-O365-videastavufyziklnchemie/_layouts/15/stream.aspx?UniqueId=e3969fd9%2D3e58%2D57aa%2D2863%2Dbf5eb2bc46c1&Translate=false&referrer=StreamWebApp%2EWeb&referrerScenario=AddressBarCopied%2Eview%2E4caeacef%2D6d68%2D4ce0%2Daf87%2Dd9d9fd871304";"Porovnání stavových modelů";"Ctirad Červinka";"Fyzikální chemie A+";3;"reálný plyn,van der Waalsova rovnice,Redlichova–Kwongova rovnice,tlak plynu,přetlak,VDW";"cvičení";"B403018";;"https://web.microsoftstream.com/video/faccb178-8922-4252-b8a0-328ff50be3a6?channelId=800643e5-5c50-48ed-ab67-2e5e72b3ef7f";1
"https://vscht.sharepoint.com/sites/403-O365-videastavufyziklnchemie/_layouts/15/stream.aspx?UniqueId=fc9c345e%2D3347%2D5cef%2D1e92%2D8f33f5702864&Translate=false&referrer=StreamWebApp%2EWeb&referrerScenario=AddressBarCopied%2Eview%2E2ba46348%2Daf8d%2D4663%2D8342%2D0a58b2c3db64";"Teorém korespondujících stavů";"Ctirad Červinka";"Fyzikální chemie A+";3;"reálný plyn,teorém korespondujících stavů,kompresibilitní faktor,TKS";"cvičení";"B403018";;"https://web.microsoftstream.com/video/b943f59b-6956-4554-b5f0-8ab839f4dcfb?channelId=800643e5-5c50-48ed-ab67-2e5e72b3ef7f";1
"https://vscht.sharepoint.com/sites/403-O365-videastavufyziklnchemie/_layouts/15/stream.aspx?UniqueId=ec565792%2D3898%2D51ee%2Da0bc%2D48685f92ad7f&Translate=false&referrer=StreamWebApp%2EWeb&referrerScenario=AddressBarCopied%2Eview%2E846f17fb%2Da950%2D485e%2D967a%2D5b78e7395086";"Teplotní roztažnost kapalin";"Ctirad Červinka";"Fyzikální chemie A+";3;"stavové chování kapalin, koeficient izobarické roztažnosti";"cvičení";"B403018";;"https://web.microsoftstream.com/video/9c39a60d-ba0e-4e66-bd3d-116a2f0ebd2a?channelId=800643e5-5c50-48ed-ab67-2e5e72b3ef7f";1
"https://vscht.sharepoint.com/sites/403-O365-videastavufyziklnchemie/_layouts/15/stream.aspx?UniqueId=024b2356%2De9e0%2D5861%2Db584%2D25b8744a8ae8&Translate=false&referrer=StreamWebApp%2EWeb&referrerScenario=AddressBarCopied%2Eview%2E751abbfd%2D8397%2D4974%2Da1e1%2Da635f532b7db";"Stlačitelnost kapalin";"Ctirad Červinka";"Fyzikální chemie A+";3;"stavové chování kapalin, koeficient izotermické stlačitelnosti";"cvičení";"B403018";;"https://web.microsoftstream.com/video/0884f2ee-af71-4539-9f4a-9676faaa710e?channelId=800643e5-5c50-48ed-ab67-2e5e72b3ef7f";1
"https://vscht.sharepoint.com/sites/403-O365-videastavufyziklnchemie/_layouts/15/stream.aspx?UniqueId=41b57a22%2D92f7%2D5715%2D273d%2Db82d7c10f599&Translate=false&referrer=StreamWebApp%2EWeb&referrerScenario=AddressBarCopied%2Eview%2E712ddde7%2D148b%2D4486%2Db890%2D61ea6a433dc3";"Směs reálných plynů";"Ctirad Červinka";"Fyzikální chemie A+";3;"reálný plyn,van der Waalsova rovnice,plynná směs,směšovací pravidla,VDW";"cvičení";"B403018";;"https://web.microsoftstream.com/video/a092aabb-303e-4465-86d2-fe0345ff61ec?channelId=800643e5-5c50-48ed-ab67-2e5e72b3ef7f";1
"https://vscht.sharepoint.com/sites/403-O365-videastavufyziklnchemie/_layouts/15/stream.aspx?UniqueId=a290ae83-bb8c-5d0d-2e77-1150e41267f7&Translate=false&referrer=ClassicStream&referrerScenario=ClassicPortalMigration.View";"Amagatův zákon pro plynnou směs";"Ctirad Červinka";"Fyzikální chemie A+";3;"reálný plyn,kompresibilitní faktor,ideální směs,Amagatův zákon";"cvičení";"B403018";;"https://web.microsoftstream.com/video/142b3549-b96a-438a-8cb2-4a6b2da30e8b?channelId=800643e5-5c50-48ed-ab67-2e5e72b3ef7f";1
"https://vscht.sharepoint.com/sites/403-O365-videastavufyziklnchemie/_layouts/15/stream.aspx?UniqueId=a856aaee%2D5663%2D5491%2D9c88%2Dfe7851a4231d&Translate=false&referrer=StreamWebApp%2EWeb&referrerScenario=AddressBarCopied%2Eview%2Ecf7dbd01%2D4769%2D46cf%2Db2db%2D635af2d578a7";"Viriální rozvoj pro plynnou směs";"Ctirad Červinka";"Fyzikální chemie A+";3;"reálný plyn,kompresibilitní faktor,viriálová stavová rovnice,směšovací pravidla";"cvičení";"B403018";;"https://web.microsoftstream.com/video/aa672879-de91-4887-acbf-b085548a65a5?channelId=800643e5-5c50-48ed-ab67-2e5e72b3ef7f";1
"https://vscht.sharepoint.com/sites/403-O365-videastavufyziklnchemie/_layouts/15/stream.aspx?UniqueId=0ebc81b5%2Da5d2%2D5afc%2Dbaf7%2D01088eef144d&Translate=false&referrer=StreamWebApp%2EWeb&referrerScenario=AddressBarCopied%2Eview%2Efd5aafd8%2D1d77%2D41b1%2Daa3c%2Ddf80e0b61624";"Srovnání Amagatova zákona a Redlichovy-Kwongovy stavové rovnice";"Ctirad Červinka";"Fyzikální chemie A+";3;"reálný plyn,kompresibilitní faktor,ideální směs,Amagatův zákon,Redlichova–Kwongova rovnice,směšovací pravidla";"cvičení";"B403018";;"https://web.microsoftstream.com/video/32a4d90d-ed4f-4119-8dfd-f1acf14ada4c?channelId=800643e5-5c50-48ed-ab67-2e5e72b3ef7f";1
"https://vscht.sharepoint.com/sites/403-O365-videastavufyziklnchemie/_layouts/15/stream.aspx?UniqueId=b774e2bf%2D1a17%2D5fbd%2D5fb1%2D4c594228e1db&Translate=false&referrer=StreamWebApp%2EWeb&referrerScenario=AddressBarCopied%2Eview%2E9d64f865%2Dec49%2D47a6%2Dbb78%2D8bfc13ff9483";"Práce a adiabatický děj";"Jan Heyda";"Fyzikální chemie A+";4;"práce,adiabatický děj,parní stroj,ideální plyn,entalpie,vnitřní energie,methanol,Mayerův vztah,práce,izochorický děj,W,Q,H,U";"cvičení";"B403018";;"https://web.microsoftstream.com/video/cc3e4b90-198e-4dea-aaee-641f8c6a6572?channelId=800643e5-5c50-48ed-ab67-2e5e72b3ef7f";1
"https://vscht.sharepoint.com/sites/403-O365-videastavufyziklnchemie/_layouts/15/stream.aspx?UniqueId=5e5e6559%2D0d52%2D5977%2D739b%2Dff6d715796f1&Translate=false&referrer=StreamWebApp%2EWeb&referrerScenario=AddressBarCopied%2Eview%2Ecfc97725%2D78f7%2D4595%2Db164%2De9936b7f74ab";"Reakční entalpie kalorimetricky";"Ctirad Červinka";"Fyzikální chemie A+";5;"reakční entalpie,spalná entalpie,vnitřní energie,kalorimetrie";"cvičení";"B403018";;"https://web.microsoftstream.com/video/19fb7ef6-e191-4b13-8c38-c6d73724b72b?channelId=800643e5-5c50-48ed-ab67-2e5e72b3ef7f";1
"https://vscht.sharepoint.com/sites/403-O365-videastavufyziklnchemie/_layouts/15/stream.aspx?UniqueId=1a861071%2D052a%2D57bd%2D6d2e%2D4e889260a70a&Translate=false&referrer=StreamWebApp%2EWeb&referrerScenario=AddressBarCopied%2Eview%2E0edd439d%2D93b9%2D4237%2D80dc%2Db42ac6741da1";"Reakční entalpie ze slučovacích entalpií";"Ctirad Červinka";"Fyzikální chemie A+";5;"reakční entalpie,slučovací entalpie,stechiometrie chemické rovnice";"cvičení";"B403018";;"https://web.microsoftstream.com/video/b5ebdd5e-bd51-4018-b9c5-1061fc5bf595?channelId=800643e5-5c50-48ed-ab67-2e5e72b3ef7f";1
"https://vscht.sharepoint.com/sites/403-O365-videastavufyziklnchemie/_layouts/15/stream.aspx?UniqueId=3c46b1b3%2Dde82%2D50c5%2D15a9%2D568ee2243058&Translate=false&referrer=StreamWebApp%2EWeb&referrerScenario=AddressBarCopied%2Eview%2E278ffceb%2Ddd88%2D4b6b%2Db7ce%2D6b39574749c5";"Výhřevnost zemního plynu";"Ctirad Červinka";"Fyzikální chemie A+";5;"reakční entalpie,reakční teplo,slučovací entalpie,výhřevnost,Hessův zákon";"cvičení";"B403018";;"https://web.microsoftstream.com/video/9f9f3913-1cf8-4dc7-aa91-50e04b2c5b16?channelId=800643e5-5c50-48ed-ab67-2e5e72b3ef7f";1
"https://vscht.sharepoint.com/sites/403-O365-videastavufyziklnchemie/_layouts/15/stream.aspx?UniqueId=c4323149%2Df3a7%2D5ae4%2Ddeae%2D02cc9181fb5c&Translate=false&referrer=StreamWebApp%2EWeb&referrerScenario=AddressBarCopied%2Eview%2E198cb008%2D7f6e%2D43c8%2Da985%2D3b4b9e51cf86";"Reakční entalpie ze spalných entalpií";"Ctirad Červinka";"Fyzikální chemie A+";5;"reakční entalpie,slučovací entalpie,spalná entalpie";"cvičení";"B403018";;"https://web.microsoftstream.com/video/6f6927db-d973-4f90-acc9-b964c07b0843?channelId=800643e5-5c50-48ed-ab67-2e5e72b3ef7f";1
"https://vscht.sharepoint.com/sites/403-O365-videastavufyziklnchemie/_layouts/15/stream.aspx?UniqueId=98e075ba%2D24fd%2D55e6%2Dacb8%2D41f87c5fbd72&Translate=false&referrer=StreamWebApp%2EWeb&referrerScenario=AddressBarCopied%2Eview%2Ea3f9b530%2D7fe0%2D40bc%2D99cd%2Dae23629ad06f";"Teplo spalin k ohřevu";"Ctirad Červinka";"Fyzikální chemie A+";5;"reakční entalpie,reakční teplo,spalná entalpie,tepelná kapacita,entalpická bilance,exotermická reakce";"cvičení";"B403018";;"https://web.microsoftstream.com/video/ba00ae90-62f6-44fd-be5d-0ef6aaa776a7?channelId=800643e5-5c50-48ed-ab67-2e5e72b3ef7f";1
"https://vscht.sharepoint.com/sites/403-O365-videastavufyziklnchemie/_layouts/15/stream.aspx?UniqueId=510e5c57%2D4926%2D5f2f%2Dfced%2D96dfe65b084f&Translate=false&referrer=StreamWebApp%2EWeb&referrerScenario=AddressBarCopied%2Eview%2E0dea3452%2D912b%2D4f07%2Dba00%2D71cf86355bd7";"Reakční entalpie z termodynamického cyklu";"Ctirad Červinka";"Fyzikální chemie A+";5;"reakční entalpie,Bornův–Haberův cyklus,termodynamický cyklus,Hessův zákon";"cvičení";"B403018";;"https://web.microsoftstream.com/video/85bd9a47-12be-4674-a372-b828cc3c44f4?channelId=800643e5-5c50-48ed-ab67-2e5e72b3ef7f";1
"https://vscht.sharepoint.com/sites/403-O365-videastavufyziklnchemie/_layouts/15/stream.aspx?UniqueId=1830522d%2D180b%2D5bdf%2D7cd6%2D9ab61ee0d0a6&Translate=false&referrer=StreamWebApp%2EWeb&referrerScenario=AddressBarCopied%2Eview%2Ef4039ade%2D1e48%2D42b1%2Dbd6a%2D21928b7b611e";"Regulace výstupní teploty v reaktoru";"Ctirad Červinka";"Fyzikální chemie A+";5;"reakční entalpie,tepelná kapacita,entalpická bilance,exotermická reakce";"cvičení";"B403018";;"https://web.microsoftstream.com/video/81a7b18b-5f58-424a-a1c2-c951fce1ea84?channelId=800643e5-5c50-48ed-ab67-2e5e72b3ef7f";1
"https://vscht.sharepoint.com/sites/403-O365-videastavufyziklnchemie/_layouts/15/stream.aspx?UniqueId=035d67b0%2D3bad%2D5af3%2Da232%2Dde821b72fd95&Translate=false&referrer=StreamWebApp%2EWeb&referrerScenario=AddressBarCopied%2Eview%2E705731d5%2Da0c8%2D4004%2D93fc%2Db629bae0eb58";"Přepočet reakční entalpie na jinou teplotu";"Ctirad Červinka";"Fyzikální chemie A+";5;"reakční entalpie,tepelná kapacita,Kirchhoffův zákon";"cvičení";"B403018";;"https://web.microsoftstream.com/video/ba534dde-8f5f-4c6e-a4c6-25ca313a0ffd?channelId=800643e5-5c50-48ed-ab67-2e5e72b3ef7f";1
"https://vscht.sharepoint.com/sites/403-O365-videastavufyziklnchemie/_layouts/15/stream.aspx?UniqueId=cc61ee28%2De7f1%2D57a0%2D5577%2D9f9d190da2ac&Translate=false&referrer=StreamWebApp%2EWeb&referrerScenario=AddressBarCopied%2Eview%2E801298b2%2De2f9%2D4287%2Da922%2D870edeb43188";"Entalpické bilance za různých podmínek";"Ctirad Červinka";"Fyzikální chemie A+";5;"reakční entalpie,tepelná kapacita,entalpická bilance,Kirchhoffův zákon";"cvičení";"B403018";;"https://web.microsoftstream.com/video/ccd80244-2549-4c42-bce1-22bdd99ba817?channelId=800643e5-5c50-48ed-ab67-2e5e72b3ef7f";1
"https://vscht.sharepoint.com/sites/403-O365-videastavufyziklnchemie/_layouts/15/stream.aspx?UniqueId=9c80650e%2Db486%2D50ba%2Dd74c%2Df267e35dbf53&Translate=false&referrer=StreamWebApp%2EWeb&referrerScenario=AddressBarCopied%2Eview%2E8d355574%2Dc30d%2D42a2%2Dbbd5%2D7a5fa6de57bf";"Adiabatická teplota plamene";"Ctirad Červinka";"Fyzikální chemie A+";5;"reakční entalpie,reakční teplo,entalpická bilance,exotermická reakce,adiabatická reakce,teplota plamene";"cvičení";"B403018";;"https://web.microsoftstream.com/video/b492cf7d-4f64-4c40-8e24-d3aa1f2e9b1e?channelId=800643e5-5c50-48ed-ab67-2e5e72b3ef7f";1
"https://vscht.sharepoint.com/sites/403-O365-videastavufyziklnchemie/_layouts/15/stream.aspx?UniqueId=4b255ef3%2D920a%2D5710%2Ddaee%2Dbb25b5257b47&Translate=false&referrer=StreamWebApp%2EWeb&referrerScenario=AddressBarCopied%2Eview%2E5c18e774%2D69e5%2D48c6%2D969a%2Db5fdc326caec";"Entalpická a látková bilance";"Ctirad Červinka";"Fyzikální chemie A+";5;"reakční entalpie,entalpická bilance,látková bilance,Kirchhoffův zákon";"cvičení";"B403018";;"https://web.microsoftstream.com/video/95ecd971-c103-467a-850a-e711983d2709?channelId=800643e5-5c50-48ed-ab67-2e5e72b3ef7f";1
"https://vscht.sharepoint.com/sites/403-O365-videastavufyziklnchemie/_layouts/15/stream.aspx?UniqueId=d47f73c8%2Dbfd5%2D512d%2Da67a%2D4303112449fa&Translate=false&referrer=StreamWebApp%2EWeb&referrerScenario=AddressBarCopied%2Eview%2E32e82c99%2Db03d%2D4d31%2Da2c3%2D3c39a9ff3047";"Termochemie";"Jan Heyda";"Fyzikální chemie A+";5;"termochemie,Kirchhoffův zákon,změna entalpie s teplotou,tepelná kapacita,H,Cpm,";"cvičení";"B403018";;"https://web.microsoftstream.com/video/fe8d283c-40e3-4c80-ae06-988699ad4c37";1
"https://vscht.sharepoint.com/sites/403-O365-videastavufyziklnchemie/_layouts/15/stream.aspx?UniqueId=0b464309%2D602c%2D59a3%2Db6df%2Dc0bea68940a4&Translate=false&referrer=StreamWebApp%2EWeb&referrerScenario=AddressBarCopied%2Eview%2E4be62eda%2Dc169%2D4bb1%2D8118%2Df5e6ed1c922c";"Změna termodynamických veličin";"Jan Heyda";"Fyzikální chemie A+";6;"izobarický děj,teplo,entalpie,entropie,síran draselný,Cpm,adiabatický děj,entropie fázového přechodu,Helmholtzova energie,Gibbsova energie,ideální plyn,Q,H,S,A,G";"cvičení";"B403018";;"https://web.microsoftstream.com/video/f9dff5e6-748c-457a-8bc3-8cfdeec98171?channelId=800643e5-5c50-48ed-ab67-2e5e72b3ef7f";1
"https://vscht.sharepoint.com/sites/403-O365-videastavufyziklnchemie/_layouts/15/stream.aspx?UniqueId=149c59e2%2Df64b%2D50db%2D636e%2D68f9ab2b3db0&Translate=false&referrer=StreamWebApp%2EWeb&referrerScenario=AddressBarCopied%2Eview%2E1a3d52ec%2D9407%2D4abe%2D8c5c%2D44c295e6da6a";"Termodynamika reálného plynu";"Jan Heyda";"Fyzikální chemie A+";7;"reálný plyn,viriálová stavové rovnice,Redlichova–Kwongova rovnice,entropie,entalpie,Gibbsova energie,teplo,S,H,G,Q,druhý viriálový koeficient,fugacitní koeficient";"cvičení";"B403018";;"https://web.microsoftstream.com/video/b8c66ec1-e59c-4ffe-8966-ecc2156677dd?channelId=800643e5-5c50-48ed-ab67-2e5e72b3ef7f";1
"https://vscht.sharepoint.com/sites/403-O365-videastavufyziklnchemie/_layouts/15/stream.aspx?UniqueId=b34b2e11%2D044c%2D57e5%2Dd48f%2Dd9b8d8d67020&Translate=false&referrer=StreamWebApp%2EWeb&referrerScenario=AddressBarCopied%2Eview%2E3e58f8af%2D18b7%2D41cd%2Daba9%2D6e47e9790dff";"Škrcení plynu, tepelné kapacity";"Jan Heyda";"Fyzikální chemie A+";10;"škrcení plynu,tepelná kapacita,Mayerův vztah,Cpm,Cvm,van der Waalsova rovnice,VDW";"cvičení";"B403018";;"https://web.microsoftstream.com/video/df52dea7-65c9-44a0-9b29-46f1f402f414";1
"https://vscht.sharepoint.com/sites/403-O365-videastavufyziklnchemie/_layouts/15/stream.aspx?UniqueId=3cdc59b3%2D2b09%2D56bb%2Dfc5d%2D4a9ea5faafe6&Translate=false&referrer=StreamWebApp%2EWeb&referrerScenario=AddressBarCopied%2Eview%2E0d9ecbf0%2Db1c7%2D4a69%2Da33a%2D62372bb667b4";"Rovnováha v plynné fázi";"Jan Heyda";"Fyzikální chemie A+";11;"rovnováha v plynné fázi,rovnovážná konstanta,vliv tlaku na rovnovážné složení,ideální plyn,aktivita plynu,chemická rovnováha,molární zlomek,rovnovážné složení,rovnovážná konstanta,přídavek inertu,rozsah reakce,van ’t Hoffova rovnice,simultánní reakce,K";"cvičení";"B403018";;"https://web.microsoftstream.com/video/05d5b65a-a8f4-469c-8095-952aaa541ce0";1
"https://vscht-my.sharepoint.com/personal/suchanj_vscht_cz/_layouts/15/stream.aspx?UniqueId=1fe17238%2D0373%2D5c13%2D9f4d%2Dc9bc0b12d316&Translate=false&referrer=StreamWebApp%2EWeb&referrerScenario=AddressBarCopied%2Eview%2E332dc5be%2D5d1f%2D4e03%2Dafb1%2D74f5f494f884";"Elektrochemie: Úvod";"Petr Slavíček";"Fyzikální chemie B+";1;"elektrochemie,poloreakce,článek,elektroda,energetika elektrochemických reakcí,galvanický článek,elektrolytický článek";"přednáška";"B403019";;"https://web.microsoftstream.com/video/479b6a68-9f8f-4497-aba8-f653e1dc351b";0
"https://vscht-my.sharepoint.com/personal/suchanj_vscht_cz/_layouts/15/stream.aspx?UniqueId=da039564%2Dbc49%2D5f68%2D6934%2D1dccab3d609c&Translate=false&referrer=StreamWebApp%2EWeb&referrerScenario=AddressBarCopied%2Eview%2Ea64aaba1%2D83aa%2D4690%2Dae49%2D66f96bcb030b";"Bota mého dědečka (Faradayův zákon)";"Petr Slavíček";"Fyzikální chemie B+";1;"Faradayův zákon,elektrolýza,coulometrie,galvaniace";"přednáška";"B403019";;"https://web.microsoftstream.com/video/50612b47-7741-4bf5-b11e-ba9cb03646be";0
"https://vscht-my.sharepoint.com/personal/suchanj_vscht_cz/_layouts/15/stream.aspx?UniqueId=68a13339%2Dfdc8%2D5b97%2Dcff1%2D53433d59ee8c&Translate=false&referrer=StreamWebApp%2EWeb&referrerScenario=AddressBarCopied%2Eview%2E36c94719%2D57d3%2D4536%2Daabd%2D94188cd443d8";"Napětí článku: Úvodní pojmy";"Petr Slavíček";"Fyzikální chemie B+";1;"elektroda,anoda,katoda,polarita,solný můstek,článek,napětí článku,potenciál elektrody,vratný článek,rovnovážné napětí článku,standardní vodíková elektroda,Beketovova řada,argentochloridová elektroda";"přednáška";"B403019";;"https://web.microsoftstream.com/video/2681f8d4-1477-4ddc-b7cc-1fb0f055012e";
"https://vscht-my.sharepoint.com/personal/suchanj_vscht_cz/_layouts/15/stream.aspx?UniqueId=036d8a49%2D2ac4%2D5037%2D6ab9%2D4cc0a956d3e6&Translate=false&referrer=StreamWebApp%2EWeb&referrerScenario=AddressBarCopied%2Eview%2E383a3d5b%2D6c75%2D478f%2D9e86%2D6501b15fe63f";"Napětí článku: Nernstova rovnice";"Petr Slavíček";"Fyzikální chemie B+";1;"napětí článku,Nernstova rovnice";"přednáška";"B403019";;"https://web.microsoftstream.com/video/788789cc-cd93-4d2f-994c-837275b70a85";
"https://vscht-my.sharepoint.com/personal/suchanj_vscht_cz/_layouts/15/stream.aspx?UniqueId=0657c61c%2Dbb18%2D5386%2D6282%2D92d5f07b7e8d&Translate=false&referrer=StreamWebApp%2EWeb&referrerScenario=AddressBarCopied%2Eview%2E6a4f7d1c%2D7591%2D4468%2Da396%2D334a5f809bdf";"Napětí článku a entalpie a entropie";"Petr Slavíček";"Fyzikální chemie B+";1;"napětí článku,entropie,entalpie";"přednáška";"B403019";;"https://web.microsoftstream.com/video/ff6e8542-8a2e-4cb2-871c-7a4abd6f3370";
"https://vscht-my.sharepoint.com/personal/suchanj_vscht_cz/_layouts/15/stream.aspx?UniqueId=6607b168%2D9701%2D5343%2D16d2%2Df20707063889&Translate=false&referrer=StreamWebApp%2EWeb&referrerScenario=AddressBarCopied%2Eview%2E3b1963a1%2De518%2D4367%2D9e0c%2D5def03d5763d";"Aplikace elektrochemie: Rovnovážné konstanty";"Petr Slavíček";"Fyzikální chemie B+";2;"elektrochemie,rovnovážná konstanta,koncentrace,aktivitní koeficienty";"přednáška";"B403019";;"https://web.microsoftstream.com/video/77009b20-bb3a-4400-ae93-c41419a3078c";
"https://vscht-my.sharepoint.com/personal/suchanj_vscht_cz/_layouts/15/stream.aspx?UniqueId=ccee7b1e%2D3707%2D5895%2Db8d5%2D49ac2c840cbb&Translate=false&referrer=StreamWebApp%2EWeb&referrerScenario=AddressBarCopied%2Eview%2E6e9b432a%2Dd7a1%2D4b3d%2Db231%2D2f90397fd316";"Stabilita redoxních stavů";"Petr Slavíček";"Fyzikální chemie B+";2;"stabilita redoxních stavů,redoxní potenciál,srážecí rovnováhy,komplexotvorné rovnováhy";"přednáška";"B403019";;"https://web.microsoftstream.com/video/18034726-8f27-4618-a86f-c16bdedd2c2f";
"https://vscht-my.sharepoint.com/personal/suchanj_vscht_cz/_layouts/15/stream.aspx?UniqueId=cbd55b8b%2Dc8f8%2D5f7c%2Dcb9a%2D29642633882f&Translate=false&referrer=StreamWebApp%2EWeb&referrerScenario=AddressBarCopied%2Eview%2Ecf51d208%2Dd4b8%2D481b%2D9334%2D1b5bdf98f175";"Nernstův potenciál";"Petr Slavíček";"Fyzikální chemie B+";2;"Nernstův potenciál";"přednáška";"B403019";;"https://web.microsoftstream.com/video/a1fbe534-0220-4028-a3bf-2b8a86bf94cb";
"https://vscht-my.sharepoint.com/personal/suchanj_vscht_cz/_layouts/15/stream.aspx?UniqueId=55b3d5b6%2D9fa7%2D521e%2D1225%2D0583babd8007&Translate=false&referrer=StreamWebApp%2EWeb&referrerScenario=AddressBarCopied%2Eview%2Ec9110569%2Dc0dd%2D4873%2Dbbe4%2D137c19e41a22";"Donnanova rovnováha";"Petr Slavíček";"Fyzikální chemie B+";2;"Donannova rovnováha";"přednáška";"B403019";;"https://web.microsoftstream.com/video/7d66f16b-4dcf-4b2a-84d5-a89a45a7f834";
"https://vscht-my.sharepoint.com/personal/suchanj_vscht_cz/_layouts/15/stream.aspx?UniqueId=46b40d56%2D17fb%2D5b80%2D7071%2D6474ffa7f9b7&Translate=false&referrer=StreamWebApp%2EWeb&referrerScenario=AddressBarCopied%2Eview%2Ea94a2ec7%2D1f67%2D40c6%2D990a%2D6a23e5e291b3";"Zoologie elektrod";"Petr Slavíček";"Fyzikální chemie B+";2;"elektrody,typy elektrod,kovové elektrody,elektrody prvního druhu, elektrody druhého druhu";"přednáška";"B403019";;"https://web.microsoftstream.com/video/4d244b16-d3a4-4786-a68b-cc6cdfc8ac34";
"https://vscht-my.sharepoint.com/personal/suchanj_vscht_cz/_layouts/15/stream.aspx?UniqueId=ce01d8e0%2D7129%2D548b%2D987b%2Dd478db2e668b&Translate=false&referrer=StreamWebApp%2EWeb&referrerScenario=AddressBarCopied%2Eview%2Eec6d6b77%2Da579%2D4dd5%2Dbfa4%2Dcb6698a1c879";"Zoologie článků";"Petr Slavíček";"Fyzikální chemie B+";2;"články,chemické články,koncentrační články,typy článku";"přednáška";"B403019";;"https://web.microsoftstream.com/video/483e41c7-3f7f-4aed-b7c7-b60ef17e0cdf";
"https://vscht-my.sharepoint.com/personal/suchanj_vscht_cz/_layouts/15/stream.aspx?UniqueId=4f0c9d3b%2Dee65%2D5376%2Dbe53%2Dd54c24334385&Translate=false&referrer=StreamWebApp%2EWeb&referrerScenario=AddressBarCopied%2Eview%2Efc5c3296%2D8a53%2D47c3%2Db98c%2D85bb2f2930fd";"Elektrochemické zdroje proudu";"Petr Slavíček";"Fyzikální chemie B+";3;"elektrochemické zdroje proudu,primární zdroj,sekundární zdroj,palivové články,fotovoltaické články";"přednáška";"B403019";;"https://web.microsoftstream.com/video/5ca72ba9-68cf-474d-b81c-f6d269d8f0d2";
"https://vscht-my.sharepoint.com/personal/suchanj_vscht_cz/_layouts/15/stream.aspx?UniqueId=457f599e%2Dcf86%2D59c4%2D2248%2Dced8d6c94ca8&Translate=false&referrer=StreamWebApp%2EWeb&referrerScenario=AddressBarCopied%2Eview%2Ec76195ce%2Dba9f%2D43df%2Dabe3%2Dd302b1b1f920";"Kinetika elektrodových dějů";"Petr Slavíček";"Fyzikální chemie B+";3;"kinetika elektrodových dejů,polarizace,polarografie";"přednáška";"B403019";;"https://web.microsoftstream.com/video/d7d03056-1494-4057-8a08-841543ea637d";
"https://vscht-my.sharepoint.com/personal/suchanj_vscht_cz/_layouts/15/stream.aspx?UniqueId=482bf5b2%2D6d5e%2D560e%2Dcffb%2D75b15e7351d2&Translate=false&referrer=StreamWebApp%2EWeb&referrerScenario=AddressBarCopied%2Eview%2E2261dcde%2Df08f%2D4d68%2Dbec9%2Ded000edd12b2";"Koroze";"Petr Slavíček";"Fyzikální chemie B+";3;"koroze,oxidace kovů,anodická fáze,katodická fáze";"přednáška";"B403019";;"https://web.microsoftstream.com/video/7e66b702-8190-4461-9061-33204b017013";
"https://vscht-my.sharepoint.com/personal/suchanj_vscht_cz/_layouts/15/stream.aspx?UniqueId=d6ea4a46%2D3374%2D52a5%2Db7ef%2D17d961d41b9b&Translate=false&referrer=StreamWebApp%2EWeb&referrerScenario=AddressBarCopied%2Eview%2E7db5a940%2D791a%2D4b0f%2D8d63%2Dddec2812044e";"Vodivost iontů: měrná a molární vodivost, pohyblivost iontů";"Petr Slavíček";"Fyzikální chemie B+";3;"vodivost iontů,merná vodivost,molární vodivost,pohyblivost iontů,odpor,elektrolyty";"přednáška";"B403019";;"https://web.microsoftstream.com/video/09f858b8-abdc-4f31-8225-1107fa589517";
"https://vscht-my.sharepoint.com/personal/suchanj_vscht_cz/_layouts/15/stream.aspx?UniqueId=3b4500ac%2Dbda5%2D58aa%2Ddb4f%2Dd0f43ba51da2&Translate=false&referrer=StreamWebApp%2EWeb&referrerScenario=AddressBarCopied%2Eview%2E6b0fa939%2D260c%2D4619%2Db5d8%2D01b4c3a6850a";"Vodivost iontů: aplikace";"Petr Slavíček";"Fyzikální chemie B+";3;"vodivost iontů,aplikace vodivosti iontů,rovnovážné konstanty,koncentrace,konduktometrická titrace";"přednáška";"B403019";;"https://web.microsoftstream.com/video/86bd19ee-81dd-4306-8f9b-bb063904d587";
"https://vscht-my.sharepoint.com/personal/suchanj_vscht_cz/_layouts/15/stream.aspx?UniqueId=e3aa9439%2Dfe2e%2D5124%2D5b65%2D9e11bfa46ffa&Translate=false&referrer=StreamWebApp%2EWeb&referrerScenario=AddressBarCopied%2Eview%2E07bdb60e%2De1b3%2D4f7c%2Da6cf%2Db0f15d86dff3";"Vodivost iontů: převodová čísla";"Petr Slavíček";"Fyzikální chemie B+";3;"vodivost iontů,převodová čísla,měrná vodivost";"přednáška";"B403019";;"https://web.microsoftstream.com/video/bd72ee28-e1e8-49e2-b2a2-e8cf14187118";
"https://vscht-my.sharepoint.com/personal/suchanj_vscht_cz/_layouts/15/stream.aspx?UniqueId=e72f4fdf%2D429f%2D5d0c%2D9b67%2D1f2d199bed91&Translate=false&referrer=StreamWebApp%2EWeb&referrerScenario=AddressBarCopied%2Eview%2Ee12e7b82%2De128%2D4789%2Daf9a%2D17f578a44a3b";"Difuze: I. Fickův zákon (a zákony podobné)";"Petr Slavíček";"Fyzikální chemie B+";4;"difuze,I. Fickův zákon,difuzní koeficient,Fourierův zákon,Ohmův zákon,Darcyho zákon,1. Fickův zákon";"přednáška";"B403019";;"https://web.microsoftstream.com/video/7dfed357-8995-40b8-99f4-61bbced5b9a1";
"https://vscht-my.sharepoint.com/personal/suchanj_vscht_cz/_layouts/15/stream.aspx?UniqueId=888b74ee%2Df1e3%2D5de9%2D065b%2Dcbf2cb5a2bec&Translate=false&referrer=StreamWebApp%2EWeb&referrerScenario=AddressBarCopied%2Eview%2E278b29d7%2De207%2D4cf0%2Da7b8%2D68815be10d37";"Difuze: Einsteinův-Stokesův zákon";"Petr Slavíček";"Fyzikální chemie B+";4;"difuze,Einsteinův–Stokesův zákon";"přednáška";"B403019";;"https://web.microsoftstream.com/video/1307fe36-2997-43e5-9ec5-2085b6f329cd";
"https://vscht-my.sharepoint.com/personal/suchanj_vscht_cz/_layouts/15/stream.aspx?UniqueId=2189f528%2D396a%2D5b38%2D4815%2D3d04077f91c1&Translate=false&referrer=StreamWebApp%2EWeb&referrerScenario=AddressBarCopied%2Eview%2E49b11c5a%2Da776%2D43e7%2Dabc3%2D16817d4b781b";"Difuze: II. Fickův zákon";"Petr Slavíček";"Fyzikální chemie B+";4;"difuze,II. Fickův zákon,2. Fickův zákon";"přednáška";"B403019";;"https://web.microsoftstream.com/video/0110efa5-00a9-4d27-ba50-28f5560f95dd";
"https://vscht-my.sharepoint.com/personal/suchanj_vscht_cz/_layouts/15/stream.aspx?UniqueId=2f927a63%2D53e1%2D5ef4%2Dd284%2D095b9ab32f20&Translate=false&referrer=StreamWebApp%2EWeb&referrerScenario=AddressBarCopied%2Eview%2Ef92789bb%2D0fe1%2D45ae%2Dbae2%2Def0b25b1a128";"Difuze: Rychlost růstu nanočástic";"Petr Slavíček";"Fyzikální chemie B+";4;"difuze,rychlost růstu nanočástic";"přednáška";"B403019";;"https://web.microsoftstream.com/video/f17a081f-dc21-4998-a370-fc796f0d60d9";
"https://vscht-my.sharepoint.com/personal/suchanj_vscht_cz/_layouts/15/stream.aspx?UniqueId=3401acf1%2D3fa7%2D5b76%2D59e0%2D27b37f288e07&Translate=false&referrer=StreamWebApp%2EWeb&referrerScenario=AddressBarCopied%2Eview%2E9f5f98fa%2Db99c%2D4151%2Dad38%2D5afda12fddaf";"Difuze: Brownovské motory";"Petr Slavíček";"Fyzikální chemie B+";4;"difuze,Brownovské motory";"přednáška";"B403019";;"https://web.microsoftstream.com/video/391d603e-0a09-450a-99a7-124c5240a170";
"https://vscht-my.sharepoint.com/personal/suchanj_vscht_cz/_layouts/15/stream.aspx?UniqueId=55d011d1%2D9d00%2D5950%2Da976%2Df70297aedc5a&Translate=false&referrer=StreamWebApp%2EWeb&referrerScenario=AddressBarCopied%2Eview%2E20e86d6f%2Db6d0%2D4cdb%2D96cc%2D1ae2dd9d0e20";"Difuze: Statistická teorie difuze";"Petr Slavíček";"Fyzikální chemie B+";4;"difuze,statistická teorie difuze";"přednáška";"B403019";;"https://web.microsoftstream.com/video/3d271b5b-3080-4268-bdb4-234e5b70c699";
"https://vscht-my.sharepoint.com/personal/suchanj_vscht_cz/_layouts/15/stream.aspx?UniqueId=e5878f08%2D5de7%2D58c5%2D0af0%2Dadeeecb66c06&Translate=false&referrer=StreamWebApp%2EWeb&referrerScenario=AddressBarCopied%2Eview%2Ee472dcef%2D04ad%2D437b%2Dbfdf%2Df82570b9cf8e";"Difuze: D z kinetické teorie plynů";"Petr Slavíček";"Fyzikální chemie B+";4;"difuze,kinetická teorie plynů,D";"přednáška";"B403019";;"https://web.microsoftstream.com/video/aacbf11c-7ad9-452f-bce4-bc4c84ba1bff";
"https://vscht-my.sharepoint.com/personal/suchanj_vscht_cz/_layouts/15/stream.aspx?UniqueId=23c03e75%2D4faf%2D57d0%2D6c94%2Dd7995a4d4d07&Translate=false&referrer=StreamWebApp%2EWeb&referrerScenario=AddressBarCopied%2Eview%2E06187183%2Daed4%2D4c02%2Dbb0b%2D38c68fd6cbfd";"Difuze, pohyblivost a molární vodivost iontů";"Petr Slavíček";"Fyzikální chemie B+";4;"difuze,pohyblivost iontů,molární vodivost iontů";"přednáška";"B403019";;"https://web.microsoftstream.com/video/a2f615b2-ba68-4b90-9bda-7f4571f759de";
"https://vscht.sharepoint.com/sites/VSCHTVidea/_layouts/15/stream.aspx?UniqueId=a7be2887%2D13f6%2D5fb1%2D296c%2D8916233844d6&Translate=false&referrer=StreamWebApp%2EWeb&referrerScenario=AddressBarCopied%2Eview%2Ec6ba2dd3%2D270e%2D47ff%2Daef1%2D19c943345998";"Chemická kinetika: Rychlost reakce";"Petr Slavíček";"Fyzikální chemie B+";5;"chemická kinetika,rychlost reakce,chemická reakce";"přednáška";"B403019";;"https://web.microsoftstream.com/video/e3746b86-732c-4702-975e-b5707bf173e2";
"https://vscht.sharepoint.com/sites/VSCHTVidea/_layouts/15/stream.aspx?UniqueId=fb89eaa7%2Dd507%2D5718%2D7178%2D20aa79aa3005&Translate=false&referrer=StreamWebApp%2EWeb&referrerScenario=AddressBarCopied%2Eview%2E06fb40df%2D31ef%2D4cdd%2Dad31%2Db8f968c283b2";"Chemická kinetika: Rychlostní rovnice";"Petr Slavíček";"Fyzikální chemie B+";5;"chemická kinetika,rychlostní rovnice,rychlostní konstanta";"přednáška";"B403019";;"https://web.microsoftstream.com/video/cc0033a1-4514-4d34-bbeb-80963c20861b";
"https://vscht.sharepoint.com/sites/VSCHTVidea/_layouts/15/stream.aspx?UniqueId=703274be%2D591f%2D5b94%2D44b6%2Dbb6d3218c5fc&Translate=false&referrer=StreamWebApp%2EWeb&referrerScenario=AddressBarCopied%2Eview%2Eb3333096%2D9d1d%2D427d%2D8b46%2Dc36cde5e8529";"Chemická kinetika: Rozdělení reakcí";"Petr Slavíček";"Fyzikální chemie B+";5;"chemická kinetika,rozdělení reakcí,elementární reakce,složené reakce";"přednáška";"B403019";;"https://web.microsoftstream.com/video/10ef7c7e-72b6-496a-b8d4-722bfb7b4d0d";
"https://vscht.sharepoint.com/sites/VSCHTVidea/_layouts/15/stream.aspx?UniqueId=865b97aa%2Dd61b%2D5844%2Df83a%2D6a8dffb994b8&Translate=false&referrer=StreamWebApp%2EWeb&referrerScenario=AddressBarCopied%2Eview%2E2cb24e4a%2D933f%2D4ff9%2Da817%2D1c54fcdca209";"Chemická kinetika: Integrace rychlostních rovnic";"Petr Slavíček";"Fyzikální chemie B+";5;"chemická kinetika,integrace rychlostních rovnic,reakce 0. řádu,reakce 1. řádu,reakce 2. řádu";"přednáška";"B403019";;"https://web.microsoftstream.com/video/b71df67c-e4c1-427f-87cf-e72f7c814845";
"https://vscht.sharepoint.com/sites/VSCHTVidea/_layouts/15/stream.aspx?UniqueId=a9387a65%2D9e18%2D548d%2Deafd%2D915e13121137&Translate=false&referrer=StreamWebApp%2EWeb&referrerScenario=AddressBarCopied%2Eview%2E13b8af9c%2Ddd79%2D4eee%2Db6df%2Dd04c95181f16";"Chemická kinetika: Parametry rychlostních rovnic z experimentů";"Petr Slavíček";"Fyzikální chemie B+";5;"chemická kinetika,parametry rychlostních rovnic,experiment,integrální metoda,diferenciální metoda";"přednáška";"B403019";;"https://web.microsoftstream.com/video/bb97799f-a88f-4c62-aeb2-9d646d75465f";
"https://vscht.sharepoint.com/sites/VSCHTVidea/_layouts/15/stream.aspx?UniqueId=4bd12b2e%2Dd519%2D5580%2D5ea6%2D6ace32b06777&Translate=false&referrer=StreamWebApp%2EWeb&referrerScenario=AddressBarCopied%2Eview%2Efaab8805%2D12f7%2D40d6%2Da958%2Dae748159de9a";"Chemická kinetika: Teplotní závislost rychlosti";"Petr Slavíček";"Fyzikální chemie B+";5;"chemická kinetika,teplotní závislost rychlosti reakce,Arrheniova rovnice";"přednáška";"B403019";;"https://web.microsoftstream.com/video/359d9047-a827-44a6-86c3-dcd49ada3f86";
"https://vscht.sharepoint.com/sites/VSCHTVidea/_layouts/15/stream.aspx?UniqueId=83954dd0%2Db740%2D5ba4%2Daed1%2D996cfb83aee8&Translate=false&referrer=StreamWebApp%2EWeb&referrerScenario=AddressBarCopied%2Eview%2E5f34b1af%2D8110%2D459d%2D8834%2De40a4dc3a78e";"Chemická kinetika: Složené reakce";"Petr Slavíček";"Fyzikální chemie B+";6;"chemická kinetika,složené reakce,boční reakce,následné reakce,zvratné reakce,vratné reakce";"přednáška";"B403019";;"https://web.microsoftstream.com/video/45d9f8fa-ceba-4035-8796-a3a94ac2cbdc";
"https://vscht.sharepoint.com/sites/VSCHTVidea/_layouts/15/stream.aspx?UniqueId=6863af5d%2D68da%2D5abb%2D74da%2D3270669c3a37&Translate=false&referrer=StreamWebApp%2EWeb&referrerScenario=AddressBarCopied%2Eview%2Ed8b8face%2De863%2D49a4%2Db325%2Dbdc7385da422";"Chemická kinetika: Mechanismus reakcí a aproximace stacionárního stavu";"Petr Slavíček";"Fyzikální chemie B+";6;"chemická kinetika,mechanismus reakcí,aproximace stacionárního stavu,Rice–Herzfeld";"přednáška";"B403019";;"https://web.microsoftstream.com/video/7be83598-6189-44d1-934b-ca5cf68be94f";
"https://vscht.sharepoint.com/sites/VSCHTVidea/_layouts/15/stream.aspx?UniqueId=04ce0229%2Df473%2D5a71%2Dc540%2D27ec16ba074c&Translate=false&referrer=StreamWebApp%2EWeb&referrerScenario=AddressBarCopied%2Eview%2E9199f3ab%2D731e%2D44eb%2Dbbb3%2D19c21e8913a1";"Chemická kinetika: Kinetika enzymových reakcí";"Petr Slavíček";"Fyzikální chemie B+";7;"chemická kinetika,enzymová reakce,enzym,enzymatická katalýza,Michaelis–Menten";"přednáška";"B403019";;"https://web.microsoftstream.com/video/2503e674-5eb8-4390-8067-c1b1f4856aef";
"https://vscht.sharepoint.com/sites/VSCHTVidea/_layouts/15/stream.aspx?UniqueId=98fe2fc6%2D3b60%2D5779%2D37c6%2Dfe49edc99f8c&Translate=false&referrer=StreamWebApp%2EWeb&referrerScenario=AddressBarCopied%2Eview%2E28a41bae%2D621c%2D4cd1%2D829d%2D0d6228cf9120";"Chemická kinetika: Inhibice enzymů";"Petr Slavíček";"Fyzikální chemie B+";7;"chemická kinetika,inhibice enzymu,kompetitivní inhibice,nekompetitivní inhibice,antikompetitivní inhibice";"přednáška";"B403019";;"https://web.microsoftstream.com/video/342a4b24-2779-4a51-8e8f-1ff157ec4ddd";
"https://vscht.sharepoint.com/sites/VSCHTVidea/_layouts/15/stream.aspx?UniqueId=ce6ab23b%2Ddab5%2D509d%2Dfe51%2Da69774b47691&Translate=false&referrer=StreamWebApp%2EWeb&referrerScenario=AddressBarCopied%2Eview%2Ee35ea14f%2Da665%2D4ac9%2D8e26%2Dcbc252eb9cf9";"Chemická kinetika: Srážková teorie";"Petr Slavíček";"Fyzikální chemie B+";7;"chemická kinetika,srážková teorie";"přednáška";"B403019";;"https://web.microsoftstream.com/video/40d64d62-d987-44a4-901f-313f4ed46d7c";
"https://vscht.sharepoint.com/sites/VSCHTVidea/_layouts/15/stream.aspx?UniqueId=ffbd7dd6%2Da90e%2D5257%2Dc0bf%2Dddaad82eb446&Translate=false&referrer=StreamWebApp%2EWeb&referrerScenario=AddressBarCopied%2Eview%2E3e775a75%2D2320%2D4895%2D8717%2Dce6305db281c";"Intermezzo: Statistická termodynamika";"Petr Slavíček";"Fyzikální chemie B+";7;"statistická termodynamika,partiční funkce";"přednáška";"B403019";;"https://web.microsoftstream.com/video/bc553243-0c5b-45ee-91b3-db1364802571";
"https://vscht.sharepoint.com/sites/VSCHTVidea/_layouts/15/stream.aspx?UniqueId=dd2ab306%2De880%2D5a02%2D0f09%2D03fcde7b8d2d&Translate=false&referrer=StreamWebApp%2EWeb&referrerScenario=AddressBarCopied%2Eview%2Efe41bfd6%2D42e6%2D4674%2Da4c0%2D7b940d36dfbd";"Chemická kinetika: Reakční koordináta";"Petr Slavíček";"Fyzikální chemie B+";8;"chemická kinetika,reakční koordináta,srážková teorie,hyperplocha";"přednáška";"B403019";;"https://web.microsoftstream.com/video/02d739e9-9514-4a9d-9b37-b83e0320360f";
"https://vscht.sharepoint.com/sites/VSCHTVidea/_layouts/15/stream.aspx?UniqueId=6ca1a779%2D2a4a%2D54cb%2Dea1c%2D790c5350dd43&Translate=false&referrer=StreamWebApp%2EWeb&referrerScenario=AddressBarCopied%2Eview%2Ec1322d1c%2D27ee%2D4dcf%2Da067%2Da63d6f74c4e0";"Chemická kinetika: Teorie tranzitního stavu";"Petr Slavíček";"Fyzikální chemie B+";8;"chemická kientika,teorie tranzitního stavu,tranzitní stav,srážková teorie";"přednáška";"B403019";;"https://web.microsoftstream.com/video/c56ba397-a6c4-4b2a-8a0d-0010f77aec20";
"https://vscht.sharepoint.com/sites/VSCHTVidea/_layouts/15/stream.aspx?UniqueId=43dec79e%2Ddaad%2D5033%2D4c8a%2D0cc6eec8a70d&Translate=false&referrer=StreamWebApp%2EWeb&referrerScenario=AddressBarCopied%2Eview%2Eceeec9b9%2D3075%2D4a27%2Da8b8%2D57442d7cb49f";"Chemická kinetika: Reakce v roztocích";"Petr Slavíček";"Fyzikální chemie B+";8;"chemická kinetika,roztoky,reakce v roztocích,difuzně řízené reakce,chemicky řízené reakce";"přednáška";"B403019";;"https://web.microsoftstream.com/video/4240c8db-b1e6-49b9-893e-0b7064b9abcf";
"https://vscht.sharepoint.com/sites/VSCHTVidea/_layouts/15/stream.aspx?UniqueId=d4aa53e9%2D6fcc%2D5e38%2D2415%2D6bac5f71c12d&Translate=false&referrer=StreamWebApp%2EWeb&referrerScenario=AddressBarCopied%2Eview%2Ed58d49e9%2D191d%2D4342%2Db914%2Da7845500be96";"Chemická kinetika – Dodatek: Difuzně řízené reakce";"Petr Slavíček";"Fyzikální chemie B+";8;"chemická kinetika,difuzně řízené reakce,Smoluchowski,difuzní rovnice";"přednáška";"B403019";;"https://web.microsoftstream.com/video/96ff84e9-d063-4ead-a878-2ec411417ec1";
"https://vscht.sharepoint.com/sites/VSCHTVidea/_layouts/15/stream.aspx?UniqueId=146180f7%2D696a%2D5115%2D664e%2D3d4affeae18a&Translate=false&referrer=StreamWebApp%2EWeb&referrerScenario=AddressBarCopied%2Eview%2E79c5dba1%2D6640%2D4667%2Db165%2D20c8a1611fc6";"Fázové rovnováhy: Fázové diagramy a Gibbsův zákon fází";"Petr Slavíček";"Fyzikální chemie B+";9;"fázové rovnováhy,fázový diagram,Gibbsův zákon fází,fáze,skupenství,Gibbsův fázový zákon";"přednáška";"B403019";;"https://web.microsoftstream.com/video/ab55179b-3d0b-4618-b064-396fdd7b8d85";
"https://vscht.sharepoint.com/sites/VSCHTVidea/_layouts/15/stream.aspx?UniqueId=a33225a7%2Da118%2D58ec%2D954b%2Df859a1a514f5&Translate=false&referrer=StreamWebApp%2EWeb&referrerScenario=AddressBarCopied%2Eview%2Eea19c5a6%2Df346%2D42dc%2D8095%2Dde0253c09743";"Fázové rovnováhy: Clapeyronova a Clausiova–Clapeyronova rovnice";"Petr Slavíček";"Fyzikální chemie B+";9;"fázové rovnováhy,Clapeyronova rovnice,Clausiova–Clapeyronova rovnice,rovnováha kapalina-pára,VLE,sublimace,tání";"přednáška";"B403019";;"https://web.microsoftstream.com/video/5f8b66ea-43a6-49f6-87af-1109a2fe8826";
"https://vscht.sharepoint.com/sites/VSCHTVidea/_layouts/15/stream.aspx?UniqueId=2a490cf3%2Df0fa%2D5ecf%2D28e7%2Dca2b30dadd37&Translate=false&referrer=StreamWebApp%2EWeb&referrerScenario=AddressBarCopied%2Eview%2Ef620fa4e%2Dd7ba%2D478b%2D9729%2D104e48374c9c";"Klasifikace fázových přechodů a Troutonovo pravidlo";"Petr Slavíček";"Fyzikální chemie B+";9;"fázové rovnováhy,klasifikace fázových přechodů,fázový přechod,Troutonovo pravidlo";"přednáška";"B403019";;"https://web.microsoftstream.com/video/fb42dcff-366f-46f1-b246-39be2214794f";
"https://vscht.sharepoint.com/sites/VSCHTVidea/_layouts/15/stream.aspx?UniqueId=ca14991b%2D7b76%2D5a8f%2Deaf3%2D3ab829df036f&Translate=false&referrer=StreamWebApp%2EWeb&referrerScenario=AddressBarCopied%2Eview%2Ea7cf1940%2De2fb%2D4eaa%2Dadc0%2D7938ab348010";"Fázové rovnováhy: Kapalina–pára a Raolultův zákon";"Petr Slavíček";"Fyzikální chemie B+";10;"fázové rovnováhy,rovnováha kapalina-pára,VLE,Raoultův zákon";"přednáška";"B403019";;"https://web.microsoftstream.com/video/17964863-4713-4f6f-a16a-8663dbd57b5a";
"https://vscht.sharepoint.com/sites/VSCHTVidea/_layouts/15/stream.aspx?UniqueId=f92d63ba%2D834a%2D50df%2D06f1%2D309ae209cb6c&Translate=false&referrer=StreamWebApp%2EWeb&referrerScenario=AddressBarCopied%2Eview%2E3583f467%2D27e7%2D4d2f%2Db65c%2Da9e2d7431687";"Fázové rovnováhy: Kapalina–pára, konstrukce fázových diagramů";"Petr Slavíček";"Fyzikální chemie B+";10;"fázové rovnováhy,rovnováha kapalina-pára,VLE,fázový diagram,Raoultův zákon";"přednáška";"B403019";;"https://web.microsoftstream.com/video/5905f46d-e627-4e73-b471-9cadeaa99623";
"https://vscht.sharepoint.com/sites/VSCHTVidea/_layouts/15/stream.aspx?UniqueId=a4bf7d43%2D1aa2%2D5986%2Dcf4e%2D3a0b1165ab61&Translate=false&referrer=StreamWebApp%2EWeb&referrerScenario=AddressBarCopied%2Eview%2E90c30f12%2Dbd15%2D4da1%2D91ad%2D617317f979ee";"Fázové rovnováhy: Pákové pravidlo";"Petr Slavíček";"Fyzikální chemie B+";10;"fázové rovnováhy,pákové pravidlo";"přednáška";"B403019";;"https://web.microsoftstream.com/video/f150f9f2-4cc1-472d-b974-98e4517ac439";
"https://vscht-my.sharepoint.com/personal/suchanj_vscht_cz/_layouts/15/stream.aspx?UniqueId=684b86d8%2Dc621%2D59ad%2D79e1%2Dea0d7210acbc&Translate=false&referrer=StreamWebApp%2EWeb&referrerScenario=AddressBarCopied%2Eview%2E39cc1c9d%2D1fe1%2D43f4%2D9dff%2Decfbf1653f61";"Fázové rovnováhy: Henryho zákon";"Petr Slavíček";"Fyzikální chemie B+";10;"fázové rovnováhy,Henryho zákon,rozpustnost plynu";"přednáška";"B403019";;"https://web.microsoftstream.com/video/ce5a1e5c-58ab-4494-b658-75cf59d869ae";
"https://vscht-my.sharepoint.com/personal/suchanj_vscht_cz/_layouts/15/stream.aspx?UniqueId=2583914e%2D4948%2D5b7d%2Df589%2Db1f6d788b600&Translate=false&referrer=StreamWebApp%2EWeb&referrerScenario=AddressBarCopied%2Eview%2Edad2b9d2%2D841f%2D45a8%2Dbca1%2D8e2a6a846839";"Fázové rovnováhy: Kapalina-kapalina";"Petr Slavíček";"Fyzikální chemie B+";10;"fázové rovnováhy,rovnováha kapalina-kapalina,LLE,binodální křivka,tlak par,heterogenní systém";"přednáška";"B403019";;"https://web.microsoftstream.com/video/09d9232a-680d-4c11-838d-765f737c18c0";
"https://vscht.sharepoint.com/sites/VSCHTVidea/_layouts/15/stream.aspx?UniqueId=d2918905%2D8809%2D55ad%2Df42f%2D20abf0cc7541&Translate=false&referrer=StreamWebApp%2EWeb&referrerScenario=AddressBarCopied%2Eview%2E9d640446%2D592c%2D4600%2Daa26%2Db438117ba52c";"Fázové rovnováhy: Kapalina-pevná látka";"Petr Slavíček";"Fyzikální chemie B+";11;"fázové rovnováhy,rovnováha kapalina-tuhá látka,SLE,tuhnutí roztoku,rozpouštění krystalu,eutektikum";"přednáška";"B403019";;"https://web.microsoftstream.com/video/38320120-d612-4700-85e2-470f23437912";
"https://vscht.sharepoint.com/sites/VSCHTVidea/_layouts/15/stream.aspx?UniqueId=e85abba6%2D9344%2D5952%2D4f1e%2D1ab1b7689199&Translate=false&referrer=StreamWebApp%2EWeb&referrerScenario=AddressBarCopied%2Eview%2E1a044ffe%2D9ca0%2D40b1%2Db9d4%2Da43eddf6a158";"Fázové rovnováhy – Koligativní vlastnosti";"Petr Slavíček";"Fyzikální chemie B+";11;"fázové rovnováhy,koligativní vlastnosti,vlastnosti roztoku,ebulioskopie,kryoskopie,osmotický tlak,reverzní osmóza";"přednáška";"B403019";;"https://web.microsoftstream.com/video/0b7cdd0a-46ed-4e84-af85-80d1b7bb8440";
"https://vscht.sharepoint.com/sites/VSCHTVidea/_layouts/15/stream.aspx?UniqueId=f2209fa4%2Dddf9%2D5536%2D2623%2D7ee8de029d06&Translate=false&referrer=StreamWebApp%2EWeb&referrerScenario=AddressBarCopied%2Eview%2Ef7774144%2D03e4%2D4991%2D9497%2D76dc7e71b08f";"Fázové rovnováhy – Ternární systémy";"Petr Slavíček";"Fyzikální chemie B+";11;"fázové rovnováhy,ternární systémy,Gibbsův fázový zákon";"přednáška";"B403019";;"https://web.microsoftstream.com/video/20ded6dd-b4e2-40c9-bae3-555492769f3a";
"https://vscht.sharepoint.com/sites/VSCHTVidea/_layouts/15/stream.aspx?UniqueId=5e97d813%2Db5b2%2D5e4d%2D0460%2D68d8ae91fee6&Translate=false&referrer=StreamWebApp%2EWeb&referrerScenario=AddressBarCopied%2Eview%2E73ee89fc%2D2a89%2D4c6a%2Db657%2D25a7e81810d5";"Fyzikální chemie mezifází: Povrchové napětí, Youngova–Laplaceova rovnice a kapilarita";"Petr Slavíček";"Fyzikální chemie B+";12;"mezifáze,povchové napětí,Youngova–Laplaceova rovnice,kapilarita";"přednáška";"B403019";;"https://web.microsoftstream.com/video/7dba73ad-2aad-4715-bba1-5cae19d34b94";
"https://vscht.sharepoint.com/sites/VSCHTVidea/_layouts/15/stream.aspx?UniqueId=84c80f0a%2D6b05%2D549f%2D1404%2Db75e508dc3ff&Translate=false&referrer=StreamWebApp%2EWeb&referrerScenario=AddressBarCopied%2Eview%2Ecdc7ced6%2D3c56%2D4c0b%2D9c9f%2Dd3f70ee5e3b4";"Fyzikální chemie mezifází: Kelvinova rovnice";"Petr Slavíček";"Fyzikální chemie B+";12;"mezifáze,Kelvinova rovnice,kapilární kondenzace";"přednáška";"B403019";;"https://web.microsoftstream.com/video/e105f817-9b2e-4781-bfb4-ee5f5ec29eb4";
"https://vscht-my.sharepoint.com/personal/suchanj_vscht_cz/_layouts/15/stream.aspx?UniqueId=a321a5cc%2D754a%2D5ec0%2D6223%2D677c473b53b5&Translate=false&referrer=StreamWebApp%2EWeb&referrerScenario=AddressBarCopied%2Eview%2Eec346fbf%2Dc874%2D4950%2Dab37%2D0d9b09b00b93";"Fyzikální chemie mezifází: Klasická teorie nukleace";"Petr Slavíček";"Fyzikální chemie B+";12;"mezifáze,klasická teorie nukleace,nukleace,Kelvinova rovnice";"přednáška";"B403019";;"https://web.microsoftstream.com/video/9b25a48d-003d-4d17-81de-e65fbc73237c";
"https://vscht.sharepoint.com/sites/VSCHTVidea/_layouts/15/stream.aspx?UniqueId=b8a5fba1%2D53f7%2D533e%2D7fca%2D24fea10868d9&Translate=false&referrer=StreamWebApp%2EWeb&referrerScenario=AddressBarCopied%2Eview%2Ea730edef%2D9f26%2D452d%2D852a%2D6ee287eba904";"Fyzikální chemie mezifází: Teplotní závislost povrchového napětí";"Petr Slavíček";"Fyzikální chemie B+";12;"mezifáze,teplotní závislost povrchového napětí,povchové napětí";"přednáška";"B403019";;"https://web.microsoftstream.com/video/b0dd2a56-47f5-4459-9d4b-d268c289e692";
"https://vscht.sharepoint.com/sites/VSCHTVidea/_layouts/15/stream.aspx?UniqueId=1b53f333%2Dbbb9%2D5482%2D3fda%2D99ab3076d2a8&Translate=false&referrer=StreamWebApp%2EWeb&referrerScenario=AddressBarCopied%2Eview%2Ed26b7183%2D2d0e%2D492c%2D8842%2D7497cc831b39";"Fyzikální chemie mezifází: Gibbsova adsorpční izoterma";"Petr Slavíček";"Fyzikální chemie B+";12;"mezifáze,Gibbsova adsorpční izoterma,adsorpce,adsorbent,adsorbát";"přednáška";"B403019";;"https://web.microsoftstream.com/video/b8351263-ec09-42ba-8a7e-016f7528aa59";
"https://vscht.sharepoint.com/sites/VSCHTVidea/_layouts/15/stream.aspx?UniqueId=46fab142%2Dd6cd%2D5331%2D8997%2D7ced5730aaa5&Translate=false&referrer=StreamWebApp%2EWeb&referrerScenario=AddressBarCopied%2Eview%2Eec13be85%2Dec6d%2D4911%2Dac99%2D48195a27a1cc";"Fyzikální chemie mezifází: Povrchové filmy, elektrická dvojvrstva, elektrokapilarita";"Petr Slavíček";"Fyzikální chemie B+";12;"mezifáze,povchové filmy,elektrická dvojvrstva,elektrokapilarita,micela,membrána,kritická micelární koncentrace,solubilizace";"přednáška";"B403019";;"https://web.microsoftstream.com/video/70c7cb5f-1a2a-47fa-a158-0f9b76c671bb";
"https://vscht.sharepoint.com/sites/VSCHTVidea/_layouts/15/stream.aspx?UniqueId=d6729d4f%2D2d1d%2D5979%2Dc69c%2Dff4c7278c360&Translate=false&referrer=StreamWebApp%2EWeb&referrerScenario=AddressBarCopied%2Eview%2E6db012fa%2D710b%2D46d0%2D9b6e%2Dab7c72a077af";"Fyzikální chemie mezifází: Chemisorpce a fyzikální sorpce";"Petr Slavíček";"Fyzikální chemie B+";13;"mezifáze,chemisorpce,fyzikální sorpce,pevná látka,adsorpce";"přednáška";"B403019";;"https://web.microsoftstream.com/video/75a0ea96-e505-4805-a3c4-1f099f0a04a3";
"https://vscht.sharepoint.com/sites/VSCHTVidea/_layouts/15/stream.aspx?UniqueId=27100fe7%2D3a84%2D5bc5%2D0003%2Def1d747df832&Translate=false&referrer=StreamWebApp%2EWeb&referrerScenario=AddressBarCopied%2Eview%2Eaa87684d%2D7333%2D49d9%2D883e%2D6be9834905ff";"Fyzikální chemie mezifází: Langmuirova izoterma";"Petr Slavíček";"Fyzikální chemie B+";13;"mezifáze,Langmuirova izoterma,adsorpční izoterma,koadsorpce,adsorpce,BET";"přednáška";"B403019";;"https://web.microsoftstream.com/video/4a9090fb-3dc5-47eb-a251-acc4c1fa6d67";
"https://vscht.sharepoint.com/sites/VSCHTVidea/_layouts/15/stream.aspx?UniqueId=e79669b1%2D8161%2D56cc%2D4df5%2D3f97530e8a1a&Translate=false&referrer=StreamWebApp%2EWeb&referrerScenario=AddressBarCopied%2Eview%2E29da9bea%2Deab4%2D4a26%2D8b7f%2Db85b24d02435";"Fyzikální chemie mezifází: Heterogenní katalýza";"Petr Slavíček";"Fyzikální chemie B+";13;"mezifáze,heterogenní katalýza,Langmuir–Hinshelwood";"přednáška";"B403019";;"https://web.microsoftstream.com/video/7ec32ddd-eccb-4f5e-8c20-28b3031e6714";
"https://vscht.sharepoint.com/sites/VSCHTVidea/_layouts/15/stream.aspx?UniqueId=402aa9af%2D360a%2D5163%2Dec63%2D72dfab36d910&Translate=false&referrer=StreamWebApp%2EWeb&referrerScenario=AddressBarCopied%2Eview%2E86eda37b%2Daca4%2D4d6b%2Da414%2Df00f3275f687";"Fyzikální chemie mezifází: Analýza povrchů";"Petr Slavíček";"Fyzikální chemie B+";13;"mezifáze,analýza povrchů,PES,SIMS,SERS,LEED,STM,AFM";"přednáška";"B403019";;"https://web.microsoftstream.com/video/76b08057-1a18-4812-8478-50e1e3c5fcaf";
"https://vscht.sharepoint.com/sites/403-O365-videastavufyziklnchemie/_layouts/15/stream.aspx?UniqueId=b88105e8-a5a0-5d73-82f7-9a955671ec81&Translate=false&referrer=ClassicStream&referrerScenario=ClassicPortalMigration.View";"Chemická rovnováha v nevodném roztoku";"Ctirad Červinka";"Fyzikální chemie B+";1;"chemická rovnováha,rovnovážná konstanta,aktivita";"cvičení";"B403019";;"https://web.microsoftstream.com/video/a35a0b39-ee40-4eaa-a493-b0962fcdb388?channelId=1c1df45c-a199-4830-b1ed-c318102f22f7";1
"https://vscht.sharepoint.com/sites/403-O365-videastavufyziklnchemie/_layouts/15/stream.aspx?UniqueId=7c4e1941%2D6f01%2D5cb2%2Dfc13%2D08581c61da45&Translate=false&referrer=StreamWebApp%2EWeb&referrerScenario=AddressBarCopied%2Eview%2Eb7f13d42%2D1d43%2D481a%2Db587%2D6faa82d4fd2c";"Silné kyseliny a zásady";"Ctirad Červinka";"Fyzikální chemie B+";1;"acidobazická rovnováha,silné elektrolyty,pH roztoku";"cvičení";"B403019";;"https://web.microsoftstream.com/video/3bba532b-7a7e-424b-b254-b6b515149f51?channelId=1c1df45c-a199-4830-b1ed-c318102f22f7";1
"https://vscht.sharepoint.com/sites/403-O365-videastavufyziklnchemie/_layouts/15/stream.aspx?UniqueId=2b2170d3%2D3c03%2D5d30%2D344c%2D0b5b3a5517b0&Translate=false&referrer=StreamWebApp%2EWeb&referrerScenario=AddressBarCopied%2Eview%2Ef778688a%2D5d44%2D4a7b%2Db3ac%2D23c59060a9cc";"Roztok slabé kyseliny";"Ctirad Červinka";"Fyzikální chemie B+";1;"acidobazická rovnováha,slabá kyselina,pH roztoku,ideální roztok,disociační konstanta kyseliny,konstanta acidity";"cvičení";"B403019";;"https://web.microsoftstream.com/video/e968e91c-041e-4e49-b121-e6bdfadd4b8f?channelId=1c1df45c-a199-4830-b1ed-c318102f22f7";1
"https://vscht.sharepoint.com/sites/403-O365-videastavufyziklnchemie/_layouts/15/stream.aspx?UniqueId=b109e23a%2D6003%2D543d%2D4c71%2Daa0c4a32ae3f&Translate=false&referrer=StreamWebApp%2EWeb&referrerScenario=AddressBarCopied%2Eview%2Ed60e21e3%2D7e78%2D4871%2D9ae2%2Dc371effd1fed";"Roztok slabé zásady";"Ctirad Červinka";"Fyzikální chemie B+";1;"acidobazická rovnováha,slabá kyselina,pH roztoku,iontový součin vody,konstanta bazicity";"cvičení";"B403019";;"https://web.microsoftstream.com/video/1eee8191-3347-4cec-98cb-ef7b558d7111?channelId=1c1df45c-a199-4830-b1ed-c318102f22f7";1
"https://vscht.sharepoint.com/sites/403-O365-videastavufyziklnchemie/_layouts/15/stream.aspx?UniqueId=0fc35d44%2D9b79%2D54d4%2Dc4c4%2D6dbb78edd8d1&Translate=false&referrer=StreamWebApp%2EWeb&referrerScenario=AddressBarCopied%2Eview%2E7d41251f%2Dc075%2D441c%2D850a%2D8d0298dec893";"Směs kyselin";"Ctirad Červinka";"Fyzikální chemie B+";1;"acidobazická rovnováha,slabá kyselina,pH roztoku,ideální roztok";"cvičení";"B403019";;"https://web.microsoftstream.com/video/2be356f9-f17e-4b24-92de-0a2e28806788?channelId=1c1df45c-a199-4830-b1ed-c318102f22f7";1
"https://vscht.sharepoint.com/sites/403-O365-videastavufyziklnchemie/_layouts/15/stream.aspx?UniqueId=4bdf626a%2D02ea%2D5a93%2D3d8e%2D8657e964a528&Translate=false&referrer=StreamWebApp%2EWeb&referrerScenario=AddressBarCopied%2Eview%2E6751085f%2D2eeb%2D47eb%2D81d0%2Dc8c6cf4760c6";"Debyeův-Hückelův zákon";"Ctirad Červinka";"Fyzikální chemie B+";1;"acidobazická rovnováha,silná kyselina,pH roztoku,aktivita,aktivitní koeficient,iontová síla,Debyeův–Hückelův zákon";"cvičení";"B403019";;"https://web.microsoftstream.com/video/4f426df6-d31e-4b5c-833a-e2b2710eec4c?channelId=1c1df45c-a199-4830-b1ed-c318102f22f7";1
"https://vscht.sharepoint.com/sites/403-O365-videastavufyziklnchemie/_layouts/15/stream.aspx?UniqueId=e5e42fe3%2D08b1%2D51fe%2D9ace%2Dfd3b2e23adc9&Translate=false&referrer=StreamWebApp%2EWeb&referrerScenario=AddressBarCopied%2Eview%2Ef04bd31c%2Dd508%2D48ac%2D8400%2Da2deb6c0793b";"Hydrolýza soli slabé kyseliny";"Ctirad Červinka";"Fyzikální chemie B+";1;"acidobazická rovnováha,slabá kyselina,pH roztoku,iontový součin vody,hydrolýza,stupeň disocoace";"cvičení";"B403019";;"https://web.microsoftstream.com/video/942e5143-8f7e-4e0d-b0b1-d570d4f07e47?channelId=1c1df45c-a199-4830-b1ed-c318102f22f7";1
"https://vscht.sharepoint.com/sites/403-O365-videastavufyziklnchemie/_layouts/15/stream.aspx?UniqueId=d1987c42%2Df58b%2D5d05%2D7c30%2Def4272d272cd&Translate=false&referrer=StreamWebApp%2EWeb&referrerScenario=AddressBarCopied%2Eview%2E4e7095cd%2D7bbf%2D45d0%2Da0d3%2D52dbb1613c2e";"Karbonátový pufr";"Ctirad Červinka";"Fyzikální chemie B+";1;"acidobazická rovnováha,slabá kyselina,pH roztoku,iontový součin vody,pufr";"cvičení";"B403019";;"https://web.microsoftstream.com/video/7209b633-8f64-43ea-93ed-b9020342c3a1?channelId=1c1df45c-a199-4830-b1ed-c318102f22f7";1
"https://vscht.sharepoint.com/sites/403-O365-videastavufyziklnchemie/_layouts/15/stream.aspx?UniqueId=c0314ec1%2D84cf%2D539e%2De3fb%2D4b91057dc5c2&Translate=false&referrer=StreamWebApp%2EWeb&referrerScenario=AddressBarCopied%2Eview%2E6caeb833%2Dab26%2D4168%2D9e04%2De36d5c6d0dae";"Disociace do druhého stupně";"Ctirad Červinka";"Fyzikální chemie B+";1;"acidobazická rovnováha,silná kyselina,slabá kyselina,pH roztoku,ideální roztok,Debyeův–Hückelův zákon,aktivitní koeficient,iontová síla,disociační konstanta";"cvičení";"B403019";;"https://web.microsoftstream.com/video/aaada2f3-599f-4ce2-8928-0233da370092?channelId=1c1df45c-a199-4830-b1ed-c318102f22f7";1
"https://vscht.sharepoint.com/sites/403-O365-videastavufyziklnchemie/_layouts/15/stream.aspx?UniqueId=61c68c58%2D6092%2D5c16%2D1d3a%2Ddb55b5a07007&Translate=false&referrer=StreamWebApp%2EWeb&referrerScenario=AddressBarCopied%2Eview%2E41a53942%2D0505%2D475e%2D9de5%2D41a12c07b222";"Součin rozpustnosti";"Ctirad Červinka";"Fyzikální chemie B+";1;"srážecí rovnováha,součin rozpustnosti,ideální roztok,rozpustnost";"cvičení";"B403019";;"https://web.microsoftstream.com/video/f0eb0e8d-d767-4e26-bd9a-a2a63693640b?channelId=1c1df45c-a199-4830-b1ed-c318102f22f7";1
"https://vscht.sharepoint.com/sites/403-O365-videastavufyziklnchemie/_layouts/15/stream.aspx?UniqueId=5e6cd647%2D214f%2D5320%2D77b3%2Deb8a59d49466&Translate=false&referrer=StreamWebApp%2EWeb&referrerScenario=AddressBarCopied%2Eview%2Ea17a049d%2Ddf08%2D49bd%2D8d82%2D34b3b984914e";"Ovlivnění rozpustnosti sraženiny";"Ctirad Červinka";"Fyzikální chemie B+";1;"srážecí rovnováha,součin rozpustnosti,ideální roztok,Debyeův–Hückelův zákon,rozpustnost,aktivitní koeficient,iontová síla";"cvičení";"B403019";;"https://web.microsoftstream.com/video/8b5e17aa-2a1e-4309-bf7d-4af7d137c85f?channelId=1c1df45c-a199-4830-b1ed-c318102f22f7";1
"https://vscht.sharepoint.com/sites/403-O365-videastavufyziklnchemie/_layouts/15/stream.aspx?UniqueId=4236cf6f%2D09d2%2D5379%2D544d%2D08162771a84d&Translate=false&referrer=StreamWebApp%2EWeb&referrerScenario=AddressBarCopied%2Eview%2Ee88f4fa2%2D13de%2D41a4%2Db190%2Df0b33bafd28a";"Kombinace acidobazické a srážecí rovnováhy";"Ctirad Červinka";"Fyzikální chemie B+";1;"acidobazická rovnováha,disociační konstanta,srážecí rovnováha,součin rozpustnosti,rozpustnost,vliv pH na rozpustnost";"cvičení";"B403019";;"https://web.microsoftstream.com/video/f868486b-a90f-4904-ba7b-ae04638ee778?channelId=1c1df45c-a199-4830-b1ed-c318102f22f7";1
"https://vscht.sharepoint.com/sites/403-O365-videastavufyziklnchemie/_layouts/15/stream.aspx?UniqueId=d8b5ee9a%2D1808%2D53b8%2Dc7f2%2Dfbe7d4632c5a&Translate=false&referrer=StreamWebApp%2EWeb&referrerScenario=AddressBarCopied%2Eview%2E69753fcd%2D15e1%2D4278%2D9165%2Db6924f2f9d97";"Elektrolytické vylučování kovů";"Ctirad Červinka";"Fyzikální chemie B+";2;"elektrolýza,Faradayův zákon,redukce kovových iontů";"cvičení";"B403019";;"https://web.microsoftstream.com/video/97b11ddc-622a-44b1-adc1-f4830988002c?channelId=1c1df45c-a199-4830-b1ed-c318102f22f7";1
"https://vscht.sharepoint.com/sites/403-O365-videastavufyziklnchemie/_layouts/15/stream.aspx?UniqueId=2f2d2853%2Dde04%2D5d6e%2D1a5d%2Dcf96e5ed49c3&Translate=false&referrer=StreamWebApp%2EWeb&referrerScenario=AddressBarCopied%2Eview%2Ea6f52e2f%2D76f4%2D41f2%2Dadef%2Dc65491afc531";"Elektrolýza vody";"Ctirad Červinka";"Fyzikální chemie B+";2;"elektrolýza,Faradayův zákon,redukce vodíkových iontů";"cvičení";"B403019";;"https://web.microsoftstream.com/video/6e857f27-0ea8-4998-a984-c6d2bd13d755?channelId=1c1df45c-a199-4830-b1ed-c318102f22f7";1
"https://vscht.sharepoint.com/sites/403-O365-videastavufyziklnchemie/_layouts/15/stream.aspx?UniqueId=ccd66128%2D727f%2D5f6b%2D526c%2D20ebab6cd100&Translate=false&referrer=StreamWebApp%2EWeb&referrerScenario=AddressBarCopied%2Eview%2E95d0847e%2D6b8b%2D4f55%2Dab31%2D5fef5d067bac";"Dvoustupňová elektrolýza";"Ctirad Červinka";"Fyzikální chemie B+";2;"elektrolýza,Faradayův zákon,redukce kovových iontů";"cvičení";"B403019";;"https://web.microsoftstream.com/video/f36f0e51-ee80-4415-aa86-ffe826147e0d?channelId=1c1df45c-a199-4830-b1ed-c318102f22f7";1
"https://vscht.sharepoint.com/sites/403-O365-videastavufyziklnchemie/_layouts/15/stream.aspx?UniqueId=a05e6e70%2D0dc6%2D54b9%2D4812%2D8c0482575aa7&Translate=false&referrer=StreamWebApp%2EWeb&referrerScenario=AddressBarCopied%2Eview%2E2ca97ba8%2Dcafc%2D4e3a%2D8a12%2Dd0041e695fa8";"Elektrody prvého druhu";"Ctirad Červinka";"Fyzikální chemie B+";2;"rovnovážné napětí článku,elektroda prvního druhu,střední aktivita roztoku";"cvičení";"B403019";;"https://web.microsoftstream.com/video/688f6911-a482-4332-92cc-58ccbeb98193?channelId=1c1df45c-a199-4830-b1ed-c318102f22f7";1
"https://vscht.sharepoint.com/sites/403-O365-videastavufyziklnchemie/_layouts/15/stream.aspx?UniqueId=7043acea%2D60e0%2D5c7a%2De5d3%2D57a408f7811c&Translate=false&referrer=StreamWebApp%2EWeb&referrerScenario=AddressBarCopied%2Eview%2E87f53ac7%2Dcf9b%2D48d2%2D96b9%2De793e327c399";"Elektrody druhého druhu";"Ctirad Červinka";"Fyzikální chemie B+";2;"rovnovážné napětí článku,elektroda druhého druhu,ideální roztok";"cvičení";"B403019";;"https://web.microsoftstream.com/video/56f3debf-89f5-4c00-912c-116ad696f665?channelId=1c1df45c-a199-4830-b1ed-c318102f22f7";1
"https://vscht.sharepoint.com/sites/403-O365-videastavufyziklnchemie/_layouts/15/stream.aspx?UniqueId=8ad7ab86%2D6c35%2D5654%2D8f12%2D49b24077de10&Translate=false&referrer=StreamWebApp%2EWeb&referrerScenario=AddressBarCopied%2Eview%2E87c83a2f%2Dc287%2D4f78%2D8adc%2D0d7b827ff79f";"Elektrochemické určení koncentrace";"Ctirad Červinka";"Fyzikální chemie B+";2;"rovnovážné napětí článku,elektroda prvního druhu,vodíková elektroda,ideální roztok,ideální plyn";"cvičení";"B403019";;"https://web.microsoftstream.com/video/7f09c74e-1d4a-4937-8e16-7984fb0c2c2a?channelId=1c1df45c-a199-4830-b1ed-c318102f22f7";1
"https://vscht.sharepoint.com/sites/403-O365-videastavufyziklnchemie/_layouts/15/stream.aspx?UniqueId=2aa4ec52-23b6-5a46-f7f6-f9f64390e385&Translate=false&referrer=ClassicStream&referrerScenario=ClassicPortalMigration.View";"Elektrochemické určení pH";"Ctirad Červinka";"Fyzikální chemie B+";2;"rovnovážné napětí článku,kalomelová elektroda,oxidačně-redukční elektroda,pH roztoku";"cvičení";"B403019";;"https://web.microsoftstream.com/video/a98eb38b-a7ef-4fa2-89ce-e6ba0ad9dfa8?channelId=1c1df45c-a199-4830-b1ed-c318102f22f7";1
"https://vscht.sharepoint.com/sites/403-O365-videastavufyziklnchemie/_layouts/15/stream.aspx?UniqueId=b23e8b79%2D3b97%2D5788%2D2d6a%2D99336fa05f4a&Translate=false&referrer=StreamWebApp%2EWeb&referrerScenario=AddressBarCopied%2Eview%2Ef7c99201%2Ddbe7%2D4739%2Dbd17%2D9af11791af21";"Termodynamika a elektrochemie";"Ctirad Červinka";"Fyzikální chemie B+";2;"závislost napětí na teplotě,termodynamika redoxní reakce";"cvičení";"B403019";;"https://web.microsoftstream.com/video/66d6c71e-db8f-42db-a168-bac761532b05?channelId=1c1df45c-a199-4830-b1ed-c318102f22f7";1
"https://vscht.sharepoint.com/sites/403-O365-videastavufyziklnchemie/_layouts/15/stream.aspx?UniqueId=0865f966%2D7c19%2D56af%2Ddd2a%2D095db94a5873&Translate=false&referrer=StreamWebApp%2EWeb&referrerScenario=AddressBarCopied%2Eview%2Ed295603e%2D2825%2D4cb1%2D8986%2Df005474632e6";"Elektrolýza směsi elektrolytů";"Ctirad Červinka";"Fyzikální chemie B+";2;"elektrolýza,Faradayův zákon,redukce kovových iontů";"cvičení";"B403019";;"https://web.microsoftstream.com/video/0da23f2d-8177-4c0f-a607-38fa69de3887?channelId=1c1df45c-a199-4830-b1ed-c318102f22f7";1
"https://vscht.sharepoint.com/sites/403-O365-videastavufyziklnchemie/_layouts/15/stream.aspx?UniqueId=42b0c27d%2Dca86%2D518a%2D741d%2D5100c035d90d&Translate=false&referrer=StreamWebApp%2EWeb&referrerScenario=AddressBarCopied%2Eview%2Ee5973f19%2D6a4f%2D4154%2D95fa%2D92d47b173003";"Kapacita autobaterie";"Ctirad Červinka";"Fyzikální chemie B+";2;"rovnovážné napětí článku,elektroda prvního druhu,kapacita baterie";"cvičení";"B403019";;"https://web.microsoftstream.com/video/bcb8b4fa-72b5-4819-ad14-e062487e1fb4?channelId=1c1df45c-a199-4830-b1ed-c318102f22f7";1
"https://vscht.sharepoint.com/sites/403-O365-videastavufyziklnchemie/_layouts/15/stream.aspx?UniqueId=d3123f94%2D2e68%2D5a7c%2D96f5%2D39196a97f612&Translate=false&referrer=StreamWebApp%2EWeb&referrerScenario=AddressBarCopied%2Eview%2E43f8ef4f%2D71e2%2D4695%2D98f4%2D0e032df37f9a";"Hittorfova metoda určení převodových čísel";"Ctirad Červinka";"Fyzikální chemie B+";3;"elektrolýza,převodová čísla,Hittorfova metoda";"cvičení";"B403019";;"https://web.microsoftstream.com/video/f5d807d6-7161-46f2-b754-e319a210a33d?channelId=1c1df45c-a199-4830-b1ed-c318102f22f7";1
"https://vscht.sharepoint.com/sites/403-O365-videastavufyziklnchemie/_layouts/15/stream.aspx?UniqueId=839bf04b%2D0ab5%2D5add%2Da7a4%2Df1c793422f8b&Translate=false&referrer=StreamWebApp%2EWeb&referrerScenario=AddressBarCopied%2Eview%2E6471f944%2Df87c%2D4230%2D8457%2Db5a4a44043cb";"Převodová čísla při elektrolýze";"Ctirad Červinka";"Fyzikální chemie B+";3;"elektrolýza,převodová čísla,Hittorfova metoda";"cvičení";"B403019";;"https://web.microsoftstream.com/video/f084c4b3-5943-4227-9adf-80a29d8a5606?channelId=1c1df45c-a199-4830-b1ed-c318102f22f7";1
"https://vscht.sharepoint.com/sites/403-O365-videastavufyziklnchemie/_layouts/15/stream.aspx?UniqueId=01e62105%2D9602%2D5d09%2D3035%2D0ecf8ea2253f&Translate=false&referrer=StreamWebApp%2EWeb&referrerScenario=AddressBarCopied%2Eview%2Ec74755ff%2D89ab%2D4301%2D99e3%2D46fef850c762";"Konduktivita a molární vodivost";"Ctirad Červinka";"Fyzikální chemie B+";3;"konduktivita,měrná vodivost,molární vodivost,elektrický odpor";"cvičení";"B403019";;"https://web.microsoftstream.com/video/982d64b6-901c-48ec-94ae-ee16243e6870?channelId=1c1df45c-a199-4830-b1ed-c318102f22f7";1
"https://vscht.sharepoint.com/sites/403-O365-videastavufyziklnchemie/_layouts/15/stream.aspx?UniqueId=0bbf9371%2D74ee%2D5c2f%2D2690%2Dca250f546dce&Translate=false&referrer=StreamWebApp%2EWeb&referrerScenario=AddressBarCopied%2Eview%2E53ad7bcb%2Da2b9%2D4698%2Db9dc%2Ddcf9232f807a";"Limitní molární vodivost";"Ctirad Červinka";"Fyzikální chemie B+";3;"limitní molární vodivost,Kohlrauschův zákon";"cvičení";"B403019";;"https://web.microsoftstream.com/video/b24683de-4409-49ec-9a9b-388c1467ca76?channelId=1c1df45c-a199-4830-b1ed-c318102f22f7";1
"https://vscht.sharepoint.com/sites/403-O365-videastavufyziklnchemie/_layouts/15/stream.aspx?UniqueId=9bf96dd6%2Debec%2D5158%2Dd338%2D60d5cac63be4&Translate=false&referrer=StreamWebApp%2EWeb&referrerScenario=AddressBarCopied%2Eview%2Ea4f1c13e%2Df209%2D418d%2D841f%2Dcf6242bb7817";"Součin rozpustnosti z konduktometrie";"Ctirad Červinka";"Fyzikální chemie B+";3;"součin rozpustnosti,molární vodivost,měrná vodivost,srážecí rovnováha,Kohlrauschův zákon";"cvičení";"B403019";;"https://web.microsoftstream.com/video/c91aa7ee-3f43-45be-bca1-b51e68c092b1?channelId=1c1df45c-a199-4830-b1ed-c318102f22f7";1
"https://vscht.sharepoint.com/sites/403-O365-videastavufyziklnchemie/_layouts/15/stream.aspx?UniqueId=f4ed7a31%2D59aa%2D5200%2D2873%2D05b5d4963c4b&Translate=false&referrer=StreamWebApp%2EWeb&referrerScenario=AddressBarCopied%2Eview%2Edb3b39f8%2Df268%2D4ab3%2Da4c5%2D85c14efc0743";"Konduktivita a stupeň disociace";"Ctirad Červinka";"Fyzikální chemie B+";3;"molární vodivost,měrná vodivost,acidobazická rovnováha,stupeň disociace,Kohlrauschův zákon,disociační konstanta kyseliny,konstanta acidity";"cvičení";"B403019";;"https://web.microsoftstream.com/video/51843735-d7cc-4c84-b935-6de3310b2d9b?channelId=1c1df45c-a199-4830-b1ed-c318102f22f7";1
"https://vscht.sharepoint.com/sites/403-O365-videastavufyziklnchemie/_layouts/15/stream.aspx?UniqueId=1a970fa7%2D018c%2D5211%2D709f%2D992eaee9dffa&Translate=false&referrer=StreamWebApp%2EWeb&referrerScenario=AddressBarCopied%2Eview%2E5feeb402%2Df505%2D4dec%2D8fa0%2Df0b17941cc18";"Konduktometrická indikace bodu ekvivalence";"Ctirad Červinka";"Fyzikální chemie B+";3;"acidobazická titrace,konduktometrie,bod ekvivalence,molární vodivost";"cvičení";"B403019";;"https://web.microsoftstream.com/video/6a3b0854-f713-49bb-a5d7-e1cc7e4f0757?channelId=1c1df45c-a199-4830-b1ed-c318102f22f7";1
"https://vscht.sharepoint.com/sites/403-O365-videastavufyziklnchemie/_layouts/15/stream.aspx?UniqueId=19f0ed3c%2D8911%2D51b7%2D12ac%2D4b3482b8e6e1&Translate=false&referrer=StreamWebApp%2EWeb&referrerScenario=AddressBarCopied%2Eview%2E378c307f%2D4ead%2D40ca%2D860e%2D6e57394b0b60";"Disociační konstanta z konduktometrie";"Ctirad Červinka";"Fyzikální chemie B+";3;"disociační konstanta kyseliny,konstanta acidity,molární vodivost,měrná vodivost,acidobazická rovnováha,stupeň disociace,Kohlrauschův zákon";"cvičení";"B403019";;"https://web.microsoftstream.com/video/55e1908e-d567-4851-b818-0f27e66c88e0?channelId=1c1df45c-a199-4830-b1ed-c318102f22f7";1
"https://vscht.sharepoint.com/sites/403-O365-videastavufyziklnchemie/_layouts/15/stream.aspx?UniqueId=4dfe358c%2D44d9%2D5391%2D7820%2D4eb33394fda3&Translate=false&referrer=StreamWebApp%2EWeb&referrerScenario=AddressBarCopied%2Eview%2Ea120204f%2D1868%2D4398%2D9d34%2D7a95acfee8a8";"Chemická kinetika";"Jan Heyda";"Fyzikální chemie B+";4;"řád reakce,radioaktivní rozpad,reakce 1. řádu,reakce 2. řádu";"cvičení";"B403019";;"https://web.microsoftstream.com/video/f9ff7762-59a0-4014-9022-659a0c3d0038";1
"https://vscht.sharepoint.com/sites/403-O365-videastavufyziklnchemie/_layouts/15/stream.aspx?UniqueId=78698499%2Dd604%2D5771%2D9300%2D2669d2b2388e&Translate=false&referrer=StreamWebApp%2EWeb&referrerScenario=AddressBarCopied%2Eview%2E5a2645b7%2D2d40%2D4a4b%2D8de4%2D54bba6e4fa69";"Chemická kinetika – Integrální metoda";"Jan Heyda";"Fyzikální chemie B+";4;"analýza experimentálních dat,integrální metoda";"cvičení";"B403019";;"https://web.microsoftstream.com/video/0a57a7ef-1bc9-43af-befc-23f90b67d493?channelId=1c1df45c-a199-4830-b1ed-c318102f22f7";1
"https://vscht.sharepoint.com/sites/403-O365-videastavufyziklnchemie/_layouts/15/stream.aspx?UniqueId=33fca8d0%2D16da%2D586c%2Dd047%2D8971874c6121&Translate=false&referrer=StreamWebApp%2EWeb&referrerScenario=AddressBarCopied%2Eview%2E3926e590%2D135c%2D43d8%2Daf45%2D3d8d18bd92b6";"Chemická kinetika – Diferenciální metoda";"Jan Heyda";"Fyzikální chemie B+";4;"analýza experimentálních dat,diferenciální metoda";"cvičení";"B403019";;"https://web.microsoftstream.com/video/2a91b3e4-cbe4-4a18-ad0f-b2f2431d0c0a?channelId=1c1df45c-a199-4830-b1ed-c318102f22f7";1
"https://vscht.sharepoint.com/sites/403-O365-videastavufyziklnchemie/_layouts/15/stream.aspx?UniqueId=7775b3df%2Dca3f%2D578a%2D8f55%2De918c4353e0d&Translate=false&referrer=StreamWebApp%2EWeb&referrerScenario=AddressBarCopied%2Eview%2Ecf65b725%2Df80e%2D432c%2D8b42%2D4b6787bfbe01";"Arrheniův zákon";"Jan Heyda";"Fyzikální chemie B+";4;"zkvašování cukru,Arrheniova rovnice,závislost rychlostní konstanty na teplotě";"cvičení";"B403019";;"https://web.microsoftstream.com/video/dc32021c-5283-4d55-8661-6477241fe95b?channelId=1c1df45c-a199-4830-b1ed-c318102f22f7";1
"https://vscht.sharepoint.com/sites/403-O365-videastavufyziklnchemie/_layouts/15/stream.aspx?UniqueId=7ae9f228%2De7c5%2D5b93%2D363b%2D93576c11b3d8&Translate=false&referrer=StreamWebApp%2EWeb&referrerScenario=AddressBarCopied%2Eview%2E7bd7ae59%2D9a04%2D4d4e%2D9116%2Dfd51d970d15a";"Paralelní reakce";"Jan Heyda";"Fyzikální chemie B+";5;"paralelní reakce 1. řádu,paralelní reakce 2. řádu";"cvičení";"B403019";;"https://web.microsoftstream.com/video/292efee3-5f38-490f-9281-66b376c6a862?channelId=1c1df45c-a199-4830-b1ed-c318102f22f7";1
"https://vscht.sharepoint.com/sites/403-O365-videastavufyziklnchemie/_layouts/15/stream.aspx?UniqueId=54c43869%2Ddf9b%2D5684%2D8a9d%2D19c8c58058fb&Translate=false&referrer=StreamWebApp%2EWeb&referrerScenario=AddressBarCopied%2Eview%2E25ba5cbc%2Dc74c%2D40c9%2D9116%2D0d2ddac509c1";"Vratná reakce";"Jan Heyda";"Fyzikální chemie B+";5;"vratná reakce,izomerizace,izomerace";"cvičení";"B403019";;"https://web.microsoftstream.com/video/8d606de5-0f53-4a8e-8d5a-40a58d8f61e6?channelId=1c1df45c-a199-4830-b1ed-c318102f22f7";1
"https://vscht.sharepoint.com/sites/403-O365-videastavufyziklnchemie/_layouts/15/stream.aspx?UniqueId=46fda6ab%2Df37b%2D50ff%2D2100%2D9aae202be20c&Translate=false&referrer=StreamWebApp%2EWeb&referrerScenario=AddressBarCopied%2Eview%2Ef63c054b%2Db9a2%2D4c39%2Dab65%2Da538d7a00e0a";"Následné reakce";"Jan Heyda";"Fyzikální chemie B+";5;"následné reakce,meziprodukt,maximální koncentrace meziproduktu";"cvičení";"B403019";;"https://web.microsoftstream.com/video/1047788b-6bc6-4edd-a8a4-ce70a6e02d99?channelId=1c1df45c-a199-4830-b1ed-c318102f22f7";1
"https://vscht.sharepoint.com/sites/403-O365-videastavufyziklnchemie/_layouts/15/stream.aspx?UniqueId=d903f3fe%2D7b42%2D5225%2De274%2Dd2260a06ce2c&Translate=false&referrer=StreamWebApp%2EWeb&referrerScenario=AddressBarCopied%2Eview%2Ebb1eaad1%2D63cd%2D469f%2D8bd6%2D4d68adb6d86e";"Clausiova–Clapeyronova rovnice";"Jan Heyda";"Fyzikální chemie B+";6;"vliv tlaku na teplotu tání,tání ledu";"cvičení";"B403019";;"https://web.microsoftstream.com/video/b0221b17-85e6-48d9-b5e0-b296bd2061fc?channelId=1c1df45c-a199-4830-b1ed-c318102f22f7";1
"https://vscht.sharepoint.com/sites/403-O365-videastavufyziklnchemie/_layouts/15/stream.aspx?UniqueId=ec390477%2Da968%2D5428%2D8975%2D4e041389ee81&Translate=false&referrer=StreamWebApp%2EWeb&referrerScenario=AddressBarCopied%2Eview%2E207a5326%2De41f%2D4608%2D9892%2D4445b1b2778c";"Clausiova–Clapeyronova rovnice";"Jan Heyda";"Fyzikální chemie B+";6;"tlak nasycených par,trojný bod,posun podél fázové křivky";"cvičení";"B403019";;"https://web.microsoftstream.com/video/f841048f-933d-470a-bc89-5e5d6bbfde6f?channelId=1c1df45c-a199-4830-b1ed-c318102f22f7";1
"https://vscht.sharepoint.com/sites/403-O365-videastavufyziklnchemie/_layouts/15/stream.aspx?UniqueId=4104ec1f%2D9fd7%2D5d4a%2D0792%2D242f42729fad&Translate=false&referrer=StreamWebApp%2EWeb&referrerScenario=AddressBarCopied%2Eview%2E9e93aa16%2D058d%2D44e8%2D819d%2De0395de34aa0";"Clausiova–Clapeyronova rovnice";"Jan Heyda";"Fyzikální chemie B+";6;"výpočet tlaku nasycených par z výparné entalpie,Antoineova rovnice";"cvičení";"B403019";;"https://web.microsoftstream.com/video/016cb4be-2a12-44e8-9a71-6857ca1a5d8d?channelId=1c1df45c-a199-4830-b1ed-c318102f22f7";1
"https://vscht.sharepoint.com/sites/403-O365-videastavufyziklnchemie/_layouts/15/stream.aspx?UniqueId=53f9903b%2D0eaf%2D5f12%2D12f6%2D5b6767bfc420&Translate=false&referrer=StreamWebApp%2EWeb&referrerScenario=AddressBarCopied%2Eview%2Ed9632ae3%2D79cf%2D46f7%2Dbe26%2D165f8a02d108";"Fázová rovnováha směsí – Henryho zákon";"Jan Heyda";"Fyzikální chemie B+";8;"Henryho zákon,koncentace CO2 ve vodě";"cvičení";"B403019";;"https://web.microsoftstream.com/video/e7dece48-5366-46b1-be7e-0bb1fbd601d2?channelId=1c1df45c-a199-4830-b1ed-c318102f22f7";1
"https://vscht.sharepoint.com/sites/403-O365-videastavufyziklnchemie/_layouts/15/stream.aspx?UniqueId=7f594648%2D2fa0%2D500a%2D1c75%2De0b07f1d58ff&Translate=false&referrer=StreamWebApp%2EWeb&referrerScenario=AddressBarCopied%2Eview%2E8f029f8d%2D41e9%2D4dd6%2Dbaca%2D40ee0b536212";"Titrace – rovnováha kapalina-kapalina";"Jan Heyda";"Fyzikální chemie B+";8;"titrace,LLE,rovnováha kapalina-kapalina";"cvičení";"B403019";;"https://web.microsoftstream.com/video/5ad00929-c121-44f7-ac7f-49133b017e76?channelId=1c1df45c-a199-4830-b1ed-c318102f22f7";1
"https://vscht.sharepoint.com/sites/403-O365-videastavufyziklnchemie/_layouts/15/stream.aspx?UniqueId=5e50756a%2D3b85%2D544f%2D6b12%2Dcb8f2d49a41a&Translate=false&referrer=StreamWebApp%2EWeb&referrerScenario=AddressBarCopied%2Eview%2E6d3bd707%2D478c%2D4c7d%2D9a11%2D72adf7d970e0";"Extrakce";"Jan Heyda";"Fyzikální chemie B+";8;"extrakce fenolu z vody butylacetátem";"cvičení";"B403019";;"https://web.microsoftstream.com/video/63065201-98f8-4f36-b9f7-546e416adef8?channelId=1c1df45c-a199-4830-b1ed-c318102f22f7";1
"https://vscht.sharepoint.com/sites/403-O365-videastavufyziklnchemie/_layouts/15/stream.aspx?UniqueId=7dd5bc61%2D95c6%2D511e%2D1583%2D04e889becb46&Translate=false&referrer=StreamWebApp%2EWeb&referrerScenario=AddressBarCopied%2Eview%2E6cdd779f%2D63f0%2D4763%2Daee6%2D27530466d962";"Kryoskopie";"Jan Heyda";"Fyzikální chemie B+";8;"kryoskopie";"cvičení";"B403019";;"https://web.microsoftstream.com/video/93e863bc-9d53-4de7-a0ad-d5983ae93f0c?channelId=1c1df45c-a199-4830-b1ed-c318102f22f7";1
"https://vscht.sharepoint.com/sites/403-O365-videastavufyziklnchemie/_layouts/15/stream.aspx?UniqueId=3f46aa93%2D91ad%2D5a9a%2Dcea8%2Dadd2b8149525&Translate=false&referrer=StreamWebApp%2EWeb&referrerScenario=AddressBarCopied%2Eview%2Ea4b05b20%2D69b3%2D4a85%2Dbe79%2Dcf1aac5f0017";"Rozestírání vs. Kapka";"Ctirad Červinka";"Fyzikální chemie B+";9;"povrchové napětí,mezifázové napětí,rozestírání,kapky";"cvičení";"B403019";;"https://web.microsoftstream.com/video/0fbf4676-a775-4e40-9f5b-315141e5bdaa?channelId=1c1df45c-a199-4830-b1ed-c318102f22f7";1
"https://vscht.sharepoint.com/sites/403-O365-videastavufyziklnchemie/_layouts/15/stream.aspx?UniqueId=3ddbaf6c%2Da59f%2D5270%2D8efe%2Dba08912c8bbd&Translate=false&referrer=StreamWebApp%2EWeb&referrerScenario=AddressBarCopied%2Eview%2Ef5fd6a93%2D460b%2D476a%2D832a%2D56b52d99d436";"Kapilární elevace";"Ctirad Červinka";"Fyzikální chemie B+";9;"kapilární elevace,povrchové napětí,zakřivený povrch,hydrostatický tlak,Laplaceova–Youngova rovnice";"cvičení";"B403019";;"https://web.microsoftstream.com/video/3d5d750e-c226-49e7-ba8c-41559a459889?channelId=1c1df45c-a199-4830-b1ed-c318102f22f7";1
"https://vscht.sharepoint.com/sites/403-O365-videastavufyziklnchemie/_layouts/15/stream.aspx?UniqueId=486d21bb%2D1ae2%2D5078%2Daa4c%2D4a55646f261c&Translate=false&referrer=StreamWebApp%2EWeb&referrerScenario=AddressBarCopied%2Eview%2Eae08a6e6%2D5aac%2D40fd%2Db7fa%2D0d0481268dee";"Optimální výška kaluže";"Ctirad Červinka";"Fyzikální chemie B+";9;"povrchové napětí,povrchová energie,potenciální energie";"cvičení";"B403019";;"https://web.microsoftstream.com/video/72c13b16-6c61-48d0-9a01-9aaff94ae84b?channelId=1c1df45c-a199-4830-b1ed-c318102f22f7";1
"https://vscht.sharepoint.com/sites/403-O365-videastavufyziklnchemie/_layouts/15/stream.aspx?UniqueId=0476e173%2Def16%2D543c%2D873b%2Db41bf2229aa5&Translate=false&referrer=StreamWebApp%2EWeb&referrerScenario=AddressBarCopied%2Eview%2E4a7a4960%2D356f%2D4d91%2Da18c%2D28ec8482cf9e";"Přetlak v bublině";"Ctirad Červinka";"Fyzikální chemie B+";9;"povrchové napětí,zakřivený povrch,hydrostatický tlak,Laplaceova–Youngova rovnice,přetlak";"cvičení";"B403019";;"https://web.microsoftstream.com/video/c75e4f14-d6bd-4954-9a11-db8336e0bed9?channelId=1c1df45c-a199-4830-b1ed-c318102f22f7";1
"https://vscht.sharepoint.com/sites/403-O365-videastavufyziklnchemie/_layouts/15/stream.aspx?UniqueId=26f4a8c7%2D06b6%2D5eaa%2D665d%2D726fc68475d4&Translate=false&referrer=StreamWebApp%2EWeb&referrerScenario=AddressBarCopied%2Eview%2E9734b1df%2D41bc%2D4e8f%2D8ee2%2D214580481672";"Kelvinova rovnice";"Ctirad Červinka";"Fyzikální chemie B+";9;"Kelvinova rovnice,tlak nasycených par,zakřivený povrch,změna těkavosti";"cvičení";"B403019";;"https://web.microsoftstream.com/video/1c2df51c-912d-41b3-8018-af37efede0cb?channelId=1c1df45c-a199-4830-b1ed-c318102f22f7";1
"https://vscht.sharepoint.com/sites/403-O365-videastavufyziklnchemie/_layouts/15/stream.aspx?UniqueId=ba41584e%2De514%2D5003%2D59fc%2D9a7a5b0b7b9a&Translate=false&referrer=StreamWebApp%2EWeb&referrerScenario=AddressBarCopied%2Eview%2Ed01ac44c%2D789d%2D45a8%2Db6a3%2Df66d1145f885";"Nukleace při kondenzaci";"Ctirad Červinka";"Fyzikální chemie B+";9;"kondenzace páry,homogenní nukleace,heterogenní nukleace,bariéra nukleace,povrchová energie,Kelvinova rovnice,tlak nasycených par";"cvičení";"B403019";;"https://web.microsoftstream.com/video/2e00bdd9-ee26-4522-868a-efe2d25d9307?channelId=1c1df45c-a199-4830-b1ed-c318102f22f7";1
"https://vscht.sharepoint.com/sites/403-O365-videastavufyziklnchemie/_layouts/15/stream.aspx?UniqueId=7df3cd18%2Dcfe4%2D55e7%2D4464%2Dad20abe4ccb5&Translate=false&referrer=StreamWebApp%2EWeb&referrerScenario=AddressBarCopied%2Eview%2Ec7d7ee19%2D331b%2D472d%2Db2f6%2D464fb5e2d033";"Tvorba bublin";"Ctirad Červinka";"Fyzikální chemie B+";9;"povrch bubliny,surfaktant,plocha molekuly";"cvičení";"B403019";;"https://web.microsoftstream.com/video/3e41257f-8fb7-44b9-807f-9b4af862b2fd?channelId=1c1df45c-a199-4830-b1ed-c318102f22f7";1
"https://vscht.sharepoint.com/sites/403-O365-videastavufyziklnchemie/_layouts/15/stream.aspx?UniqueId=479fe232%2Dd5df%2D518b%2D4fd5%2D8e81af1307f6&Translate=false&referrer=StreamWebApp%2EWeb&referrerScenario=AddressBarCopied%2Eview%2E0d75c8a2%2Dd919%2D4bf6%2Daa27%2D927c0cacc212";"Thermodynamics of mixtures";"Michal Fulem";"Physical Chemistry I";8;"ideal mixture,excess and mixing thermodynamic properties,partial molar quantities,chemical potential,fugacity,activity,standard states";"přednáška";"S403011";;"https://web.microsoftstream.com/video/39db2750-9023-41a1-847a-516748cd6c07";1
"https://vscht.sharepoint.com/sites/403-O365-videastavufyziklnchemie/_layouts/15/stream.aspx?UniqueId=a02f757b%2D4c6e%2D55f0%2D11f3%2D5f563448d523&Translate=false&referrer=StreamWebApp%2EWeb&referrerScenario=AddressBarCopied%2Eview%2Ec9af4477%2D6056%2D4413%2Da419%2D85194e9fbcd4";"Phase Equilibria I";"Michal Fulem";"Physical Chemistry I";9;"intensive criteria of equilibrium in multicomponent systems,Gibbs phase rule,vapor-liquid equilibrium in multicomponent systems,phase diagrams,Raoult’s law";"přednáška";"S403011";;"https://web.microsoftstream.com/video/e4bfcbeb-f47e-4a80-bcb9-642932d37b25";1
"https://vscht.sharepoint.com/sites/403-O365-videastavufyziklnchemie/_layouts/15/stream.aspx?UniqueId=2dc9e30c%2Dde57%2D5f4c%2D5dcd%2D505eb32eaeaf&Translate=false&referrer=StreamWebApp%2EWeb&referrerScenario=AddressBarCopied%2Eview%2E1af372f9%2D958f%2D4c02%2D9069%2D4af74877f3d7";"Phase Equilibria II";"Michal Fulem";"Physical Chemistry I";10;"solubility of gases in liquids,liquid-liquid equlibrium,solid-liquid equilibrium";"přednáška";"S403011";;"https://web.microsoftstream.com/video/65289da3-8cee-4c4a-8ece-8a35496b99dc";1
"https://vscht.sharepoint.com/sites/403-O365-videastavufyziklnchemie/_layouts/15/stream.aspx?UniqueId=945e2d12%2D7fba%2D5a7c%2D9f09%2Dc0f3bafae1f8&Translate=false&referrer=StreamWebApp%2EWeb&referrerScenario=AddressBarCopied%2Eview%2E2bbd5e1e%2D8f56%2D4ec3%2D84a5%2D0141ae11d87d";"Chemical Equilibrium";"Michal Fulem";"Physical Chemistry I";11;"material balance of chemical reactions,equilibrium condition,reaction Gibbs energy,equibrium constant,equilibrium composition,chemical reactions in gaseous phase,response of chemical equilibrium to conditions,equilibria in electrolyte systems";"přednáška";"S403011";;"https://web.microsoftstream.com/video/dc4c2441-3e67-4a4e-9d7a-4696b0135531";1
"https://vscht.sharepoint.com/sites/403-O365-videastavufyziklnchemie/_layouts/15/stream.aspx?UniqueId=66546ef4%2Df738%2D526a%2Dd7b8%2De1104812262c&Translate=false&referrer=StreamWebApp%2EWeb&referrerScenario=AddressBarCopied%2Eview%2E30687990%2D402c%2D4b2f%2Dbb6c%2D329774961952";"Introduction to Electrochemistry";"Michal Fulem";"Physical Chemistry I";12;"electrolysis,Faraday’s law of electrolysis,galvanic cells,Nernst equation";"přednáška";"S403011";;"https://web.microsoftstream.com/video/b8ee5171-d576-4a5a-b3e3-acb281e6ccdc";1
"https://web.microsoftstream.com/video/d5e5f3f8-b17f-4a27-8735-bef846c02219";"Introduction to kinetics";"Květoslav Růžička";"Physical Chemistry I";13;"basic terms of chemical kinetics,reaction rate,integration of rate equations";"přednáška";"S403011";;"https://web.microsoftstream.com/video/d5e5f3f8-b17f-4a27-8735-bef846c02219";0
"https://vscht.sharepoint.com/sites/403-O365-videastavufyziklnchemie/_layouts/15/stream.aspx?UniqueId=95736656%2D8916%2D55b3%2D33b3%2Dcf2ea01a87c9&Translate=false&referrer=StreamWebApp%2EWeb&referrerScenario=AddressBarCopied%2Eview%2E876ea460%2D2c43%2D4b53%2D86d9%2Dc7e7398c6205";"Diferenciální počet funkcí více proměnných";"Alexandr Malijevský";"Matematické metody pro fyzikální chemii";3;"Taylorův rozvoj,Eulerova věta,homogenní funcke,proměnná";"přednáška";"M403016";;"https://web.microsoftstream.com/video/e5d7f533-50e8-459a-8b4d-3e288dedc824";1
"https://vscht.sharepoint.com/sites/403-O365-videastavufyziklnchemie/_layouts/15/stream.aspx?UniqueId=b9331927-1100-5e2a-020f-fce62f2c6334&Translate=false&referrer=ClassicStream&referrerScenario=ClassicPortalMigration.View";"Křivky, plochy a transformace souřadnic";"Alexandr Malijevský";"Matematické metody pro fyzikální chemii";4;"křivka,délka křivky,plocha,transformace souřadnic,obsah plochy,cylindrický souřadnicový systém";"přednáška";"M403016";;"https://web.microsoftstream.com/video/575214f3-54b2-4540-8f8e-59ce1f769057";1
"https://vscht.sharepoint.com/sites/403-O365-videastavufyziklnchemie/_layouts/15/stream.aspx?UniqueId=4c382b30%2D859a%2D571b%2D0598%2Dcca41d92e289&Translate=false&referrer=StreamWebApp%2EWeb&referrerScenario=AddressBarCopied%2Eview%2E25cc6a8d%2D663c%2D405a%2D9587%2D4652fd3a3ce8";"Obyčejné diferenciální rovnice";"Alexandr Malijevský";"Matematické metody pro fyzikální chemii";5;"obyčejné diferenciální rovnice,metoda variace konstanty,speciální rovnice";"přednáška";"M403016";;"https://web.microsoftstream.com/video/edcc2e6e-e949-4210-a663-935158e54f48";1
"https://vscht.sharepoint.com/sites/403-O365-videastavufyziklnchemie/_layouts/15/stream.aspx?UniqueId=a6cc1b93%2D7723%2D5d51%2Df5bd%2Db55fef1e4752&Translate=false&referrer=StreamWebApp%2EWeb&referrerScenario=AddressBarCopied%2Eview%2Ee7f10810%2D32b4%2D4e82%2Db0ac%2D63efcc65d6a0";"Funkce komplexní proměnné";"Alexandr Malijevský";"Matematické metody pro fyzikální chemii";6;"funkce komplexní proměnné,komplexní proměnná,Laurentův rozvoj,Cauchyova věta";"přednáška";"M403016";;"https://web.microsoftstream.com/video/64757b83-dc7c-4530-bf3d-4513195747d8";1
"https://vscht.sharepoint.com/sites/403-O365-videastavufyziklnchemie/_layouts/15/stream.aspx?UniqueId=ad36f3f1%2Dc942%2D57f3%2D409a%2D6a4a6ce8c70e&Translate=false&referrer=StreamWebApp%2EWeb&referrerScenario=AddressBarCopied%2Eview%2Eccbde920%2De5e1%2D49e3%2Dbf45%2D3cf3f8d0963a";"Variační princip";"Alexandr Malijevský";"Matematické metody pro fyzikální chemii";7;"variační princip,Eulerova–Langrangeova rovnice,Langrangeova rovnice 2. druhu";"přednáška";"M403016";;"https://web.microsoftstream.com/video/07d4e9c3-7a07-4551-b12b-cea08c825ce5";1
"https://vscht.sharepoint.com/sites/403-O365-videastavufyziklnchemie/_layouts/15/stream.aspx?UniqueId=0db886b9%2De7a9%2D568d%2D1418%2D42fb95bfc19a&Translate=false&referrer=StreamWebApp%2EWeb&referrerScenario=AddressBarCopied%2Eview%2Ed1d7892b%2D4234%2D4abc%2D9abc%2D9ee7b0f6c30e";"Lineární algebra 1.1";"Jiří Kolafa";"Matematické metody pro fyzikální chemii";8;"vektor,lineární závislost,skalární součin,Schwartzova nerovnost,Hilbertův prostor,báze,Gramova–Schmidtova ortogonalizace";"přednáška";"M403016";"http://old.vscht.cz/fch/cz/pomucky/kolafa/N403045.html http://old.vscht.cz/fch/en/tools/kolafa/mmpc1.pdf";"https://web.microsoftstream.com/video/7b5c2b96-b44b-445f-87f5-b6d7e94baebf";1
"https://vscht.sharepoint.com/sites/403-O365-videastavufyziklnchemie/_layouts/15/stream.aspx?UniqueId=d963cbe3%2Da3f8%2D5e1c%2De767%2D1a36f7d4295d&Translate=false&referrer=StreamWebApp%2EWeb&referrerScenario=AddressBarCopied%2Eview%2Ed29c038b%2D78af%2D4c64%2Dbea7%2D32cc5fa30bc2";"Lineární algebra 1.2";"Jiří Kolafa";"Matematické metody pro fyzikální chemii";8;"lineární forma,kovektor,matice,determinant,ortogonální matice,unitární matice";"přednáška";"M403016";"http://old.vscht.cz/fch/cz/pomucky/kolafa/N403045.html http://old.vscht.cz/fch/en/tools/kolafa/mmpc1.pdf";"https://web.microsoftstream.com/video/f4df36ea-24f7-4529-a02c-79579fcbd976";1
"https://vscht.sharepoint.com/sites/403-O365-videastavufyziklnchemie/_layouts/15/stream.aspx?UniqueId=3041962e%2D93d3%2D5215%2D4a79%2Dcb6c84dc8e12&Translate=false&referrer=StreamWebApp%2EWeb&referrerScenario=AddressBarCopied%2Eview%2Ef1707697%2D1a75%2D4867%2Db198%2D755781f52135";"Lineární algebra 2.1";"Jiří Kolafa";"Matematické metody pro fyzikální chemii";9;"vlastní hodnota,vlastní vektor,braket,bra-ket,spektrální teorém,kompaktní operátor,diagonalizace,kvadratická forma,signatura";"přednáška";"M403016";"http://old.vscht.cz/fch/cz/pomucky/kolafa/N403045.html http://old.vscht.cz/fch/en/tools/kolafa/mmpc2.pdf";"https://web.microsoftstream.com/video/54c3a06e-1c9f-4af3-a90e-f230eaba6538";1
"https://vscht.sharepoint.com/sites/403-O365-videastavufyziklnchemie/_layouts/15/stream.aspx?UniqueId=088da01c%2D9db6%2D5c6c%2D44fe%2D11ad6b778e93&Translate=false&referrer=StreamWebApp%2EWeb&referrerScenario=AddressBarCopied%2Eview%2E9d4ccb63%2D780e%2D430f%2D94ee%2D57ef2e66df1c";"Lineární algebra 2.2";"Jiří Kolafa";"Matematické metody pro fyzikální chemii";9;"fundamentální vibrace,homogenní diferenciální rovnice";"přednáška";"M403016";"http://old.vscht.cz/fch/cz/pomucky/kolafa/N403045.html http://old.vscht.cz/fch/en/tools/kolafa/mmpc2.pdf";"https://web.microsoftstream.com/video/66cda8ff-a779-4c55-9e4d-8150241dfb62";1
"https://vscht.sharepoint.com/sites/403-O365-videastavufyziklnchemie/_layouts/15/stream.aspx?UniqueId=3c25ac56%2D74f9%2D51db%2D1527%2D4fd66159d065&Translate=false&referrer=StreamWebApp%2EWeb&referrerScenario=AddressBarCopied%2Eview%2Eb69ed9d7%2D1d62%2D4155%2D81b8%2D6260d48c8b67";"Aproximace funkcí: Taylor, Padé, řetězový zlomek";"Jiří Kolafa";"Matematické metody pro fyzikální chemii";10;"Taylorův rozvoj,Padé,řetězový zlomek,Thielova věta";"přednáška";"M403016";"http://old.vscht.cz/fch/cz/pomucky/kolafa/N403045.html http://old.vscht.cz/fch/cz/pomucky/kolafa/mmfch3.pdf";"https://web.microsoftstream.com/video/0a15751c-07ba-40a0-b0f8-9dc75e60b26b";1
"https://vscht.sharepoint.com/sites/403-O365-videastavufyziklnchemie/_layouts/15/stream.aspx?UniqueId=6508c470%2D5682%2D5809%2Dfc41%2Dfad29abc01c5&Translate=false&referrer=StreamWebApp%2EWeb&referrerScenario=AddressBarCopied%2Eview%2E3038e468%2Dd2ae%2D4ac2%2D90e4%2Dddb351453f62";"Aproximace orthogonálními polynomy, interpolace, splajny";"Jiří Kolafa";"Matematické metody pro fyzikální chemii";10;"aproximace ortogonálními funkcemi,Fourierova řada,Chebyshevův polynom,Čebyševův polynom,Chebyshevova aproximace,Čebyševova aproximace,interpolace,Lagrangeův polynom,spliny,splajny";"přednáška";"M403016";"http://old.vscht.cz/fch/cz/pomucky/kolafa/N403045.html http://old.vscht.cz/fch/cz/pomucky/kolafa/mmfch3.pdf";"https://web.microsoftstream.com/video/38f1c319-686e-4b70-85cc-a40de3a6f12f";1
"https://vscht.sharepoint.com/sites/403-O365-videastavufyziklnchemie/_layouts/15/stream.aspx?UniqueId=75eab91f%2Dfbf4%2D5bb7%2D8a22%2D3aa6350e4113&Translate=false&referrer=StreamWebApp%2EWeb&referrerScenario=AddressBarCopied%2Eview%2E91804284%2D6d6d%2D4f40%2D91d5%2D6c28d1406268";"Numerická derivace a kvadratura";"Jiří Kolafa";"Matematické metody pro fyzikální chemii";11;"kvadratura,obdélníkové pravidlo,lichoběžníkové pravidlo,Simposnovo pravidlo,Gaussova kvadratura,Richardsonova extrapolace";"přednáška";"M403016";"http://old.vscht.cz/fch/cz/pomucky/kolafa/N403045.html http://old.vscht.cz/fch/cz/pomucky/kolafa/mmfch4.pdf";"https://web.microsoftstream.com/video/14d6f83d-a98f-4aa0-913d-87a5be706955";1
"https://vscht.sharepoint.com/sites/403-O365-videastavufyziklnchemie/_layouts/15/stream.aspx?UniqueId=0bd8c797%2D46b5%2D506d%2D9616%2Dc8e0e845f81f&Translate=false&referrer=StreamWebApp%2EWeb&referrerScenario=AddressBarCopied%2Eview%2E7ecd8ae6%2D29e6%2D4829%2Da026%2Dac1d40e05f37";"Numerické řešení obyčejných diferenciálních rovnic";"Jiří Kolafa";"Matematické metody pro fyzikální chemii";11;"počáteční úloha,Runge–Kutta,prediktor-korektor,Eulerova metoda,Milneova metoda,stabilita,charakteristický polynom";"přednáška";"M403016";"http://old.vscht.cz/fch/cz/pomucky/kolafa/N403045.html http://old.vscht.cz/fch/cz/pomucky/kolafa/mmfch4.pdf";"https://web.microsoftstream.com/video/323f5bde-4825-49d5-9728-d634b51a6900";1
"https://vscht.sharepoint.com/sites/403-O365-videastavufyziklnchemie/_layouts/15/stream.aspx?UniqueId=e09962fc%2D9067%2D59b4%2D2eec%2Da93cb0a5eeca&Translate=false&referrer=StreamWebApp%2EWeb&referrerScenario=AddressBarCopied%2Eview%2E5034b261%2D8e7a%2D4494%2D8d85%2D443ea25ab8b5";"Matematická statistika 1";"Jiří Kolafa";"Matematické metody pro fyzikální chemii";12;"náhodná proměnná,distribuční funkce,rozdělení pravděpodobnosti,funkce náhodné veličiny,Giniho koeficient,střední hodnota,variance,kovariance,centrální limitní věta,Gaussovo rozdělení,normální rozdělení,Čebyševova nerovnost,Chebyshevova nerovnost";"přednáška";"M403016";"http://old.vscht.cz/fch/cz/pomucky/kolafa/N403045.html http://old.vscht.cz/fch/cz/pomucky/kolafa/mmfch5.pdf";"https://web.microsoftstream.com/video/8e9af57e-f1c5-4fa6-b633-a87a03d5f9de";1
"https://vscht.sharepoint.com/sites/403-O365-videastavufyziklnchemie/_layouts/15/stream.aspx?UniqueId=21bf38f7%2D599d%2D5dc3%2Dd100%2D882d599a8b3c&Translate=false&referrer=StreamWebApp%2EWeb&referrerScenario=AddressBarCopied%2Eview%2Ee8023741%2D1e62%2D45a3%2D89dd%2Df43ee9be4d09";"Matematická statistika 2";"Jiří Kolafa";"Matematické metody pro fyzikální chemii";12;"metrologie,chyba,nejistota,odhad,statistika,vzorek,výběr,nestranný odhad,aritmetický průměr,směrodatná odchylka,standardní odchylka,hladina významnosti,interval spolehlivosti,nulová hypotéza,alternativní hypotéza,Studentovo t-rozdělení,Studentův test";"přednáška";"M403016";"http://old.vscht.cz/fch/cz/pomucky/kolafa/N403045.html http://old.vscht.cz/fch/cz/pomucky/kolafa/mmfch5.pdf";"https://web.microsoftstream.com/video/e82fe247-143b-4d03-8306-8cec288f9cc8";1
"https://vscht.sharepoint.com/sites/403-O365-videastavufyziklnchemie/_layouts/15/stream.aspx?UniqueId=74e36ab1%2D1a6a%2D5214%2Db510%2D25706c9d671c&Translate=false&referrer=StreamWebApp%2EWeb&referrerScenario=AddressBarCopied%2Eview%2E2eeb3b60%2D6958%2D46aa%2D8aa6%2De5f1c8c74841";"Vážený průměr a chyby";"Jiří Kolafa";"Matematické metody pro fyzikální chemii";13;"průměr,vážený průměr,zákon šíření chyb";"přednáška";"M403016";"http://old.vscht.cz/fch/cz/pomucky/kolafa/N403045.html http://old.vscht.cz/fch/cz/pomucky/kolafa/mmfch6.pdf";"https://web.microsoftstream.com/video/1591f046-69a4-4c92-8047-e7da70623f24";1
"https://vscht.sharepoint.com/sites/403-O365-videastavufyziklnchemie/_layouts/15/stream.aspx?UniqueId=972e2df4%2Db52f%2D5b5e%2D7e9e%2D74c75e02247c&Translate=false&referrer=StreamWebApp%2EWeb&referrerScenario=AddressBarCopied%2Eview%2E10029e83%2D9fd6%2D459a%2Db54d%2Df6e25d7e07c4";"Metoda nejmenších čtverců";"Jiří Kolafa";"Matematické metody pro fyzikální chemii";13;"kovarianční matice,varianční-kovarianční matice,Gauss–Markov,BLUE,minimalizace funkce více proměnných,amoeba,améba,Marquardt,steepest descent,největší spád,konjugované gradienty,fitování,korelace,excel,LibreOffice,LINEST,opičí hmat";"přednáška";"M403016";"http://old.vscht.cz/fch/cz/pomucky/kolafa/N403045.html http://old.vscht.cz/fch/cz/pomucky/kolafa/mmfch6.pdf";"https://web.microsoftstream.com/video/44a9bd01-c58a-4820-a2ed-503d11266d14";1
"https://vscht-my.sharepoint.com/personal/suchanj_vscht_cz/_layouts/15/stream.aspx?UniqueId=a4b2906f%2De7de%2D57d7%2D2b11%2Db791cfdaee3b&Translate=false&referrer=StreamWebApp%2EWeb&referrerScenario=AddressBarCopied%2Eview%2E6e73951d%2D36b8%2D4e46%2Da749%2D5d52ed6c03f2";"Částice a vlny";"Petr Slavíček";"Teoretická chemie";1;"částice,vlna,vlnově-částicový dualismus,elektrodynamika,klasická mechanika";"přednáška";"N403007";;"https://web.microsoftstream.com/video/d475faa9-3235-4314-9828-bf267a37582e";
"https://vscht-my.sharepoint.com/personal/suchanj_vscht_cz/_layouts/15/stream.aspx?UniqueId=47b0b764%2D2ba6%2D5d1a%2D09d2%2Da0e24a377053&Translate=false&referrer=StreamWebApp%2EWeb&referrerScenario=AddressBarCopied%2Eview%2E10bd9e36%2Ddb79%2D4240%2Dadbc%2Dcd1d98641a71";"Experimenty vedoucí ke kvantové mechanice";"Petr Slavíček";"Teoretická chemie";1;"kvantová mechanika,experiment,QM,kvantování,dualismus,černé teleso,fotoelektrický jev,foton";"přednáška";"N403007";;"https://web.microsoftstream.com/video/ef1360c7-564d-4f48-917e-622f3448d65e";
"https://vscht-my.sharepoint.com/personal/suchanj_vscht_cz/_layouts/15/stream.aspx?UniqueId=e297ad06%2D7f90%2D5e40%2Db2ff%2D23d86057ffaf&Translate=false&referrer=StreamWebApp%2EWeb&referrerScenario=AddressBarCopied%2Eview%2E5a5e362b%2D7921%2D45b3%2D938e%2Daa7789115379";"Spektrum atomu vodíku";"Petr Slavíček";"Teoretická chemie";1;"vodík,spektrum";"přednáška";"N403007";;"https://web.microsoftstream.com/video/9395dffe-7a34-4500-a4d9-2e0edb5ff21f";
"https://vscht-my.sharepoint.com/personal/suchanj_vscht_cz/_layouts/15/stream.aspx?UniqueId=d133e896%2D2830%2D54b3%2D7265%2D65a97e2fcaff&Translate=false&referrer=StreamWebApp%2EWeb&referrerScenario=AddressBarCopied%2Eview%2Eb789f81b%2Df1c7%2D4284%2Db794%2D13f68ec509a3";"Schrödingerova rovnice";"Petr Slavíček";"Teoretická chemie";1;"Schrödingerova rovnice";"přednáška";"N403007";;"https://web.microsoftstream.com/video/13f42746-e718-4128-b88a-b4c05b6df49c";
"https://vscht-my.sharepoint.com/personal/suchanj_vscht_cz/_layouts/15/stream.aspx?UniqueId=46f0ca58%2Df27d%2D593c%2D362c%2D31c30e8b5cba&Translate=false&referrer=StreamWebApp%2EWeb&referrerScenario=AddressBarCopied%2Eview%2E13ec5137%2D44bb%2D431e%2D9b33%2D0af25cb1d6a9";"Opakování, relace neurčitosti a srovnání CM s QM";"Petr Slavíček";"Teoretická chemie";2;"relace neurčitosti,QM,kvantová mechanika,fotoelektrický jev,klasická mechanika";"přednáška";"N403007";;"https://web.microsoftstream.com/video/21732783-c588-4756-ba92-1ab5aac8ab19";
"https://vscht-my.sharepoint.com/personal/suchanj_vscht_cz/_layouts/15/stream.aspx?UniqueId=f01b2116%2Df18b%2D5151%2D6b61%2Ddf5337082e72&Translate=false&referrer=StreamWebApp%2EWeb&referrerScenario=AddressBarCopied%2Eview%2E6c541389%2D74e4%2D454e%2Db203%2D819c3005ce49";"Operátory: jazyk kvantové mechaniky";"Petr Slavíček";"Teoretická chemie";2;"operátor,lineární operátor,Hermitovský operátor";"přednáška";"N403007";;"https://web.microsoftstream.com/video/e1af9d02-7600-48d9-b0d4-bc8d4a9990b1";
"https://vscht-my.sharepoint.com/personal/suchanj_vscht_cz/_layouts/15/stream.aspx?UniqueId=7981019e%2Db528%2D5cbd%2Dee5f%2D0c9f70990ed8&Translate=false&referrer=StreamWebApp%2EWeb&referrerScenario=AddressBarCopied%2Eview%2E282b9254%2D7cf0%2D424e%2Db38b%2D42905d8cb962";"Postuláty kvantové mechaniky";"Petr Slavíček";"Teoretická chemie";2;"kvantová mechanika,QM,vlnová funkce,dynamická veličina,kvantově-mechanický operátor,operátor";"přednáška";"N403007";;"https://web.microsoftstream.com/video/176127cb-4617-4105-91da-45650fbb45b5";
"https://vscht-my.sharepoint.com/personal/suchanj_vscht_cz/_layouts/15/stream.aspx?UniqueId=2ea9996b%2Df7d8%2D5f3d%2Dfa5b%2D6340a9b48168&Translate=false&referrer=StreamWebApp%2EWeb&referrerScenario=AddressBarCopied%2Eview%2E439d9c88%2D5d22%2D4f02%2Daeb6%2Dda96d1037dfa";"Schrödingerova rovnice ve 3D a pro více částic";"Petr Slavíček";"Teoretická chemie";2;"Schrödingerova rovnice,vlnová funkce";"přednáška";"N403007";;"https://web.microsoftstream.com/video/427876c6-f7ea-4a56-8ebe-ef511f1a4764";
"https://vscht-my.sharepoint.com/personal/suchanj_vscht_cz/_layouts/15/stream.aspx?UniqueId=f3257964%2Df43d%2D560c%2D3b07%2D4b245a16e433&Translate=false&referrer=StreamWebApp%2EWeb&referrerScenario=AddressBarCopied%2Eview%2Edf935c75%2D9c4f%2D4b29%2Daf2f%2Da6c050eebd9f";"Částice v potenciálové jámě";"Petr Slavíček";"Teoretická chemie";3;"částice,potenciálová jáma,normalizační faktor,vlnová funkce,energetická hladina,uzlové body,Schrödingerova rovnice,princip korespondence";"přednáška";"N403007";;"https://web.microsoftstream.com/video/9cf43eac-5858-4304-ad34-c2174be09d73";
"https://vscht-my.sharepoint.com/personal/suchanj_vscht_cz/_layouts/15/stream.aspx?UniqueId=a4490888%2D9587%2D54fa%2D57c2%2Df1869980e213&Translate=false&referrer=StreamWebApp%2EWeb&referrerScenario=AddressBarCopied%2Eview%2E008e9149%2D13f9%2D4bef%2Dbc01%2D001da5a1e157";"Metoda FEMO";"Petr Slavíček";"Teoretická chemie";3;"FEMO,molekulové orbitaly,volné elektrony,vlnová funkce,energetická hladina,lambda";"přednáška";"N403007";;"https://web.microsoftstream.com/video/282bdccb-a692-4439-a4a6-3f4f473d0f99";
"https://vscht-my.sharepoint.com/personal/suchanj_vscht_cz/_layouts/15/stream.aspx?UniqueId=8cf7769c%2D8757%2D5b99%2D69cb%2Df8aa2f5273d3&Translate=false&referrer=StreamWebApp%2EWeb&referrerScenario=AddressBarCopied%2Eview%2Ede4d3915%2D7bfa%2D42e1%2Db87d%2Dcc4241f93548";"Energetické pásy";"Petr Slavíček";"Teoretická chemie";3;"energetické pásy,energetické hladiny,elektrody";"přednáška";"N403007";;"https://web.microsoftstream.com/video/48c8b58f-b143-479d-8fae-aa5da6d33f97";
"https://vscht-my.sharepoint.com/personal/suchanj_vscht_cz/_layouts/15/stream.aspx?UniqueId=5551c362%2D7aa2%2D5487%2D9dea%2D5b6bf303955a&Translate=false&referrer=StreamWebApp%2EWeb&referrerScenario=AddressBarCopied%2Eview%2E836eab13%2D49ee%2D4c47%2D9772%2De348669db139";"Částice v dvourozměrné jámě";"Petr Slavíček";"Teoretická chemie";3;"částice,dvourozměrná jáma,energetické hladiny,vlnová funkce,uzlová rovina,nodálna rovina";"přednáška";"N403007";;"https://web.microsoftstream.com/video/8dfc8c9e-a31f-4005-9f1b-4fda6ce9223b";
"https://vscht-my.sharepoint.com/personal/suchanj_vscht_cz/_layouts/15/stream.aspx?UniqueId=c3fda5fa%2D4b6c%2D5cb3%2Da6b8%2D331927c26c95&Translate=false&referrer=StreamWebApp%2EWeb&referrerScenario=AddressBarCopied%2Eview%2E8ce06b9b%2Db087%2D4a25%2Db6de%2D664ab1da742f";"Částice v konečné jámě";"Petr Slavíček";"Teoretická chemie";3;"částice,konečná jáma,vlnová funkce,Schrödingerova rovnice,kvantová mechanika,QM";"přednáška";"N403007";;"https://web.microsoftstream.com/video/4cbc7537-adaf-46c6-ba05-7cf5233e2b47";
"https://vscht-my.sharepoint.com/personal/suchanj_vscht_cz/_layouts/15/stream.aspx?UniqueId=1d252db7%2Dace8%2D5ded%2Dfa0a%2D8f46ea1086c4&Translate=false&referrer=StreamWebApp%2EWeb&referrerScenario=AddressBarCopied%2Eview%2E1e6ae1d1%2Daa7e%2D4dfa%2Dbfdb%2D47639cb4dcfc";"Tunelování";"Petr Slavíček";"Teoretická chemie";3;"tunelování,vlnová funkce,bariéra,skenovací tunelovací mikroskopie,STM,vodivý povrch,Schrödingerova rovnice";"přednáška";"N403007";;"https://web.microsoftstream.com/video/6fac8948-8117-4e4c-a738-d006a8fc5a49";
"https://vscht.sharepoint.com/sites/VSCHTVidea/_layouts/15/stream.aspx?UniqueId=310f82b2%2Dd8ab%2D570a%2Df6db%2D4bc26df1ff25&Translate=false&referrer=StreamWebApp%2EWeb&referrerScenario=AddressBarCopied%2Eview%2E65b23ff4%2D6d16%2D4c78%2D9f6b%2D9b8ae6c40af5";"Komutátor";"Petr Slavíček";"Teoretická chemie";4;"komutátor,operátor";"přednáška";"N403007";;"https://web.microsoftstream.com/video/5bf3f051-365c-47f7-a956-5ec0242b0be1";
"https://vscht.sharepoint.com/sites/VSCHTVidea/_layouts/15/stream.aspx?UniqueId=828eb0ba%2Da36d%2D523c%2Ddf0a%2Dccb35e30b659&Translate=false&referrer=StreamWebApp%2EWeb&referrerScenario=AddressBarCopied%2Eview%2E01c6b34c%2Da53f%2D4516%2Dbf16%2D134dabfd19cf";"Kvantování momentu hybnosti";"Petr Slavíček";"Teoretická chemie";4;"moment hybnosti,kvantování,lambda,rotace,rotační pohyb,kvantová čísla";"přednáška";"N403007";;"https://web.microsoftstream.com/video/72cf3462-3887-4d17-80cd-465419f51236";
"https://vscht.sharepoint.com/sites/VSCHTVidea/_layouts/15/stream.aspx?UniqueId=126ee0f9%2Df511%2D5bbc%2Dbffd%2D3e427906fb4c&Translate=false&referrer=StreamWebApp%2EWeb&referrerScenario=AddressBarCopied%2Eview%2E73567d58%2D6bdd%2D4d50%2Dac7a%2D6895b44d6771";"Elektronový spin";"Petr Slavíček";"Teoretická chemie";4;"elektronový spin,moment hybnosti,magnetické pole,kvantová čísla,Stern–Gerlach,spin,poločíselný spin,celočíselný spin,bosony";"přednáška";"N403007";;"https://web.microsoftstream.com/video/4986fc6e-61cb-4623-9713-81372739fc78";
"https://vscht.sharepoint.com/sites/VSCHTVidea/_layouts/15/stream.aspx?UniqueId=05b13489%2D58e5%2D5d6e%2D1f2f%2D87c896f90067&Translate=false&referrer=StreamWebApp%2EWeb&referrerScenario=AddressBarCopied%2Eview%2Ebafbdb92%2Ddcbd%2D482c%2Dba6c%2Da2c6744f0bc1";"Dodatek I: Tunelování (verze 2020)";"Petr Slavíček";"Teoretická chemie";4;"tunelování,vlnová funkce,bariéra,skenovací tunelovací mikroskopie,STM,vodivý povrch,Schrödingerova rovnice";"přednáška";"N403007";;"https://web.microsoftstream.com/video/45336206-976b-46bc-a6ea-9881c1a9565c";
"https://vscht.sharepoint.com/sites/VSCHTVidea/_layouts/15/stream.aspx?UniqueId=086d8c04%2D5fed%2D56a9%2D3731%2D3c0407ff60f9&Translate=false&referrer=StreamWebApp%2EWeb&referrerScenario=AddressBarCopied%2Eview%2E03b72543%2Df2a6%2D46dc%2D8f15%2Df191c7b8fa2b";"Dodatek II: Částice ve 2D jámě (verze 2020)";"Petr Slavíček";"Teoretická chemie";4;"2D jáma,částice,Schrödingerova rovnice,vlnová funkce,degenerace";"přednáška";"N403007";;"https://web.microsoftstream.com/video/33ed3005-c725-4a66-ac19-6f0cf4979ed8";
"https://vscht.sharepoint.com/sites/VSCHTVidea/_layouts/15/stream.aspx?UniqueId=48db158f%2Dad7e%2D5f5b%2D48ab%2D597262f1a75d&Translate=false&referrer=StreamWebApp%2EWeb&referrerScenario=AddressBarCopied%2Eview%2E1eefe4b3%2D44b4%2D4720%2Daad4%2D898ff0cfca61";"Atom vodíkového typu";"Petr Slavíček";"Teoretická chemie";5;"atom vodíkového typu,vodík,sférické souřadnice,operátor,moment hybnosti,radiální rovnice,vlnová funkce";"přednáška";"N403007";;"https://web.microsoftstream.com/video/7a38915b-61ba-4a3b-96f1-eb098e621a3d";
"https://vscht.sharepoint.com/sites/VSCHTVidea/_layouts/15/stream.aspx?UniqueId=009ff638%2D66ab%2D553a%2Dc3bc%2D08914fa4dcd0&Translate=false&referrer=StreamWebApp%2EWeb&referrerScenario=AddressBarCopied%2Eview%2Ef8a00b0a%2D5392%2D402f%2D9d63%2D2d9cd689767e";"Variační princip";"Petr Slavíček";"Teoretická chemie";5;"variační princip,funkcionál,operátor,Fermatův princip,lambda";"přednáška";"N403007";;"https://web.microsoftstream.com/video/05cefd30-71a5-465e-ad15-b9733ce36df5";
"https://vscht.sharepoint.com/sites/VSCHTVidea/_layouts/15/stream.aspx?UniqueId=360e901f%2D97aa%2D52e0%2D94f2%2D93f45bc8709c&Translate=false&referrer=StreamWebApp%2EWeb&referrerScenario=AddressBarCopied%2Eview%2E57ea4491%2De00c%2D4d07%2Db5a5%2Da4d1c1b84594";"Atom helia";"Petr Slavíček";"Teoretická chemie";5;"helium,hamiltonián,atomové jednotky,repulze,elektronová vlnová funkce";"přednáška";"N403007";;"https://web.microsoftstream.com/video/0b742f10-ef49-4e31-ab0d-9635059cc7a2";
"https://vscht.sharepoint.com/sites/VSCHTVidea/_layouts/15/stream.aspx?UniqueId=b4cf007b%2D8eb1%2D5052%2D81d0%2Deaf276eded19&Translate=false&referrer=StreamWebApp%2EWeb&referrerScenario=AddressBarCopied%2Eview%2Eb5bfcae2%2D1250%2D4d77%2D88bd%2D1273cdbb59d9";"Vylučovací princip a antisymetrie vlnové funkce";"Petr Slavíček";"Teoretická chemie";6;"Pauliho vylučovací princip,antisymetrie,vlnová funkce,nerozlišitelnost částic,bosony,Pauli";"přednáška";"N403007";;"https://web.microsoftstream.com/video/bee45161-99d0-4a50-a041-038c159a0eb8";
"https://vscht.sharepoint.com/sites/VSCHTVidea/_layouts/15/stream.aspx?UniqueId=ca297b95%2D489f%2D5534%2D7c46%2Da67261b09eda&Translate=false&referrer=StreamWebApp%2EWeb&referrerScenario=AddressBarCopied%2Eview%2E2f8a7872%2D1d59%2D4039%2Daa02%2D262852550a5c";"Hartreeho–Fockova metoda";"Petr Slavíček";"Teoretická chemie";6;"Hartree–Fock,Hartreeho rovnice,Slaterův determinant,vlnová funkce,Fockova rovnice,variační princip,SCF";"přednáška";"N403007";;"https://web.microsoftstream.com/video/fb4d10ef-eeb6-44e2-b5ec-00425d466800";
"https://vscht.sharepoint.com/sites/VSCHTVidea/_layouts/15/stream.aspx?UniqueId=0d9e5d6d%2D295a%2D5383%2D48d0%2Dcc36dc7a412d&Translate=false&referrer=StreamWebApp%2EWeb&referrerScenario=AddressBarCopied%2Eview%2Ea3791a61%2Dc244%2D47bd%2D8b4f%2De2f94ea8c698";"Periodická tabulka";"Petr Slavíček";"Teoretická chemie";6;"periodická tabulka,periodicita,výstavbový princip,Madelungovo pravidlo,Pauliho vylučovací princip,Hundovo pravidlo,singletní stav,protonové číslo";"přednáška";"N403007";;"https://web.microsoftstream.com/video/34a2b8ef-a997-47a9-b110-ff680839f538";
"https://vscht.sharepoint.com/sites/VSCHTVidea/_layouts/15/stream.aspx?UniqueId=5e86741e%2Dbece%2D5031%2D434a%2D9ea07cc04c5d&Translate=false&referrer=StreamWebApp%2EWeb&referrerScenario=AddressBarCopied%2Eview%2Eba5ded2a%2Dabbf%2D4c1f%2D97f2%2Df2071975f78a";"Atomové termy";"Petr Slavíček";"Teoretická chemie";6;"moment hybnosti,atomové termy,kvantová čísla,Hundova pravidla";"přednáška";"N403007";;"https://web.microsoftstream.com/video/0d5aafa1-ac91-4c4e-942a-29e0b5d0e103";
"https://vscht.sharepoint.com/sites/VSCHTVidea/_layouts/15/stream.aspx?UniqueId=ea307fef%2Dae3b%2D50d6%2D9aa3%2D5c6a08a29d54&Translate=false&referrer=StreamWebApp%2EWeb&referrerScenario=AddressBarCopied%2Eview%2E3f420308%2D8f78%2D41fb%2D8307%2D6aa3b71af058";"Bornova–Oppenheimerova aproximace a hyperplocha potenciální energie";"Petr Slavíček";"Teoretická chemie";7;"Bornova–Oppenheimova aproximace,hyperplocha potenciální energie,Schrödingerova rovnice,mezijaderné souřadnice,závislost energie";"přednáška";"N403007";;"https://web.microsoftstream.com/video/5d187b23-ae91-469f-a801-7a3639b87ac9";
"https://vscht.sharepoint.com/sites/VSCHTVidea/_layouts/15/stream.aspx?UniqueId=323506af%2D1798%2D561e%2D633a%2D80c70fff63b4&Translate=false&referrer=StreamWebApp%2EWeb&referrerScenario=AddressBarCopied%2Eview%2E5305e718%2D98e7%2D4eb5%2Da14c%2D95e19bb47fad";"Ion molekuly vodíku a MO-LCAO";"Petr Slavíček";"Teoretická chemie";7;"vodík,MO-LCAO,ion vodíku,molekulový orbital,atomový orbital,lineární kombinace";"přednáška";"N403007";;"https://web.microsoftstream.com/video/c91fba37-2262-4baa-9d33-cf4c1c4a6239";
"https://vscht.sharepoint.com/sites/VSCHTVidea/_layouts/15/stream.aspx?UniqueId=d689fbcc%2D87f0%2D57b6%2Df56e%2D929cf9ceb759&Translate=false&referrer=StreamWebApp%2EWeb&referrerScenario=AddressBarCopied%2Eview%2E0a3545bc%2Debb0%2D436f%2D9088%2D9a05bbe4a993";"Molekula vodíku: Metoda MO a metoda valenční vazby";"Petr Slavíček";"Teoretická chemie";7;"vodík,molekulový orbital,valenční vazby,Slaterův detemrinant,celková vlnová funkce,vlnová funkce,elektrony";"přednáška";"N403007";;"https://web.microsoftstream.com/video/a453c657-de33-4707-ba59-32404a00fd18";
"https://vscht-my.sharepoint.com/personal/suchanj_vscht_cz/_layouts/15/stream.aspx?UniqueId=dbd72127%2D8af3%2D5643%2De57a%2Daf44b0a6172c&Translate=false&referrer=StreamWebApp%2EWeb&referrerScenario=AddressBarCopied%2Eview%2Ecfcc7362%2Deea7%2D40c1%2Db391%2D63b480b23616";"Jak funguje MO: Sekulární rovnice";"Petr Slavíček";"Teoretická chemie";7;"sekulární rovnice,molekulový orbital,MO-LCAO,lineární kombinace,atomový orbital,variační princip,rozvojový koeficient";"přednáška";"N403007";;"https://web.microsoftstream.com/video/dceae674-b3b2-4b8b-bb39-9303b56718fe";
"https://vscht.sharepoint.com/sites/VSCHTVidea/_layouts/15/stream.aspx?UniqueId=06c60236%2D76ca%2D551c%2Dc717%2D11dff5de25d2&Translate=false&referrer=StreamWebApp%2EWeb&referrerScenario=AddressBarCopied%2Eview%2Eb0b8dbae%2Dba50%2D4a74%2Dba6f%2D8625733ba21a";"Kvalitativní teorie MO";"Petr Slavíček";"Teoretická chemie";8;"molekulový orbital,kvalitativní teorie,klasifikace molekulových orbitalu,řád vazby,vlnová funkce";"přednáška";"N403007";;"https://web.microsoftstream.com/video/3a8763ac-fea8-4ecf-8596-0c2a02494c2f";
"https://vscht.sharepoint.com/sites/VSCHTVidea/_layouts/15/stream.aspx?UniqueId=2322c627%2D5346%2D5118%2D8fbe%2D0c793164bfab&Translate=false&referrer=StreamWebApp%2EWeb&referrerScenario=AddressBarCopied%2Eview%2E0c0d19ce%2D714a%2D4578%2Da5cf%2D23eeafa5b5bb";"Hybridizace";"Petr Slavíček";"Teoretická chemie";8;"hybridizace,molekulový orbital,polyatomová molekula,excitace,Slaterův determinant";"přednáška";"N403007";;"https://web.microsoftstream.com/video/98890c43-16c6-4b76-bd36-a2a0a3fc3c19";
"https://vscht.sharepoint.com/sites/VSCHTVidea/_layouts/15/stream.aspx?UniqueId=515cb337%2D1f9b%2D5a32%2D7bea%2D78dd3f08f26b&Translate=false&referrer=StreamWebApp%2EWeb&referrerScenario=AddressBarCopied%2Eview%2Eb86cf485%2Dcbd7%2D4e80%2Da43e%2D68ba80d47cfa";"Hückelova metoda";"Petr Slavíček";"Teoretická chemie";8;"Hückelova metoda,molekulový orbital,delokalizační energie,sekulární rovnice";"přednáška";"N403007";;"https://web.microsoftstream.com/video/87241ff9-2c46-406a-b5dd-f9a8eb4d89f3";
"https://vscht.sharepoint.com/sites/VSCHTVidea/_layouts/15/stream.aspx?UniqueId=f7cbffd0%2D801c%2D5594%2Df6ec%2D612f5f36ee32&Translate=false&referrer=StreamWebApp%2EWeb&referrerScenario=AddressBarCopied%2Eview%2E288ffba2%2Df439%2D411c%2D8469%2Df90e3a61094e";"Spektroskopie, Einsteinovy koeficienty";"Petr Slavíček";"Teoretická chemie";9;"spektroskopie,Einsteinovy koeficienty,spontánní emise,stimulovaná emise,absorpce";"přednáška";"N403007";;"https://web.microsoftstream.com/video/8b73b28f-ad71-437f-bd9d-8b3e07119163";
"https://vscht.sharepoint.com/sites/VSCHTVidea/_layouts/15/stream.aspx?UniqueId=ca5a1f40%2Ddd90%2D5525%2D109b%2Da5b5612bc9ee&Translate=false&referrer=StreamWebApp%2EWeb&referrerScenario=AddressBarCopied%2Eview%2E5d5fee93%2D6027%2D4883%2D9df3%2D02354893fe3c";"Spektroskopie, Lambertův–Beerův zákon, tranzitní dipólový moment";"Petr Slavíček";"Teoretická chemie";9;"spektroskopie,Lambertův–Beerův zákon,tranzitní dipólový moment,emise,absorpce,molární absorpční koeficient,Schrödingerova rovnice,intenzita absorpce";"přednáška";"N403007";;"https://web.microsoftstream.com/video/dabf8830-8d0a-45bf-9e93-1adee1393b39";
"https://vscht.sharepoint.com/sites/VSCHTVidea/_layouts/15/stream.aspx?UniqueId=16394c49%2Dfb31%2D5813%2D7516%2Dd0943d474985&Translate=false&referrer=StreamWebApp%2EWeb&referrerScenario=AddressBarCopied%2Eview%2Ed1e8959b%2D4e5b%2D472a%2D8aca%2Da5d3c302d6c8";"Vibrační spektroskopie";"Petr Slavíček";"Teoretická chemie";9;"vibrační spektroskopie,energetická hladina,vlnová funkce,absorpce,Schrödingerova rovnice";"přednáška";"N403007";;"https://web.microsoftstream.com/video/9f95b17c-ae08-4408-b0ff-81fc42722a4a";
"https://vscht.sharepoint.com/sites/403-O365-videastavufyziklnchemie/_layouts/15/stream.aspx?UniqueId=25bd3a5a%2D781d%2D585f%2D06d0%2D90c77e0940c4&Translate=false&referrer=StreamWebApp%2EWeb&referrerScenario=AddressBarCopied%2Eview%2E4365fad2%2Dbb2b%2D4c6b%2D9284%2D9258a9627b91";"Fázový prostor, stavy a mikrostavy";"Jan Heyda";"Teoretická chemie";10;"motivace,fázový prostor,soubory,mikrostav";"přednáška";"N403007";;"https://web.microsoftstream.com/video/1a8936eb-1f68-4796-bfab-a74145d9e2cc";1
"https://vscht.sharepoint.com/sites/403-O365-videastavufyziklnchemie/_layouts/15/stream.aspx?UniqueId=37025488%2Dccf1%2D56ed%2D32bd%2Db59bec769185&Translate=false&referrer=StreamWebApp%2EWeb&referrerScenario=AddressBarCopied%2Eview%2E54c81d05%2Dfb83%2D463f%2D95f1%2Dddc3ea86f4ca";"Postuláty statistické termodynamiky";"Jan Heyda";"Teoretická chemie";10;"souborový průměr,časový průměr,postuláty statistické termodynamiky,statistická termodynamika";"přednáška";"N403007";;"https://web.microsoftstream.com/video/26411117-2c84-4a48-a3f1-28680fdf3823";1
"https://vscht.sharepoint.com/sites/403-O365-videastavufyziklnchemie/_layouts/15/stream.aspx?UniqueId=9565dffb%2D28d4%2D5d36%2D6b7e%2D5635419b9dea&Translate=false&referrer=StreamWebApp%2EWeb&referrerScenario=AddressBarCopied%2Eview%2Eeb063aeb%2De336%2D4cff%2Db97a%2D7b7b81c79a9a";"Mikrokanonický soubor";"Jan Heyda";"Teoretická chemie";10;"mikrokanonický soubor,pravděpodobnost,entropie";"přednáška";"N403007";;"https://web.microsoftstream.com/video/193298cd-b1e5-4853-b645-c4eb2115b1de";1
"https://vscht.sharepoint.com/sites/403-O365-videastavufyziklnchemie/_layouts/15/stream.aspx?UniqueId=3b7f7518%2D5d68%2D5f5e%2Ddac7%2De512970b7b3f&Translate=false&referrer=StreamWebApp%2EWeb&referrerScenario=AddressBarCopied%2Eview%2E2e41dfd3%2D56b4%2D4985%2D9a86%2D12eef190a516";"Kanonický soubor";"Jan Heyda";"Teoretická chemie";10;"kanonický soubor,boltzmanovský faktor,kanonická partiční funkce";"přednáška";"N403007";;"https://web.microsoftstream.com/video/acd606a1-4872-41ed-b9e0-18de5d991351";1
"https://vscht.sharepoint.com/sites/403-O365-videastavufyziklnchemie/_layouts/15/stream.aspx?UniqueId=921fc240%2Df3c9%2D5f64%2D0724%2D1e8f99eb0b9e&Translate=false&referrer=StreamWebApp%2EWeb&referrerScenario=AddressBarCopied%2Eview%2E4e9d952b%2D1bdc%2D4558%2Db375%2Dcffb834db618";"Výpočet termodynamických veličin z partiční funkce (1. část)";"Jan Heyda";"Teoretická chemie";11;"partiční funkce,1. termodynamický zákon,2. termodynamický zákon,3. termodynamický zákon,Helmholtzova energie,A";"přednáška";"N403007";;"https://web.microsoftstream.com/video/326b028d-fcf6-4e18-a60e-62fc8ea8bf6d";1
"https://vscht.sharepoint.com/sites/403-O365-videastavufyziklnchemie/_layouts/15/stream.aspx?UniqueId=b915b9b7%2D7096%2D536c%2D53ae%2De7f41e2f71fc&Translate=false&referrer=StreamWebApp%2EWeb&referrerScenario=AddressBarCopied%2Eview%2Ec6678a3d%2Df0b3%2D49a2%2D9465%2D1d18c9f145f4";"Výpočet termodynamických veličin z partiční funkce (2. část)";"Jan Heyda";"Teoretická chemie";11;"partiční funkce,termodynamické veličiny,1. termodynamický zákon,2. termodynamický zákon,3. termodynamický zákon";"přednáška";"N403007";;"https://web.microsoftstream.com/video/09c55e5e-8d11-4b2b-91e0-a67f2758b7b1";1
"https://vscht.sharepoint.com/sites/403-O365-videastavufyziklnchemie/_layouts/15/stream.aspx?UniqueId=8686f6c7%2Dd914%2D5d2d%2Da00b%2Dae5b9fc2e061&Translate=false&referrer=StreamWebApp%2EWeb&referrerScenario=AddressBarCopied%2Eview%2E8b7be9a2%2D77cb%2D4583%2D9299%2Da69a02261da0";"Fluktuace v kanonickém souboru";"Jan Heyda";"Teoretická chemie";11;"kanonický soubor,fluktuace,tepelná kapacita,relativní chyba,absolutní chyba,velikost souboru";"přednáška";"N403007";;"https://web.microsoftstream.com/video/e5e6f0c9-4e58-4f9d-b56c-34167beba1ef";1
"https://vscht.sharepoint.com/sites/403-O365-videastavufyziklnchemie/_layouts/15/stream.aspx?UniqueId=13c4ddbe%2D9531%2D5520%2Da872%2Db18338983e61&Translate=false&referrer=StreamWebApp%2EWeb&referrerScenario=AddressBarCopied%2Eview%2Ecd498543%2Db598%2D4a20%2D9475%2Db595c1ef46bc";"Ideální plyn, jednočásticová partiční funkce";"Jan Heyda";"Teoretická chemie";11;"ideální plyn,jednočásticová partiční funkce,nerozlišitelnost částic";"přednáška";"N403007";;"https://web.microsoftstream.com/video/65429c81-691b-438a-95de-c481e65c3609";1
"https://vscht.sharepoint.com/sites/403-O365-videastavufyziklnchemie/_layouts/15/stream.aspx?UniqueId=c77b53bb%2Dd655%2D5822%2Dc13c%2Da3039d748420&Translate=false&referrer=StreamWebApp%2EWeb&referrerScenario=AddressBarCopied%2Eview%2Efe13d1a4%2D1e20%2D4973%2Db3e0%2Deab9c3c82368";"Translační partiční funkce";"Jan Heyda";"Teoretická chemie";12;"translační partiční funkce,termodynamické vlastnosti";"přednáška";"N403007";;"https://web.microsoftstream.com/video/502a6f9e-5fbb-4eeb-bc22-affe85b928d3";1
"https://vscht.sharepoint.com/sites/403-O365-videastavufyziklnchemie/_layouts/15/stream.aspx?UniqueId=cd33218e%2Dec89%2D5f9a%2D1126%2Dbffbe2d203e2&Translate=false&referrer=StreamWebApp%2EWeb&referrerScenario=AddressBarCopied%2Eview%2Efd8fc880%2D50e9%2D4ec3%2Dab60%2D927125a85a16";"Rotační partiční funkce";"Jan Heyda";"Teoretická chemie";12;"rotační partiční funkce,termodynamické vlastnosti";"přednáška";"N403007";;"https://web.microsoftstream.com/video/fd2e62c4-37d5-4cd2-a2bd-0337a63c94c5";1
"https://vscht.sharepoint.com/sites/403-O365-videastavufyziklnchemie/_layouts/15/stream.aspx?UniqueId=3b52650d%2D30d5%2D5a7a%2Dd439%2D177f0f391b53&Translate=false&referrer=StreamWebApp%2EWeb&referrerScenario=AddressBarCopied%2Eview%2Efc829bf7%2D5bc4%2D46d4%2Da171%2Df1464a0f350a";"Vibrační partiční funkce";"Jan Heyda";"Teoretická chemie";12;"vibrační partiční funkce,termodynamické vlastnosti";"přednáška";"N403007";;"https://web.microsoftstream.com/video/789b7e1b-c25e-4253-a310-dd4c9e7e514e";1
"https://vscht.sharepoint.com/sites/403-O365-videastavufyziklnchemie/_layouts/15/stream.aspx?UniqueId=5410eb16%2Dbb79%2D5ebb%2D0fb5%2D476f5c58d02c&Translate=false&referrer=StreamWebApp%2EWeb&referrerScenario=AddressBarCopied%2Eview%2Ed20e9ac1%2Dede3%2D458a%2D83d0%2Da507a87d87cf";"Chemická rovnováha v plynné fázi";"Jan Heyda";"Teoretická chemie";13;"chemický potenciál,volba energetické nuly,směs látek,energetická nula,podmínka chemické rovnováhy,rovnovážná konstanta z partičních funkcí,partiční funkce";"přednáška";"N403007";;"https://web.microsoftstream.com/video/61f22647-e29b-450f-a4e7-d6e3fb2aa39e";1
"https://vscht.sharepoint.com/sites/403-O365-videastavufyziklnchemie/_layouts/15/stream.aspx?UniqueId=5228037d%2D68e2%2D5444%2Da00d%2D9f7f1db872ff&Translate=false&referrer=StreamWebApp%2EWeb&referrerScenario=AddressBarCopied%2Eview%2E21a96313%2Dc45b%2D40a6%2D9881%2D2df1ef9a37f8";"Chemická rovnováha: H2 + Cl2 <-> 2HCl";"Jan Heyda";"Teoretická chemie";13;"příklad,H2 + Cl2 <-> 2HCl,rotační teplota,vibrační teplota";"přednáška";"N403007";;"https://web.microsoftstream.com/video/8efd500d-9ba3-4d5e-838e-57ae3c53934e";1
"https://vscht.sharepoint.com/sites/403-O365-videastavufyziklnchemie/_layouts/15/stream.aspx?UniqueId=18eef902%2D846c%2D5882%2Dda07%2D52afc824a437&Translate=false&referrer=StreamWebApp%2EWeb&referrerScenario=AddressBarCopied%2Eview%2E103a9384%2Ddde1%2D42a1%2D9815%2D22005ebf1e9e";"Vztahy mezi statistickými soubory";"Jan Heyda";"Teoretická chemie";14;"vztahy mezi statistickými soubory,mikrokanonický soubor, kanonický soubor,izobaricko-izotermický soubor,grandkanonický soubor,ekvivalence,statistický soubor";"přednáška";"N403007";;"https://web.microsoftstream.com/video/87595916-2968-4049-bd27-a87ae48a8f1b";1
"https://vscht.sharepoint.com/sites/403-O365-videastavufyziklnchemie/_layouts/15/stream.aspx?UniqueId=a1215fef%2De36d%2D5e11%2D72f5%2Dda07ee34d4e4&Translate=false&referrer=StreamWebApp%2EWeb&referrerScenario=AddressBarCopied%2Eview%2E2100d299%2Df79f%2D4a16%2Da3d9%2D99e3d345546f";"Úvod";"Alexandr Malijevský";"Statistická termodynamika, molekulové modelování a simulace";1;"statistická mechanika,statistická termodynamika";"přednáška";"M403002";;"https://web.microsoftstream.com/video/79fe81f8-373f-451a-b1e7-56399c3f59b5";1
"https://vscht.sharepoint.com/sites/403-O365-videastavufyziklnchemie/_layouts/15/stream.aspx?UniqueId=f85d8816%2Dd8de%2D5bf1%2Db2e8%2Dc7ceeaf0d394&Translate=false&referrer=StreamWebApp%2EWeb&referrerScenario=AddressBarCopied%2Eview%2E2776fdbb%2Daabe%2D4afa%2D8ce0%2D14259b8a3c0d";"Stirlingova aproximace";"Alexandr Malijevský";"Statistická termodynamika, molekulové modelování a simulace";1;"Stirlingova aproximace,metoda sedlového bodu,statistická mechanika,teorie pravdepodobnosti,statistika";"přednáška";"M403002";;"https://web.microsoftstream.com/video/12477e87-0710-409d-8486-5a4e2551390c";1
"https://vscht.sharepoint.com/sites/403-O365-videastavufyziklnchemie/_layouts/15/stream.aspx?UniqueId=70d4f99a%2D3b01%2D59ce%2D954b%2Da6175e2926de&Translate=false&referrer=StreamWebApp%2EWeb&referrerScenario=AddressBarCopied%2Eview%2E85c02515%2D6020%2D4c22%2Db356%2D62889753f613";"Matematická statistika";"Alexandr Malijevský";"Statistická termodynamika, molekulové modelování a simulace";2;"matematická statistika,náhodné veličiny,fluktuujíci veličiny,diskrétní náhodné veličiny,pravděpodobnostní funkce,střední hodnota,střední kvadratická hodnota,rozptyl,směrodatná odchylka,relativní odchylka,termodynamická limita,spojité rozdělení,binomické rozdělení";"přednáška";"M403002";;"https://web.microsoftstream.com/video/e9a9298c-81ef-4564-98d8-afaaea32c904";1
"https://vscht.sharepoint.com/sites/403-O365-videastavufyziklnchemie/_layouts/15/stream.aspx?UniqueId=49e089c9%2D0d60%2D5b1a%2D65a5%2D8b827b6bbbe5&Translate=false&referrer=StreamWebApp%2EWeb&referrerScenario=AddressBarCopied%2Eview%2E67bfdc89%2D2e99%2D4d15%2Db6bc%2D1f806010770f";"Matematická statistika – příklady";"Alexandr Malijevský";"Statistická termodynamika, molekulové modelování a simulace";2;"matematická statistika,binomické rozdelení,Poissonovo rozdělení,Gaussovo rozdělení";"přednáška";"M403002";;"https://web.microsoftstream.com/video/093db618-9338-4210-a31e-fab83280511d";1
"https://vscht.sharepoint.com/sites/403-O365-videastavufyziklnchemie/_layouts/15/stream.aspx?UniqueId=b48d4662%2D3880%2D5c7b%2D1c4a%2D2edfb0fe4cbb&Translate=false&referrer=StreamWebApp%2EWeb&referrerScenario=AddressBarCopied%2Eview%2E2b2376d2%2D857d%2D4e81%2D8a4e%2Db4679f18dda4";"Mikrokanonický soubor";"Alexandr Malijevský";"Statistická termodynamika, molekulové modelování a simulace";3;"mikrokanonický soubor,mikrostav,fázový prostor,rovnovážný stav,přípustný stav,Boltzmannova konstanta";"přednáška";"M403002";;"https://web.microsoftstream.com/video/a9dfdc65-0ec8-4590-821d-6ee3d60f7d9e";1
"https://vscht.sharepoint.com/sites/403-O365-videastavufyziklnchemie/_layouts/15/stream.aspx?UniqueId=b01c86b6%2D958c%2D53a6%2D6e66%2D93232b76d095&Translate=false&referrer=StreamWebApp%2EWeb&referrerScenario=AddressBarCopied%2Eview%2E3c39384b%2D320f%2D4590%2D842c%2D31f500c6d4ec";"Mikrokanonický soubor – příklad";"Alexandr Malijevský";"Statistická termodynamika, molekulové modelování a simulace";3;"mikrokanonický soubor,energetické hladiny,degenerace,entropie";"přednáška";"M403002";;"https://web.microsoftstream.com/video/3a1e3c31-b5d5-44a1-8476-f9ca4713fd85";1
"https://vscht.sharepoint.com/sites/403-O365-videastavufyziklnchemie/_layouts/15/stream.aspx?UniqueId=69d72963%2D7cd8%2D56e0%2Dd8a2%2Da2b687797583&Translate=false&referrer=StreamWebApp%2EWeb&referrerScenario=AddressBarCopied%2Eview%2E8d167c61%2D4d39%2D4460%2Dbdd5%2De39fce7a6c88";"Kanonický soubor";"Alexandr Malijevský";"Statistická termodynamika, molekulové modelování a simulace";4;"kanonický soubor,Boltzmanův faktor,kanonická partiční funkce,partiční funkce";"přednáška";"M403002";;"https://web.microsoftstream.com/video/b5ce8dea-5738-4b4f-ab1a-26b306ab9325";1
"https://vscht.sharepoint.com/sites/403-O365-videastavufyziklnchemie/_layouts/15/stream.aspx?UniqueId=036c5aa2%2Df63d%2D5073%2D1b4b%2Ddbcf30ae7477&Translate=false&referrer=StreamWebApp%2EWeb&referrerScenario=AddressBarCopied%2Eview%2E33d10208%2Dcf26%2D4013%2D920c%2D8009285c9bd9";"Grandkanonický soubor";"Alexandr Malijevský";"Statistická termodynamika, molekulové modelování a simulace";5;"grandkanonický soubor,kritický bod,partiční funkce";"přednáška";"M403002";;"https://web.microsoftstream.com/video/1fd2a037-6bf0-4743-b793-ddf77fe02512";1
"https://vscht.sharepoint.com/sites/403-O365-videastavufyziklnchemie/_layouts/15/stream.aspx?UniqueId=9f8a9d57%2Daf58%2D5ede%2D8fa7%2D223a54c1cbbe&Translate=false&referrer=StreamWebApp%2EWeb&referrerScenario=AddressBarCopied%2Eview%2E5920e19b%2D854c%2D4782%2Db0d0%2D37eba232780a";"Ekvipartiční teorém";"Alexandr Malijevský";"Statistická termodynamika, molekulové modelování a simulace";5;"ekvipartiční teorém,stupeň volnosti";"přednáška";"M403002";;"https://web.microsoftstream.com/video/1c7cfcb3-f2cc-4f3a-9db4-e0fbd9b6c512";1
"https://vscht.sharepoint.com/sites/403-O365-videastavufyziklnchemie/_layouts/15/stream.aspx?UniqueId=56cf54db%2D7cdb%2D5eed%2D5b43%2D15c07f5f4b57&Translate=false&referrer=StreamWebApp%2EWeb&referrerScenario=AddressBarCopied%2Eview%2Ef8744f91%2D94a8%2D4fa3%2Db9b7%2Dae854e98b74c";"Příklady: Kanonický a grandkanonický soubor";"Alexandr Malijevský";"Statistická termodynamika, molekulové modelování a simulace";6;"kanonický soubor,grandkanonický soubor,energetické hladiny,pravděpodobnost";"přednáška";"M403002";;"https://web.microsoftstream.com/video/c5351d00-3a1a-46ad-be02-7e640505cbc1";1
"https://vscht.sharepoint.com/sites/403-O365-videastavufyziklnchemie/_layouts/15/stream.aspx?UniqueId=b1a18a5d%2D56c4%2D57b6%2Daab3%2D933229b8c1c2&Translate=false&referrer=StreamWebApp%2EWeb&referrerScenario=AddressBarCopied%2Eview%2Ef7aacb32%2Dd5c2%2D49f7%2D945a%2Daff3a54116cb";"Směšovací entropie";"Alexandr Malijevský";"Statistická termodynamika, molekulové modelování a simulace";7;"směšovací entropie,faktoriál,S";"přednáška";"M403002";;"https://web.microsoftstream.com/video/4c3a0a2b-9341-4f52-9971-0ed7c585f1e0";1
"https://vscht.sharepoint.com/sites/403-O365-videastavufyziklnchemie/_layouts/15/stream.aspx?UniqueId=58d3b617%2D7cab%2D50dc%2D37b8%2D0175777a2076&Translate=false&referrer=StreamWebApp%2EWeb&referrerScenario=AddressBarCopied%2Eview%2E43dc74e4%2D2663%2D49e5%2D8e1b%2Dfa697bce6b4a";"Maxwellovo-Boltzmannovo rozdělení rychlosti";"Alexandr Malijevský";"Statistická termodynamika, molekulové modelování a simulace";7;"Maxwellovo–Boltzmannovo rozdělení,rychlost,rozdělení rychlosti,normalizační faktor,pravděpodobnost";"přednáška";"M403002";;"https://web.microsoftstream.com/video/3c11b6e4-0612-4aff-a4d4-9139b5de5f6b";1
"https://vscht.sharepoint.com/sites/403-O365-videastavufyziklnchemie/_layouts/15/stream.aspx?UniqueId=8ceaa872%2D4c2a%2D5d0c%2D00a1%2Da67113303a00&Translate=false&referrer=StreamWebApp%2EWeb&referrerScenario=AddressBarCopied%2Eview%2E88c88f9e%2D685a%2D474e%2D8bb2%2D47e62a6142db";"Vnitřní stupně volnosti molekul";"Alexandr Malijevský";"Statistická termodynamika, molekulové modelování a simulace";7;"stupeň volnosti, vnitřní stupeň volnosti,rotace";"přednáška";"M403002";;"https://web.microsoftstream.com/video/e917f6d8-dc99-4387-956d-4392046a2a16";1
"https://vscht.sharepoint.com/sites/403-O365-videastavufyziklnchemie/_layouts/15/stream.aspx?UniqueId=4e835ea4%2D70fe%2D5b41%2Df75a%2Dc0ec23466e3b&Translate=false&referrer=StreamWebApp%2EWeb&referrerScenario=AddressBarCopied%2Eview%2Ea1be2e16%2D7ba2%2D4b5e%2D89de%2D62e7f2183391";"Interagující systémy";"Alexandr Malijevský";"Statistická termodynamika, molekulové modelování a simulace";8;"interagující systém,interakce,neideální plyn,Lennard-Jonesův potenciál,radiální distribuční funkce";"přednáška";"M403002";;"https://web.microsoftstream.com/video/b6b232a9-73e5-4dbb-9e89-659442d4aa5a";1
"https://vscht.sharepoint.com/sites/403-O365-videastavufyziklnchemie/_layouts/15/stream.aspx?UniqueId=8564ac47%2Dff2d%2D561f%2Dcd14%2D4e2d77168cea&Translate=false&referrer=StreamWebApp%2EWeb&referrerScenario=AddressBarCopied%2Eview%2Eec1dd7c7%2Da220%2D4893%2Da3f8%2D19e721a538aa";"Populární úvod";"Jiří Kolafa";"Statistická termodynamika, molekulové modelování a simulace";9;"molekulová dynamika,Monte Carlo,obchodní cestující,simulované žíhání";"přednáška";"M403002";"http://old.vscht.cz/fch/cz/pomucky/kolafa/N403027.html http://old.vscht.cz/fch/cz/pomucky/kolafa/simul00.pdf";"https://web.microsoftstream.com/video/2492fd56-d762-45b0-a4a2-10d2cb7233b9";1
"https://vscht.sharepoint.com/sites/403-O365-videastavufyziklnchemie/_layouts/15/stream.aspx?UniqueId=dcf596be%2Dcd38%2D5f17%2Dcda2%2D1e0e95d23842&Translate=false&referrer=StreamWebApp%2EWeb&referrerScenario=AddressBarCopied%2Eview%2E605f1b64%2Da036%2D43ac%2Da186%2D3de2b0d38408";"Statistická termodynamika";"Jiří Kolafa";"Statistická termodynamika, molekulové modelování a simulace";9;"stavová rovnice ideálního plynu,ekvipartiční teorém,ekvipartiční princip,ergodická hypotéza,kanonický soubor,Boltzmannova pravděpodobnost,barometrická rovnice,partiční funkce,de Broglieova tepelná vlnová délka,ideální plyn,izotermicko-izobarický soubor,grandkanonický soubor";"přednáška";"M403002";"http://old.vscht.cz/fch/cz/pomucky/kolafa/N403027.html http://old.vscht.cz/fch/cz/pomucky/kolafa/simul01.pdf";"https://web.microsoftstream.com/video/7b4b97d6-9801-46f0-aabc-f04bdad6c910";1
"https://vscht.sharepoint.com/sites/403-O365-videastavufyziklnchemie/_layouts/15/stream.aspx?UniqueId=43e070ab%2Dc8ae%2D591d%2D4410%2D0b1c55f775a0&Translate=false&referrer=StreamWebApp%2EWeb&referrerScenario=AddressBarCopied%2Eview%2E84a2b5f6%2D13f4%2D4ea7%2D99b0%2D8811e3449076";"Silové pole";"Jiří Kolafa";"Statistická termodynamika, molekulové modelování a simulace";9;"síly mezi molekulami,silové pole,force field,vazebné síly,nevazebné síly";"přednáška";"M403002";"http://old.vscht.cz/fch/cz/pomucky/kolafa/N403027.html http://old.vscht.cz/fch/cz/pomucky/kolafa/simul02.pdf";"https://web.microsoftstream.com/video/af37e6fa-2408-4f77-bf0b-04249753b8c4";1
"https://vscht.sharepoint.com/sites/403-O365-videastavufyziklnchemie/_layouts/15/stream.aspx?UniqueId=0257a943%2Dde61%2D5f9f%2D9215%2D23dc86a77c7b&Translate=false&referrer=StreamWebApp%2EWeb&referrerScenario=AddressBarCopied%2Eview%2E8952ee53%2D1604%2D4516%2Dbb65%2D64dd7c67fc85";"Mřížkové modely";"Jiří Kolafa";"Statistická termodynamika, molekulové modelování a simulace";9;"Isingův model,XY model,náhodná procházka,polymer";"přednáška";"M403002";"http://old.vscht.cz/fch/cz/pomucky/kolafa/N403027.html http://old.vscht.cz/fch/cz/pomucky/kolafa/simul02.pdf";"https://web.microsoftstream.com/video/3657b316-ad09-421a-9003-3a613e0136e7";1
"https://vscht.sharepoint.com/sites/403-O365-videastavufyziklnchemie/_layouts/15/stream.aspx?UniqueId=bbb3b901%2D606d%2D5ac4%2D0f83%2Df5d1bb77346f&Translate=false&referrer=StreamWebApp%2EWeb&referrerScenario=AddressBarCopied%2Eview%2E403ea412%2D2916%2D4628%2Db675%2D6a1b83d50a51";"Molekulová dynamika I";"Jiří Kolafa";"Statistická termodynamika, molekulové modelování a simulace";10;"Verletova metoda,leap-frog,teoretická mechanika light,teorém Noetherové";"přednáška";"M403002";"http://old.vscht.cz/fch/cz/pomucky/kolafa/N403027.html http://old.vscht.cz/fch/cz/pomucky/kolafa/simul03.pdf";"https://web.microsoftstream.com/video/b8c8fb40-24cc-4c76-adbe-34dfdb26baa4";1
"https://vscht.sharepoint.com/sites/403-O365-videastavufyziklnchemie/_layouts/15/stream.aspx?UniqueId=b3067a99%2D6e2d%2D5f2f%2D08d2%2Dfeabb6e12ee9&Translate=false&referrer=StreamWebApp%2EWeb&referrerScenario=AddressBarCopied%2Eview%2E07bb8336%2D7dc4%2D4801%2D8800%2D0e2757f3f9ee";"Molekulová dynamika II";"Jiří Kolafa";"Statistická termodynamika, molekulové modelování a simulace";10;"Liouvilleův teorém,zachování energie,časová reverzibilita,symplekticita";"přednáška";"M403002";"http://old.vscht.cz/fch/cz/pomucky/kolafa/N403027.html http://old.vscht.cz/fch/cz/pomucky/kolafa/simul03.pdf";"https://web.microsoftstream.com/video/d70c9de2-060a-4b1c-9144-cf9b68a9e56b";1
"https://vscht.sharepoint.com/sites/403-O365-videastavufyziklnchemie/_layouts/15/stream.aspx?UniqueId=2a878fa6%2Dfcd6%2D5e33%2Db7c7%2D8d642e762c2b&Translate=false&referrer=StreamWebApp%2EWeb&referrerScenario=AddressBarCopied%2Eview%2E4f9ef8c7%2Db837%2D4f42%2D87c0%2Dddae21fd3fce";"Molekulová dynamika: srovnání metod";"Jiří Kolafa";"Statistická termodynamika, molekulové modelování a simulace";10;"Gearovy metody,teplota,termostaty v MD";"přednáška";"M403002";"http://old.vscht.cz/fch/cz/pomucky/kolafa/N403027.html http://old.vscht.cz/fch/cz/pomucky/kolafa/simul04.pdf";"https://web.microsoftstream.com/video/d6069da2-a647-464f-9d6a-e0f82773f727";1
"https://vscht.sharepoint.com/sites/403-O365-videastavufyziklnchemie/_layouts/15/stream.aspx?UniqueId=1f826fb2%2D44e9%2D550d%2D18cd%2Dc485b1bcab53&Translate=false&referrer=StreamWebApp%2EWeb&referrerScenario=AddressBarCopied%2Eview%2E0250ffbd%2De3bc%2D4adf%2Db9ca%2Df615eebabc08";"Monte Carlo integrace, Metropolisova metoda";"Jiří Kolafa";"Statistická termodynamika, molekulové modelování a simulace";10;"Monte Carlo integrace,importance sampling,Metropolisova metoda,Markovův řetězec,detailní rovnováha,mikroreverzibilita,acceptance ratio,zlomek přijatých konfigurací";"přednáška";"M403002";"http://old.vscht.cz/fch/cz/pomucky/kolafa/N403027.html http://old.vscht.cz/fch/cz/pomucky/kolafa/simul05.pdf";"https://web.microsoftstream.com/video/dc85bae9-a764-4614-82bd-f54096dcf755";1
"https://vscht.sharepoint.com/sites/403-O365-videastavufyziklnchemie/_layouts/15/stream.aspx?UniqueId=29ceb978%2Da036%2D5cf3%2D0b20%2D9b99c3b7a720&Translate=false&referrer=StreamWebApp%2EWeb&referrerScenario=AddressBarCopied%2Eview%2Ee182f295%2D37a9%2D4af0%2D8470%2D749c5fc6c843";"Náhodná čísla";"Jiří Kolafa";"Statistická termodynamika, molekulové modelování a simulace";10;"generátor pseudonáhodných čísel,Gaussovo rozdělení";"přednáška";"M403002";"http://old.vscht.cz/fch/cz/pomucky/kolafa/N403027.html http://old.vscht.cz/fch/cz/pomucky/kolafa/simul05.pdf";"https://web.microsoftstream.com/video/675dcc8e-7f85-47ca-9b0b-f0275dd2602c";1
"https://vscht.sharepoint.com/sites/403-O365-videastavufyziklnchemie/_layouts/15/stream.aspx?UniqueId=e4cdb297%2Ddd9c%2D5e7a%2Dea6c%2D0597b74574fe&Translate=false&referrer=StreamWebApp%2EWeb&referrerScenario=AddressBarCopied%2Eview%2Eac042c8f%2D0ed9%2D40ba%2D802f%2Db132db98c223";"Metodika simulace, chyby";"Jiří Kolafa";"Statistická termodynamika, molekulové modelování a simulace";11;"pseudoexperiment,okrajové podmínky,náhodné chyby,časová řada,korelace";"přednáška";"M403002";"http://old.vscht.cz/fch/cz/pomucky/kolafa/N403027.html http://old.vscht.cz/fch/cz/pomucky/kolafa/simul06.pdf";"https://web.microsoftstream.com/video/f93456ae-1ef2-4f61-a940-43d1b82f7f8a";1
"https://vscht.sharepoint.com/sites/403-O365-videastavufyziklnchemie/_layouts/15/stream.aspx?UniqueId=2f5c7f7c%2D84ef%2D5982%2Dd691%2D0e53445b6197&Translate=false&referrer=StreamWebApp%2EWeb&referrerScenario=AddressBarCopied%2Eview%2Ed052456a%2Dbb56%2D470f%2D9056%2D67f54bfda35c";"Mechanické veličiny";"Jiří Kolafa";"Statistická termodynamika, molekulové modelování a simulace";11;"tlak,vnitřní energie,kinetická energie,reziduální veličina";"přednáška";"M403002";"http://old.vscht.cz/fch/cz/pomucky/kolafa/N403027.html http://old.vscht.cz/fch/cz/pomucky/kolafa/simul07.pdf";"https://web.microsoftstream.com/video/2d7ef81a-e08b-4720-b819-2a759bfcf838";1
"https://vscht.sharepoint.com/sites/403-O365-videastavufyziklnchemie/_layouts/15/stream.aspx?UniqueId=b13f4643%2D5655%2D51cd%2D72c2%2D53dea8143097&Translate=false&referrer=StreamWebApp%2EWeb&referrerScenario=AddressBarCopied%2Eview%2E9e78afeb%2D5ade%2D4b46%2D9d08%2D201ded740080";"Entropické veličiny";"Jiří Kolafa";"Statistická termodynamika, molekulové modelování a simulace";11;"termodynamická integrace,neBoltzmannovské vzorkování,metadynamika,Widomova metoda,parallel tempering,Henryho konstanta,integrace střední síly";"přednáška";"M403002";"http://old.vscht.cz/fch/cz/pomucky/kolafa/N403027.html http://old.vscht.cz/fch/cz/pomucky/kolafa/simul07.pdf";"https://web.microsoftstream.com/video/fd941a56-f1e0-49c6-991c-579ceb8e39f1";1
"https://vscht.sharepoint.com/sites/403-O365-videastavufyziklnchemie/_layouts/15/stream.aspx?UniqueId=0def4629%2Df1f9%2D5f48%2Dac97%2D6934c9ae5541&Translate=false&referrer=StreamWebApp%2EWeb&referrerScenario=AddressBarCopied%2Eview%2E39f7e4a9%2D97cc%2D4d53%2Dacff%2D90a186a2cf91";"Radiální distribuční funkce";"Jiří Kolafa";"Statistická termodynamika, molekulové modelování a simulace";11;"radiální distribuční funkce,korelační funkce";"přednáška";"M403002";"http://old.vscht.cz/fch/cz/pomucky/kolafa/N403027.html http://old.vscht.cz/fch/cz/pomucky/kolafa/simul08.pdf";"https://web.microsoftstream.com/video/dd2d86f6-fa60-4479-8ff4-befe50e368c3";1
"https://vscht.sharepoint.com/sites/403-O365-videastavufyziklnchemie/_layouts/15/stream.aspx?UniqueId=67ece255%2De203%2D5fab%2D5bc4%2D1102780d7410&Translate=false&referrer=StreamWebApp%2EWeb&referrerScenario=AddressBarCopied%2Eview%2E0be77a15%2D4d96%2D4242%2Db496%2Daf334df8ab08";"Pokus: difrakce pomocí laserového ukazovátka";"Jiří Kolafa";"Statistická termodynamika, molekulové modelování a simulace";11;"pokus,difrakce,laser,experiment";"přednáška";"M403002";"http://old.vscht.cz/fch/cz/pomucky/kolafa/N403027.html http://old.vscht.cz/fch/cz/pomucky/kolafa/simul08.pdf";"https://web.microsoftstream.com/video/f7aed3ed-352c-4a6a-b00a-eea45dd4c472";1
"https://vscht.sharepoint.com/sites/403-O365-videastavufyziklnchemie/_layouts/15/stream.aspx?UniqueId=9d33d132%2D2fdd%2D5251%2Da13c%2D8c7d0972fba0&Translate=false&referrer=StreamWebApp%2EWeb&referrerScenario=AddressBarCopied%2Eview%2E6067b645%2Dc3ff%2D4160%2Dbfab%2Df958d96c8eb3";"Strukturní faktor";"Jiří Kolafa";"Statistická termodynamika, molekulové modelování a simulace";11;"strukturní faktor";"přednáška";"M403002";"http://old.vscht.cz/fch/cz/pomucky/kolafa/N403027.html http://old.vscht.cz/fch/cz/pomucky/kolafa/simul08.pdf";"https://web.microsoftstream.com/video/b50b565c-ade2-4fba-8d1b-e556ea50e7c7";1
"https://vscht.sharepoint.com/sites/403-O365-videastavufyziklnchemie/_layouts/15/stream.aspx?UniqueId=a7c8e306%2D29c7%2D5275%2Db715%2D385cd6eedc0d&Translate=false&referrer=StreamWebApp%2EWeb&referrerScenario=AddressBarCopied%2Eview%2E592e1c00%2De57d%2D4e27%2Db57e%2D77dc03e9d466";"Dosah potenciálu, cutoff, korekce, Ewaldova sumace";"Jiří Kolafa";"Statistická termodynamika, molekulové modelování a simulace";12;"krátkodosahové síly,dlouhodosahové síly,Ewaldova sumace";"přednáška";"M403002";"http://old.vscht.cz/fch/cz/pomucky/kolafa/N403027.html http://old.vscht.cz/fch/cz/pomucky/kolafa/simul09.pdf";"https://web.microsoftstream.com/video/d7b3847f-ce4c-4730-bfcb-57321e20844c";1
"https://vscht.sharepoint.com/sites/403-O365-videastavufyziklnchemie/_layouts/15/stream.aspx?UniqueId=a60d2c6a%2D2e27%2D5122%2D4990%2Dd2822845980e&Translate=false&referrer=StreamWebApp%2EWeb&referrerScenario=AddressBarCopied%2Eview%2Ee7d36cd4%2D03d6%2D471d%2Da2b8%2D22c2351469c4";"Fluktuace počtu částic, kompresibilita";"Jiří Kolafa";"Statistická termodynamika, molekulové modelování a simulace";12;"kompresibilita,stlačitelnost,fluktuace,finite size effect,kompresibilitní rovnice";"přednáška";"M403002";"http://old.vscht.cz/fch/cz/pomucky/kolafa/N403027.html http://old.vscht.cz/fch/cz/pomucky/kolafa/simul10.pdf";"https://web.microsoftstream.com/video/e29935dc-8bf0-434f-a7b5-a066b5d079d9";1
"https://vscht.sharepoint.com/sites/403-O365-videastavufyziklnchemie/_layouts/15/stream.aspx?UniqueId=36422a52%2Dca0f%2D509d%2D324b%2D64473de13817&Translate=false&referrer=StreamWebApp%2EWeb&referrerScenario=AddressBarCopied%2Eview%2Eb0d3b618%2D648d%2D45a3%2D8a03%2D26fc79a08f2b";"NPT soubor v MD, Nosé–Hoover podruhé";"Jiří Kolafa";"Statistická termodynamika, molekulové modelování a simulace";12;"rozšířený lagrangián,extended Lagrangian,Nosé–Hoover";"přednáška";"M403002";"http://old.vscht.cz/fch/cz/pomucky/kolafa/N403027.html http://old.vscht.cz/fch/cz/pomucky/kolafa/simul11.pdf";"https://web.microsoftstream.com/video/862ba85f-b939-425b-9132-e532e64ae1f9";1
"https://vscht.sharepoint.com/sites/403-O365-videastavufyziklnchemie/_layouts/15/stream.aspx?UniqueId=32228448%2D35d3%2D50dc%2D38d9%2D8d76f4e1cdd5&Translate=false&referrer=StreamWebApp%2EWeb&referrerScenario=AddressBarCopied%2Eview%2Ebe88d950%2D1f4a%2D4340%2D9508%2Dfc4499dcb1b2";"Metropolis–Hastings, MC molekul";"Jiří Kolafa";"Statistická termodynamika, molekulové modelování a simulace";12;"Metropolis–Hastings,Monte Carlo molekul,force-bias,preferenční vzorkování,polymer,Rosenbluthovo vzorkování,rotace,kvaternionty";"přednáška";"M403002";"http://old.vscht.cz/fch/cz/pomucky/kolafa/N403027.html http://old.vscht.cz/fch/cz/pomucky/kolafa/simul12.pdf";"https://web.microsoftstream.com/video/f76c9815-17de-4077-9d17-7f84a7b6b2e6";1
"https://vscht.sharepoint.com/sites/403-O365-videastavufyziklnchemie/_layouts/15/stream.aspx?UniqueId=08d5cfd4%2Dea1f%2D5890%2D45ba%2D80d294d2c048&Translate=false&referrer=StreamWebApp%2EWeb&referrerScenario=AddressBarCopied%2Eview%2E4ef9bab3%2Dcce6%2D43bc%2Da124%2D151d108ea50e";"SHAKE, optimalizace";"Jiří Kolafa";"Statistická termodynamika, molekulové modelování a simulace";12;"dynamika s vazbami,constraint dynamics,SHAKE,Verletův seznam,paralelizace,domain decomposition,linked-cell list,metoda zřetězených seznamů";"přednáška";"M403002";"http://old.vscht.cz/fch/cz/pomucky/kolafa/N403027.html http://old.vscht.cz/fch/cz/pomucky/kolafa/simul12.pdf";"https://web.microsoftstream.com/video/fac0978c-bbcc-455c-89dd-04c27c762aa4";1
"https://vscht.sharepoint.com/sites/403-O365-videastavufyziklnchemie/_layouts/15/stream.aspx?UniqueId=2df533e3%2D14b6%2D5100%2D16c8%2D5eb502dedd9f&Translate=false&referrer=StreamWebApp%2EWeb&referrerScenario=AddressBarCopied%2Eview%2E38e8e211%2Dc2d2%2D4588%2D9ca7%2D71da84b7287b";"Transportní jevy, Langevin, DPD";"Jiří Kolafa";"Statistická termodynamika, molekulové modelování a simulace";12;"transportní jevy,difuze,Brownův pohyb,Langevinova rovnice,termostat,Brownovská dynamika,disipativní částicová dynamika,DPD";"přednáška";"M403002";"http://old.vscht.cz/fch/cz/pomucky/kolafa/N403027.html http://old.vscht.cz/fch/cz/pomucky/kolafa/simul13.pdf";"https://web.microsoftstream.com/video/44d4a15e-98e3-4c24-a241-5461d647e275";1
"https://vscht.sharepoint.com/sites/403-O365-videastavufyziklnchemie/_layouts/15/stream.aspx?UniqueId=0859e316%2D4494%2D5ca4%2D3fd3%2Dfd8c183d9289&Translate=false&referrer=StreamWebApp%2EWeb&referrerScenario=AddressBarCopied%2Eview%2E45409313%2Db3e0%2D4511%2Dbbad%2Dba8ee7ed8791";"Kinetické veličiny v EMD a NEMD";"Jiří Kolafa";"Statistická termodynamika, molekulové modelování a simulace";12;"difuzivita,EMD,NEMD,viskozita";"přednáška";"M403002";"http://old.vscht.cz/fch/cz/pomucky/kolafa/N403027.html http://old.vscht.cz/fch/cz/pomucky/kolafa/simul13.pdf";"https://web.microsoftstream.com/video/49bfb2c6-497f-4aec-a3b4-9ed0ad7de4cf";1
"https://vscht-my.sharepoint.com/personal/suchanj_vscht_cz/_layouts/15/stream.aspx?UniqueId=51e7efd1-10b5-5e1c-d861-3bd53b69128a&Translate=false&referrer=ClassicStream&referrerScenario=ClassicPortalMigration.View";"Úvod + klasifikace reakcí";"Petr Slavíček";"Kinetika chemických a fotofyzikálních dějů";1;"chemická kientika,klasifikace reakcí,elementární reakce,složené reakce,chemické reakce,reaktant,produkt";"přednáška";"M403005";;"https://web.microsoftstream.com/video/96ef2b57-05f4-4328-95ad-fbfd8226e782";
"https://vscht-my.sharepoint.com/personal/suchanj_vscht_cz/_layouts/15/stream.aspx?UniqueId=92599d31%2Dc60a%2D54de%2D5c37%2Df44d087e5f0d&Translate=false&referrer=StreamWebApp%2EWeb&referrerScenario=AddressBarCopied%2Eview%2E086b1ed7%2D0f87%2D450e%2Da9ca%2De661184b1f4e";"Reakční rychlost";"Petr Slavíček";"Kinetika chemických a fotofyzikálních dějů";1;"reakční rychlost,chemická reakce,dilatometrie,rychlost reakce,látkové množství,konduktometrie";"přednáška";"M403005";;"https://web.microsoftstream.com/video/8679c867-c67a-43d3-8847-9d48b73317a4";
"https://vscht-my.sharepoint.com/personal/suchanj_vscht_cz/_layouts/15/stream.aspx?UniqueId=fd94392e%2D88d3%2D5004%2D2a3b%2Df354768f3410&Translate=false&referrer=StreamWebApp%2EWeb&referrerScenario=AddressBarCopied%2Eview%2Ea17868da%2Dcc90%2D449b%2Dab72%2Dc96370dc7932";"Rychlostní rovnice";"Petr Slavíček";"Kinetika chemických a fotofyzikálních dějů";1;"rychlostní rovnice,řád reakce,chemická reakce,rychlost reakce,rate law";"přednáška";"M403005";;"https://web.microsoftstream.com/video/8a8054fd-d063-4963-960d-92639096618a";
"https://vscht-my.sharepoint.com/personal/suchanj_vscht_cz/_layouts/15/stream.aspx?UniqueId=6ea30729%2D64ca%2D5186%2Da77b%2D0385fa16eb1f&Translate=false&referrer=StreamWebApp%2EWeb&referrerScenario=AddressBarCopied%2Eview%2E9d1808c9%2D6533%2D4727%2Da779%2Da5a13e5ed187";"Teplotní závislost rychlostní konstanty";"Petr Slavíček";"Kinetika chemických a fotofyzikálních dějů";1;"rychlostní konstanta,teplotní závislost rychlosti reakce,Arrhenius,chemická reakce,rychlost reakce";"přednáška";"M403005";;"https://web.microsoftstream.com/video/a5a37cd8-c2da-49f2-a471-85c8a1486221";
"https://vscht-my.sharepoint.com/personal/suchanj_vscht_cz/_layouts/15/stream.aspx?UniqueId=298f4892%2D5205%2D5c38%2D471e%2D47989df3f8a2&Translate=false&referrer=StreamWebApp%2EWeb&referrerScenario=AddressBarCopied%2Eview%2E7b3c71c3%2Deb57%2D4e51%2D895d%2Db5c79726b737";"Integrace rychlostních rovnic: 0. a 1. řád";"Petr Slavíček";"Kinetika chemických a fotofyzikálních dějů";2;"integrace rychlostních rovnic,rychlostní rovnice,reakce 0. řádu,reakce1. řádu,elementární reakce,chemická kinetika";"přednáška";"M403005";;"https://web.microsoftstream.com/video/954cd26b-7aaa-4e97-9d9f-4ad7164354bb";
"https://vscht-my.sharepoint.com/personal/suchanj_vscht_cz/_layouts/15/stream.aspx?UniqueId=3be135d5%2Dc6ef%2D5e11%2Df0e3%2D3f67e22adb1d&Translate=false&referrer=StreamWebApp%2EWeb&referrerScenario=AddressBarCopied%2Eview%2Ea2e273a1%2D4525%2D4652%2D990d%2Dcef93fa88fbe";"Integrace rychlostních rovnic: 2. řád";"Petr Slavíček";"Kinetika chemických a fotofyzikálních dějů";2;"integrace rychlostních rovnic,rychlostní rovnice,reakce 2. řádu,reakce pseudo 1. řádu";"přednáška";"M403005";;"https://web.microsoftstream.com/video/e01c02c1-8ac1-45e2-995a-ee260fce8b41";
"https://vscht-my.sharepoint.com/personal/suchanj_vscht_cz/_layouts/15/stream.aspx?UniqueId=cd6d004f%2De5d3%2D51a3%2D289a%2D0d81bab6cab0&Translate=false&referrer=StreamWebApp%2EWeb&referrerScenario=AddressBarCopied%2Eview%2E89e055d8%2Dab51%2D4dff%2D8425%2Dba28dcdda335";"Bočné reakce";"Petr Slavíček";"Kinetika chemických a fotofyzikálních dějů";2;"bočné reakce,boční reakce,chemická kinetika,chemická reakce,složené reakce,integrace rychlostních rovnic,paralelní,konkurenční";"přednáška";"M403005";;"https://web.microsoftstream.com/video/d323fb96-0345-45d7-b39d-8f95470e1512";
"https://vscht-my.sharepoint.com/personal/suchanj_vscht_cz/_layouts/15/stream.aspx?UniqueId=e1503144%2Db241%2D5899%2D993c%2D91f8b2ac6b7c&Translate=false&referrer=StreamWebApp%2EWeb&referrerScenario=AddressBarCopied%2Eview%2Eef8d8d89%2De1bc%2D4850%2D8eab%2Da825b07e14f6";"Následné reakce";"Petr Slavíček";"Kinetika chemických a fotofyzikálních dějů";2;"následné reakce,chemická kinetika,chemická reakce,konsekutivní reakce,složené reakce,rychlostní rovnice";"přednáška";"M403005";;"https://web.microsoftstream.com/video/eecf1cc4-c8a2-4ade-8fe8-23d2b7780d5a";
"https://vscht-my.sharepoint.com/personal/suchanj_vscht_cz/_layouts/15/stream.aspx?UniqueId=1a371c96%2D2051%2D58c2%2Dd836%2D880df33cd743&Translate=false&referrer=StreamWebApp%2EWeb&referrerScenario=AddressBarCopied%2Eview%2E51bd1dce%2D5f83%2D4a61%2Db116%2D9a989e2d8659";"Vratné reakce";"Petr Slavíček";"Kinetika chemických a fotofyzikálních dějů";2;"vratné reakce,chemická kinetika,chemická reakce,rychlostní rovnice,složené reakce";"přednáška";"M403005";;"https://web.microsoftstream.com/video/b0f09589-bbec-4442-8028-279c73dca287";
"https://vscht-my.sharepoint.com/personal/suchanj_vscht_cz/_layouts/15/stream.aspx?UniqueId=ada18c34%2D6ca8%2D57c6%2D6bb1%2Dad622002733d&Translate=false&referrer=StreamWebApp%2EWeb&referrerScenario=AddressBarCopied%2Eview%2Eeac379c5%2D1b6f%2D46fd%2Db62d%2Dc3b9727b8131";"Komplexní reakční schémata: Metoda Laplaceovy transformace";"Petr Slavíček";"Kinetika chemických a fotofyzikálních dějů";3;"komplexní reakční schémata,Laplaceova transformace,chemická kinetika,chemická reakce";"přednáška";"M403005";;"https://web.microsoftstream.com/video/080fa1e9-d901-4a6f-a5f5-241905b1b00d";
"https://vscht-my.sharepoint.com/personal/suchanj_vscht_cz/_layouts/15/stream.aspx?UniqueId=19ecc029%2D8bb1%2D5fa9%2D247a%2De905b01b1168&Translate=false&referrer=StreamWebApp%2EWeb&referrerScenario=AddressBarCopied%2Eview%2E84ce9e80%2D2b61%2D49d6%2D8a13%2D6c44a1eb1bda";"Komplexní reakční schémata: Numerické metody";"Petr Slavíček";"Kinetika chemických a fotofyzikálních dějů";3;"komplexní reakční schémata,numerické metody,chemická kinetika,chemická reakce,Runge–Kutta,RKS";"přednáška";"M403005";;"https://web.microsoftstream.com/video/a33e9d2b-0137-458b-8ac9-7d4d8badb2c3";
"https://vscht-my.sharepoint.com/personal/suchanj_vscht_cz/_layouts/15/stream.aspx?UniqueId=d6cbc644%2D62bd%2D54c9%2Dd92d%2Dffa05a82a8c6&Translate=false&referrer=StreamWebApp%2EWeb&referrerScenario=AddressBarCopied%2Eview%2E7afe872c%2D0de1%2D4f9d%2Da809%2Dcc740be02088";"Komplexní reakční schémata: Aproximativní metody";"Petr Slavíček";"Kinetika chemických a fotofyzikálních dějů";3;"komplexní reakční schémata,aproximatívní metody,chemická kinetika,chemická reakce,aproximace stacionárního stavu";"přednáška";"M403005";;"https://web.microsoftstream.com/video/1f6ab330-f7b3-44eb-bc6b-81b531a5e90d";
"https://vscht.sharepoint.com/sites/VSCHTVidea/_layouts/15/stream.aspx?UniqueId=ed30f2ee%2D44dc%2D5e85%2D58e8%2D8de69c2f4ed0&Translate=false&referrer=StreamWebApp%2EWeb&referrerScenario=AddressBarCopied%2Eview%2E3899d652%2D9ee3%2D4a16%2D9344%2D4e7b1dfb0789";"Experimentální metody: Vsádkový reaktor";"Petr Slavíček";"Kinetika chemických a fotofyzikálních dějů";4;"vsádkový reaktor,experiment,chemická kinetika,chemická reakce";"přednáška";"M403005";;"https://web.microsoftstream.com/video/b3ff0610-88a3-486f-bdce-0503f3643b63";
"https://vscht.sharepoint.com/sites/VSCHTVidea/_layouts/15/stream.aspx?UniqueId=b8bd3273%2Dba43%2D5e78%2D8796%2D8171e8b0b731&Translate=false&referrer=StreamWebApp%2EWeb&referrerScenario=AddressBarCopied%2Eview%2Ef0c7a9a7%2D38c6%2D460d%2D962a%2Da8a98ac8721d";"Experimentální metody: Průtočné systémy";"Petr Slavíček";"Kinetika chemických a fotofyzikálních dějů";4;"experiment,průtočné systémy,tok,chemická kinetika";"přednáška";"M403005";;"https://web.microsoftstream.com/video/88d6ccd9-1f23-4bdb-ad41-30dd50a71cbc";
"https://vscht.sharepoint.com/sites/VSCHTVidea/_layouts/15/stream.aspx?UniqueId=7c5d1bed%2D9e54%2D5dd6%2D4bfa%2D6378ac162be6&Translate=false&referrer=StreamWebApp%2EWeb&referrerScenario=AddressBarCopied%2Eview%2Ed2460cc7%2Dd0cf%2D4aa7%2D8750%2D95c999e885c0";"Experimentální metody: Záblesková fotolýza";"Petr Slavíček";"Kinetika chemických a fotofyzikálních dějů";5;"experiment,chemická kinetika,záblesková fotolýza";"přednáška";"M403005";;"https://web.microsoftstream.com/video/83ca3ce3-c88c-4f45-be07-ac9585fc7c65";
"https://vscht.sharepoint.com/sites/VSCHTVidea/_layouts/15/stream.aspx?UniqueId=39873b69%2D7c7d%2D5c79%2D616a%2D796422479fdd&Translate=false&referrer=StreamWebApp%2EWeb&referrerScenario=AddressBarCopied%2Eview%2E5f6609fa%2D75d5%2D4c18%2D839c%2D276c584dba32";"Experimentální metody: Shock tubes a relativní rychlosti";"Petr Slavíček";"Kinetika chemických a fotofyzikálních dějů";5;"experiment,shock tubes,relativní rychlost,chemická kinetika,rychlostná konstanta";"přednáška";"M403005";;"https://web.microsoftstream.com/video/2993d08d-4a1c-4d49-905d-1b6961f72ef6";
"https://vscht.sharepoint.com/sites/VSCHTVidea/_layouts/15/stream.aspx?UniqueId=68c4546c%2Dcbd9%2D5f44%2D8190%2D2f774ef11418&Translate=false&referrer=StreamWebApp%2EWeb&referrerScenario=AddressBarCopied%2Eview%2E6b86af3b%2Deb8e%2D4af4%2Db8d9%2Dd1591da0681b";"Experimentální metody: Relaxační metody";"Petr Slavíček";"Kinetika chemických a fotofyzikálních dějů";5;"experiment,chemická kinetika,relaxační metody,jump";"přednáška";"M403005";;"https://web.microsoftstream.com/video/c5ef3e2b-6ce6-42b3-89a4-c11ee0e28f0f";
"https://vscht.sharepoint.com/sites/VSCHTVidea/_layouts/15/stream.aspx?UniqueId=8f140986%2D718d%2D5ea4%2D47e1%2D5da7136102c9&Translate=false&referrer=StreamWebApp%2EWeb&referrerScenario=AddressBarCopied%2Eview%2E951aa892%2Dd074%2D4ab9%2Da739%2Dcda58b82c301";"Experimentální metody: Monitorování reakcí";"Petr Slavíček";"Kinetika chemických a fotofyzikálních dějů";5;"experiment,chemická kinetika,monitorování reakcí,absorpce,fluorescence,chemiluminiscence";"přednáška";"M403005";;"https://web.microsoftstream.com/video/e44e38eb-c9ef-4ebc-96cd-7f4501a1061d";
"https://vscht.sharepoint.com/sites/VSCHTVidea/_layouts/15/stream.aspx?UniqueId=f06893d6%2D810b%2D5e6c%2D3c2d%2D310ae9d04346&Translate=false&referrer=StreamWebApp%2EWeb&referrerScenario=AddressBarCopied%2Eview%2E7ee708d0%2Dc105%2D4c42%2D8b6b%2D32eccfc64b64";"Aproximace stacionárního stavu";"Petr Slavíček";"Kinetika chemických a fotofyzikálních dějů";6;"chemická kinetika,aproximace stacionárního stavu,stacionární stav,rychlostní rovnice,chemická reakce";"přednáška";"M403005";;"https://web.microsoftstream.com/video/f19f1b56-a664-4eb7-a547-e9cff17478b5";
"https://vscht.sharepoint.com/sites/VSCHTVidea/_layouts/15/stream.aspx?UniqueId=e5068660%2D96a5%2D5f58%2D551d%2Ddac7a0f91a25&Translate=false&referrer=StreamWebApp%2EWeb&referrerScenario=AddressBarCopied%2Eview%2E588677a2%2Def15%2D4cd3%2Da079%2Dfb58fb46aef5";"Od kinetiky k porozumění mechanismu";"Petr Slavíček";"Kinetika chemických a fotofyzikálních dějů";6;"chemická kinetika,chemická reakce,rychlostní rovnice";"přednáška";"M403005";;"https://web.microsoftstream.com/video/880de185-3ee1-49d4-8df0-c2fbce24eee4";
"https://vscht.sharepoint.com/sites/VSCHTVidea/_layouts/15/stream.aspx?UniqueId=76b53f9f%2Dc4cb%2D5429%2Daa9f%2D552e704a8c40&Translate=false&referrer=StreamWebApp%2EWeb&referrerScenario=AddressBarCopied%2Eview%2E4ba09d5c%2D6c09%2D4aac%2Db953%2Db8c9d8842e6a";"Kinetické modelování koncentrací reaktivních částic";"Petr Slavíček";"Kinetika chemických a fotofyzikálních dějů";6;"koncentrace reaktivních částic,reaktivní částice,kinetické modelování,chemická kinetika,fotochemický smog,chemická kinetika,koncentrace";"přednáška";"M403005";;"https://web.microsoftstream.com/video/37ae4d6e-066d-4b1a-b54d-37f1311027ab";
"https://vscht.sharepoint.com/sites/VSCHTVidea/_layouts/15/stream.aspx?UniqueId=39c80c4e%2D0863%2D5530%2Dcb1a%2Da74a744efe7e&Translate=false&referrer=StreamWebApp%2EWeb&referrerScenario=AddressBarCopied%2Eview%2Ebf0fb8e5%2D4513%2D4394%2D9680%2D54ab9e0210e7";"Kinetika a mechanismus: Varování";"Petr Slavíček";"Kinetika chemických a fotofyzikálních dějů";7;"chemická kinetika,chemická reakce,rychlostní rovnice";"přednáška";"M403005";;"https://web.microsoftstream.com/video/7e691e4a-493c-4265-80da-a665a1520a05";
"https://vscht.sharepoint.com/sites/VSCHTVidea/_layouts/15/stream.aspx?UniqueId=468e9979%2Da9d4%2D5d17%2D5e40%2Dd9e8b290018b&Translate=false&referrer=StreamWebApp%2EWeb&referrerScenario=AddressBarCopied%2Eview%2E1a8ef70a%2Dff2b%2D4103%2D8fef%2Df9a7ec3ecd4e";"Řetězové reakce: H2+Br2";"Petr Slavíček";"Kinetika chemických a fotofyzikálních dějů";7;"řetězové reakce,chemická kinetika,chemická reakce,Bodenstein";"přednáška";"M403005";;"https://web.microsoftstream.com/video/db8a36ef-3b1e-4eb0-a58a-8c1009417ff9";
"https://vscht.sharepoint.com/sites/VSCHTVidea/_layouts/15/stream.aspx?UniqueId=573aae91%2D18a5%2D5b79%2Dc9f5%2D03fdcfd93bc3&Translate=false&referrer=StreamWebApp%2EWeb&referrerScenario=AddressBarCopied%2Eview%2E1a3ec07d%2D14c2%2D4a35%2Dad20%2Dcf6a98389d97";"Řetězové polymerace: pyrolýza alkanů";"Petr Slavíček";"Kinetika chemických a fotofyzikálních dějů";7;"řetězové polymerace,pyrolýza alkanů,chemická kientika,chemická reakce,polymerace";"přednáška";"M403005";;"https://web.microsoftstream.com/video/fe3044d0-87d4-4df0-9bde-20704abd5d1c";
"https://vscht.sharepoint.com/sites/VSCHTVidea/_layouts/15/stream.aspx?UniqueId=8063b13b%2D8e74%2D5e7c%2Deb08%2D565f06c52d07&Translate=false&referrer=StreamWebApp%2EWeb&referrerScenario=AddressBarCopied%2Eview%2E6513e666%2D7c20%2D4754%2D8f71%2D885ffbd6f325";"Kinetika polymerací";"Petr Slavíček";"Kinetika chemických a fotofyzikálních dějů";8;"polymerace,kinetika polymerace,chemická kinetika,chemická reakce,radikálové řetězové reakce,";"přednáška";"M403005";;"https://web.microsoftstream.com/video/4c442de1-dc2b-4602-a7f6-dc6a1cb7d085";
"https://vscht.sharepoint.com/sites/VSCHTVidea/_layouts/15/stream.aspx?UniqueId=913cccbe%2D6b4e%2D5b82%2D70c7%2D86a101ed8f3b&Translate=false&referrer=StreamWebApp%2EWeb&referrerScenario=AddressBarCopied%2Eview%2E91f582ed%2D5fd0%2D4ad2%2D99c4%2D17204eac91e9";"Termální exploze";"Petr Slavíček";"Kinetika chemických a fotofyzikálních dějů";8;"termální exploze,chemická kinetika,exploze,chemická reakce";"přednáška";"M403005";;"https://web.microsoftstream.com/video/0937b05c-b969-480c-9890-5bf09c2847b6";
"https://vscht.sharepoint.com/sites/VSCHTVidea/_layouts/15/stream.aspx?UniqueId=d96da7e4%2D5908%2D5acb%2D8034%2D11dcdf99526c&Translate=false&referrer=StreamWebApp%2EWeb&referrerScenario=AddressBarCopied%2Eview%2E576b49fd%2Ddab2%2D435e%2Db6bc%2D160333ee339d";"Kinetická exploze a rozvětvené řetězové reakce";"Petr Slavíček";"Kinetika chemických a fotofyzikálních dějů";8;"chemická kinetika,kinetická exploze,exploze,rozvětvené řetězové reakce,chemická reakce";"přednáška";"M403005";;"https://web.microsoftstream.com/video/50228b75-ff08-49be-b0a2-f80100ce9a7e";
"https://vscht.sharepoint.com/sites/VSCHTVidea/_layouts/15/stream.aspx?UniqueId=e058e619%2Ddae4%2D5bd3%2D8dcc%2Dc3a1dd25505e&Translate=false&referrer=StreamWebApp%2EWeb&referrerScenario=AddressBarCopied%2Eview%2E8b2f3461%2Dfa0e%2D4d9f%2D9bf0%2D8f1a809f5157";"Úvod, acidobazická katalýza";"Petr Slavíček";"Kinetika chemických a fotofyzikálních dějů";9;"chemická kinetika,katalýza,acidobázická katalýza,inhibice,chemická reakce";"přednáška";"M403005";;"https://web.microsoftstream.com/video/b5ca8d4c-91a9-459e-ae5d-68dede5e0071";
"https://vscht.sharepoint.com/sites/VSCHTVidea/_layouts/15/stream.aspx?UniqueId=cd538e33%2D5805%2D5d98%2D5627%2Db2f27dbd8300&Translate=false&referrer=StreamWebApp%2EWeb&referrerScenario=AddressBarCopied%2Eview%2E89e5cc9b%2Dccc2%2D4a9b%2Da268%2D8f5234f19699";"Katalýza– Enzymatická katalýza a inhibice";"Petr Slavíček";"Kinetika chemických a fotofyzikálních dějů";9;"katalýza,enzymatická katalýza,inhibice,chemická kinetika,chemická reakce,Michaelis–Mentenová,enzym";"přednáška";"M403005";;"https://web.microsoftstream.com/video/9cab4e90-f5d2-4ceb-93df-b57dc954b4fa";
"https://vscht.sharepoint.com/sites/VSCHTVidea/_layouts/15/stream.aspx?UniqueId=78ab5e8e%2Da601%2D53d4%2Dac9a%2D4017d4ad8ed3&Translate=false&referrer=StreamWebApp%2EWeb&referrerScenario=AddressBarCopied%2Eview%2E7bf4347d%2Db8dc%2D4fbc%2Dafe1%2Dbfd3891d3d7e";"Katalýza– Heterogenní katalýza, adsorpce";"Petr Slavíček";"Kinetika chemických a fotofyzikálních dějů";10;"katalýza,heterogenní katalýza,adsorpce,chemická kientika,chemická reakce,adsorpční izoterma,koadsorpce";"přednáška";"M403005";;"https://web.microsoftstream.com/video/2a2dc46e-8b43-48dc-b7d9-b70fcbc82531";
"https://vscht.sharepoint.com/sites/VSCHTVidea/_layouts/15/stream.aspx?UniqueId=8197e64a%2D4b66%2D5565%2D25f9%2Dca7384b7ea4d&Translate=false&referrer=StreamWebApp%2EWeb&referrerScenario=AddressBarCopied%2Eview%2Ebb8321ce%2Dc1f5%2D4ced%2D8849%2Dc99ae6c50a00";"Katalýza– Heterogenní katalýza, kinetická analýza";"Petr Slavíček";"Kinetika chemických a fotofyzikálních dějů";10;"chemická kientika,katalýza,heterogenní katalýza,kinetická analýza,katalyzovaná reakce,chemická reakce,monomolekulární,bimolekulární";"přednáška";"M403005";;"https://web.microsoftstream.com/video/ce889e2c-ad4f-4639-857a-bdae92df1969";
"https://vscht.sharepoint.com/sites/VSCHTVidea/_layouts/15/stream.aspx?UniqueId=cea6cf32%2D43b4%2D59ba%2D1e76%2Db92df4c368bf&Translate=false&referrer=StreamWebApp%2EWeb&referrerScenario=AddressBarCopied%2Eview%2Eff75ff97%2D00c3%2D481d%2D8b5d%2Db83e392d0bad";"Srážková teorie";"Petr Slavíček";"Kinetika chemických a fotofyzikálních dějů";11;"chemická kinetika,chemická reakce,srážková teorie";"přednáška";"M403005";;"https://web.microsoftstream.com/video/a7545623-d53b-4633-96a4-c4c8fd096138";
"https://vscht.sharepoint.com/sites/VSCHTVidea/_layouts/15/stream.aspx?UniqueId=c4e68051%2D0c58%2D58f4%2Db7eb%2D9c40e4ef5479&Translate=false&referrer=StreamWebApp%2EWeb&referrerScenario=AddressBarCopied%2Eview%2Ed3464d63%2Dd33c%2D4d9a%2D8a7d%2Dd58ab067bf7d";"Intermezzo: Statistická termodynamika";"Petr Slavíček";"Kinetika chemických a fotofyzikálních dějů";11;"chemická kientika,statistická termodynamika,chemická reakce";"přednáška";"M403005";;"https://web.microsoftstream.com/video/92e34fde-c1ad-4490-a24c-ac9239f92fdd";
"https://vscht.sharepoint.com/sites/VSCHTVidea/_layouts/15/stream.aspx?UniqueId=b9b8417b%2Df65d%2D5873%2D7f07%2D8ba41301542a&Translate=false&referrer=StreamWebApp%2EWeb&referrerScenario=AddressBarCopied%2Eview%2E3bf176c9%2Da6ad%2D4fda%2D88f6%2Db7659eddb2b8";"Reakční koordináta";"Petr Slavíček";"Kinetika chemických a fotofyzikálních dějů";11;"chemická kinetika,reakční koordináta,srážková teorie,hyperplocha";"přednáška";"M403005";;"https://web.microsoftstream.com/video/3a699c67-b1ed-4212-9abd-efbeced65760";
"https://vscht.sharepoint.com/sites/VSCHTVidea/_layouts/15/stream.aspx?UniqueId=c87c8f73%2Dc791%2D5c57%2D2c79%2D6176d7673f9b&Translate=false&referrer=StreamWebApp%2EWeb&referrerScenario=AddressBarCopied%2Eview%2Ef20562c6%2D83f2%2D42fb%2Db907%2D05bcf864a7ff";"Teorie tranzitního stavu";"Petr Slavíček";"Kinetika chemických a fotofyzikálních dějů";12;"tranzitní stav,chemická kinetika,srážková teorie,chemická reakce";"přednáška";"M403005";;"https://web.microsoftstream.com/video/475ec0fa-7998-43c7-8235-51abbbf4f589";
"https://vscht.sharepoint.com/sites/VSCHTVidea/_layouts/15/stream.aspx?UniqueId=1b6a3128%2D4a94%2D5af0%2D7880%2De6b9250c4881&Translate=false&referrer=StreamWebApp%2EWeb&referrerScenario=AddressBarCopied%2Eview%2Ee6065d07%2De906%2D427b%2Da59a%2Df225f9d554cd";"Reakce v roztocích";"Petr Slavíček";"Kinetika chemických a fotofyzikálních dějů";12;"chemická kinetika,roztok,chemická reakce,difuzně řízené reakce";"přednáška";"M403005";;"https://web.microsoftstream.com/video/fd4b983c-ebf3-4445-9d1d-2cededeb9406";
"https://vscht-my.sharepoint.com/personal/suchanj_vscht_cz/_layouts/15/stream.aspx?UniqueId=bc3d5aac%2D3504%2D59d2%2D18f3%2D5fdc52348bda&Translate=false&referrer=StreamWebApp%2EWeb&referrerScenario=AddressBarCopied%2Eview%2Eb8a5b714%2Df2ae%2D4d9d%2Daa8c%2D5bc4f6d9bad8";"Foton, kvantový výtěžek a Jabloňského diagram";"Petr Slavíček";"Kinetika chemických a fotofyzikálních dějů";13;"chemická kinetika,foton,kvantový výtěžek,Jabloňského diagram";"přednáška";"M403005";;"https://web.microsoftstream.com/video/595fb263-c0a2-4fe1-a375-bb9f12187449";
"https://vscht-my.sharepoint.com/personal/suchanj_vscht_cz/_layouts/15/stream.aspx?UniqueId=d9333e83%2Df25a%2D51d2%2D2723%2D6bac37a19637&Translate=false&referrer=StreamWebApp%2EWeb&referrerScenario=AddressBarCopied%2Eview%2E67097a72%2Dda90%2D4de1%2D9242%2D3b35c5d06492";"Kvantová teorie molekul";"Petr Slavíček";"Kvantová chemie";1;"kvantová chemie,kvantová teorie,vlnově-částicový dualismus,QM,spektrum,fotoelektrický jev,Comptonův jev";"přednáška";"M403001";;"https://web.microsoftstream.com/video/730c369a-5758-4647-afa7-0f8d2c987e9b";
"https://vscht-my.sharepoint.com/personal/suchanj_vscht_cz/_layouts/15/stream.aspx?UniqueId=4901c7df%2Df2b7%2D55ce%2D4f45%2D91928e3ecc70&Translate=false&referrer=StreamWebApp%2EWeb&referrerScenario=AddressBarCopied%2Eview%2Ecae330d2%2Db162%2D4d7f%2D8754%2Db733bc6bd5f7";"Schrödingerova rovnice";"Petr Slavíček";"Kvantová chemie";1;"Schrödingerova rovnice,kvantová chemie";"přednáška";"M403001";;"https://web.microsoftstream.com/video/33bcc18c-d43e-42ae-a701-9163f1b04c79";
"https://vscht-my.sharepoint.com/personal/suchanj_vscht_cz/_layouts/15/stream.aspx?UniqueId=74de4b61%2Dd399%2D5409%2D55f4%2De679abc079f6&Translate=false&referrer=StreamWebApp%2EWeb&referrerScenario=AddressBarCopied%2Eview%2E08a4a221%2Dfc0e%2D414a%2D9c03%2D924450ec2c5b";"Schrödingerova rovnice: 3D a více částic";"Petr Slavíček";"Kvantová chemie";1;"Schrödingerova rovnice,kvantová chemie,částice";"přednáška";"M403001";;"https://web.microsoftstream.com/video/7af05c32-c80e-4079-b53a-eeeb81739796";
"https://vscht-my.sharepoint.com/personal/suchanj_vscht_cz/_layouts/15/stream.aspx?UniqueId=7d67e144%2Dc0af%2D5b2c%2D912f%2De6cdea84fbbd&Translate=false&referrer=StreamWebApp%2EWeb&referrerScenario=AddressBarCopied%2Eview%2E7ab520d4%2D4a43%2D4977%2Daf92%2D9b1ece383906";"Matematické okénko: komplexní čísla";"Petr Slavíček";"Kvantová chemie";1;"komplexní čísla,kvantová chemie";"přednáška";"M403001";;"https://web.microsoftstream.com/video/b1c5df9e-c7b8-4f31-9d98-305e7b6e2858";
"https://vscht-my.sharepoint.com/personal/suchanj_vscht_cz/_layouts/15/stream.aspx?UniqueId=cc9a9016%2D4f7c%2D5073%2D707c%2D18fa2089f7fe&Translate=false&referrer=StreamWebApp%2EWeb&referrerScenario=AddressBarCopied%2Eview%2Eef5a7995%2D57e9%2D49f7%2Db38e%2D62cabe122eaa";"Časově závislá Schrödingerova rovnice";"Petr Slavíček";"Kvantová chemie";1;"Schrödingerova rovnice,časová závislost,kvantová chemie";"přednáška";"M403001";;"https://web.microsoftstream.com/video/a81deb03-765e-4f46-83b2-b22d14e1f3b0";
"https://vscht-my.sharepoint.com/personal/suchanj_vscht_cz/_layouts/15/stream.aspx?UniqueId=661115af%2D0fa3%2D5f5c%2D7638%2D3770173099b0&Translate=false&referrer=StreamWebApp%2EWeb&referrerScenario=AddressBarCopied%2Eview%2E63c2b0d6%2Dd6a8%2D46c9%2D888a%2D013aa0bde2be";"Komplexní čísla";"Petr Slavíček";"Kvantová chemie";2;"kvantová chemie,komplexní čísla";"přednáška";"M403001";;"https://web.microsoftstream.com/video/2ca918a2-3c92-4919-b615-be8172ebcfe5";
"https://vscht-my.sharepoint.com/personal/suchanj_vscht_cz/_layouts/15/stream.aspx?UniqueId=cb4e74ae%2D90e1%2D5d02%2D1901%2De62251aa6f54&Translate=false&referrer=StreamWebApp%2EWeb&referrerScenario=AddressBarCopied%2Eview%2Efeba337a%2D2dd9%2D4457%2Da4fb%2D7a21eb49a810";"Operátory";"Petr Slavíček";"Kvantová chemie";2;"kvantová chemie,operátor,Schrödingerova rovnice,vlnová funkce";"přednáška";"M403001";;"https://web.microsoftstream.com/video/3b27c01f-6845-4824-a58b-7f1381eb614a";
"https://vscht-my.sharepoint.com/personal/suchanj_vscht_cz/_layouts/15/stream.aspx?UniqueId=743e9f39%2Db7e2%2D5a28%2D064e%2Dbd97906f8b46&Translate=false&referrer=StreamWebApp%2EWeb&referrerScenario=AddressBarCopied%2Eview%2Ea08f728e%2Dfb0b%2D49fc%2Db1d0%2Dc69885825990";"Prostory funkcí";"Petr Slavíček";"Kvantová chemie";2;"kvantová chemie,prostory funkcí,vlnová funkce";"přednáška";"M403001";;"https://web.microsoftstream.com/video/5942fa87-5cea-4775-b281-5b1f34d6f148";
"https://vscht-my.sharepoint.com/personal/suchanj_vscht_cz/_layouts/15/stream.aspx?UniqueId=69657618%2Db5ad%2D5d65%2De0e2%2Dacb5de7d9c4b&Translate=false&referrer=StreamWebApp%2EWeb&referrerScenario=AddressBarCopied%2Eview%2E1f5513c9%2D6449%2D4296%2Db77f%2D38e92c2f0e99";"Hermitovské operátory";"Petr Slavíček";"Kvantová chemie";2;"Hermitovské operátory,kvantová chemie,operátor,vlnová funkce";"přednáška";"M403001";;"https://web.microsoftstream.com/video/11ed9ab7-9043-4470-bcd4-b60d0044e735";
"https://vscht-my.sharepoint.com/personal/suchanj_vscht_cz/_layouts/15/stream.aspx?UniqueId=ef768bce%2D0005%2D5951%2D2a83%2D4d791ce7d25e&Translate=false&referrer=StreamWebApp%2EWeb&referrerScenario=AddressBarCopied%2Eview%2Ef57c65f8%2D61fe%2D417b%2Da4b9%2Dfea9238ce72f";"Vlastní problém operátoru";"Petr Slavíček";"Kvantová chemie";2;"operátor,kvantová chemie";"přednáška";"M403001";;"https://web.microsoftstream.com/video/6db6c728-a2ea-40a1-9247-fe84fb51d68a";
"https://vscht-my.sharepoint.com/personal/suchanj_vscht_cz/_layouts/15/stream.aspx?UniqueId=9c53c488%2Da4ad%2D5fb3%2D2af3%2Df06b8c33a5ff&Translate=false&referrer=StreamWebApp%2EWeb&referrerScenario=AddressBarCopied%2Eview%2E025a95b1%2D1955%2D4d0e%2Daf04%2D6d4d5a1cb922";"Postuláty kvantové mechaniky";"Petr Slavíček";"Kvantová chemie";2;"kvantová mechanika,QM,vlnová funkce,operátor";"přednáška";"M403001";;"https://web.microsoftstream.com/video/8a1a8720-2d21-460a-a67a-66fb4a57dd8b";
"https://vscht-my.sharepoint.com/personal/suchanj_vscht_cz/_layouts/15/stream.aspx?UniqueId=5f21abf2%2D12c8%2D56cf%2Dc58c%2D02c9d3c55511&Translate=false&referrer=StreamWebApp%2EWeb&referrerScenario=AddressBarCopied%2Eview%2E9780e751%2Df406%2D4ae3%2D894b%2Db74325bd0688";"Kvantová mechanika více částic";"Petr Slavíček";"Kvantová chemie";2;"kvantová mechanika,QM,vlnová funkce,operátor";"přednáška";"M403001";;"https://web.microsoftstream.com/video/e0ced302-c7a2-4a4b-8082-b80111a501bf";
"https://vscht-my.sharepoint.com/personal/suchanj_vscht_cz/_layouts/15/stream.aspx?UniqueId=2d9fa8e0%2D17a2%2D53e8%2D3fc5%2De80bb88cc357&Translate=false&referrer=StreamWebApp%2EWeb&referrerScenario=AddressBarCopied%2Eview%2Ea9d14b8c%2Dc70b%2D42ea%2D9943%2D7f7a4a2c2918";"Maticová forma kvantové mechaniky";"Petr Slavíček";"Kvantová chemie";2;"matice,maticová forma,kvantová mechanika,QM,maticová formulace";"přednáška";"M403001";;"https://web.microsoftstream.com/video/64c575f3-b660-4e7b-8558-6552e2c39f53";
"https://vscht-my.sharepoint.com/personal/suchanj_vscht_cz/_layouts/15/stream.aspx?UniqueId=672bed27%2D2552%2D5159%2Dd07d%2Da43c87716a8d&Translate=false&referrer=StreamWebApp%2EWeb&referrerScenario=AddressBarCopied%2Eview%2E619ad284%2D24c4%2D432d%2Db8de%2D644f456979ff";"Komutace operátorů a relace neurčitosti";"Petr Slavíček";"Kvantová chemie";3;"operátor,komutace operátoru,komutace,relace neurčitosti";"přednáška";"M403001";;"https://web.microsoftstream.com/video/e6bbb2b8-483e-4448-8670-045d1cbec9af";
"https://vscht-my.sharepoint.com/personal/suchanj_vscht_cz/_layouts/15/stream.aspx?UniqueId=b1c18016%2D068d%2D58d9%2D33fa%2D3112c5f8643b&Translate=false&referrer=StreamWebApp%2EWeb&referrerScenario=AddressBarCopied%2Eview%2Ef039b8d2%2D5c33%2D4cbe%2Dbde8%2D4de33c8b33fe";"Zákony zachování v kvantové mechanice";"Petr Slavíček";"Kvantová chemie";3;"kvantová mechanika,QM,zákon zachování";"přednáška";"M403001";;"https://web.microsoftstream.com/video/7eae6d98-8f66-4b3f-a332-d17df280612a";
"https://vscht-my.sharepoint.com/personal/suchanj_vscht_cz/_layouts/15/stream.aspx?UniqueId=4a514b4c%2D66bc%2D5d2e%2D7597%2D73744db98420&Translate=false&referrer=StreamWebApp%2EWeb&referrerScenario=AddressBarCopied%2Eview%2E91741cd6%2D8466%2D4b86%2D809b%2D067f55862535";"Částice rotující v rovině";"Petr Slavíček";"Kvantová chemie";3;"kvantová chemie,rotace částic,rotace v rovine,rotace,moment hybnosti";"přednáška";"M403001";;"https://web.microsoftstream.com/video/d8ef01d4-0aef-4e74-94a1-279b49c3c3b8";
"https://vscht-my.sharepoint.com/personal/suchanj_vscht_cz/_layouts/15/stream.aspx?UniqueId=1cc0b4eb%2D5d75%2D5d55%2Dbf7c%2Dc278e07126b2&Translate=false&referrer=StreamWebApp%2EWeb&referrerScenario=AddressBarCopied%2Eview%2E9f367894%2D459c%2D4d6e%2Db890%2D444529bd6c97";"Kvantování momentu hybnosti 1";"Petr Slavíček";"Kvantová chemie";3;"kvantování,moment hybnosti,transformace,vlnová funkce";"přednáška";"M403001";;"https://web.microsoftstream.com/video/d03d82c6-18f1-45ed-ad3a-08cfe251a81d";
"https://vscht-my.sharepoint.com/personal/suchanj_vscht_cz/_layouts/15/stream.aspx?UniqueId=7972881e%2D866f%2D5696%2Dc434%2Dfd800c82732d&Translate=false&referrer=StreamWebApp%2EWeb&referrerScenario=AddressBarCopied%2Eview%2Ee89e0c45%2Dd985%2D4b85%2Dbbac%2D7816ea7341fe";"Kvantování momentu hybnosti 2";"Petr Slavíček";"Kvantová chemie";3;"kvantování,moment hybnosti";"přednáška";"M403001";;"https://web.microsoftstream.com/video/4de276d4-88c0-4e7b-9c06-a8843ce02c0c";
"https://vscht-my.sharepoint.com/personal/suchanj_vscht_cz/_layouts/15/stream.aspx?UniqueId=93f87ee0%2Dcbc0%2D5032%2D038f%2D57cbb617e22d&Translate=false&referrer=StreamWebApp%2EWeb&referrerScenario=AddressBarCopied%2Eview%2E695ff869%2D9627%2D469a%2D9d44%2D4c97ccd8d39c";"Moment hybnosti a rotační spektra molekul";"Petr Slavíček";"Kvantová chemie";3;"moment hybnosti,rotační spektrum,rotace,rotační stavy";"přednáška";"M403001";;"https://web.microsoftstream.com/video/272a2ed2-3045-4c0b-8f3f-34471ba88be8";
"https://vscht-my.sharepoint.com/personal/suchanj_vscht_cz/_layouts/15/stream.aspx?UniqueId=b0154501%2D9157%2D57bc%2D91ca%2Dc1151981c31b&Translate=false&referrer=StreamWebApp%2EWeb&referrerScenario=AddressBarCopied%2Eview%2E65398ab8%2D75e8%2D47f7%2Dbc15%2Dd4db7438eeed";"Metoda separace proměnných";"Petr Slavíček";"Kvantová chemie";4;"separace proměnných,kvantová chemie,vlnová funkce";"přednáška";"M403001";;"https://web.microsoftstream.com/video/1c3ab5cf-4eac-4ffb-ae31-10d595d4ac37";
"https://vscht-my.sharepoint.com/personal/suchanj_vscht_cz/_layouts/15/stream.aspx?UniqueId=77907ff0%2D3d54%2D5290%2D8bec%2D6e5f11e89155&Translate=false&referrer=StreamWebApp%2EWeb&referrerScenario=AddressBarCopied%2Eview%2E259fad52%2Db5e3%2D4eb3%2D860b%2D628f7c1ef964";"Pohyb dvou svázaných částic";"Petr Slavíček";"Kvantová chemie";4;"svázané částice,pohyb částic,kvantová chemie";"přednáška";"M403001";;"https://web.microsoftstream.com/video/9dbc6bf5-0a90-4254-8472-7d90a4afc8cb";
"https://vscht-my.sharepoint.com/personal/suchanj_vscht_cz/_layouts/15/stream.aspx?UniqueId=8f27555e%2Db628%2D5677%2Dd362%2D44b57ea8bcd5&Translate=false&referrer=StreamWebApp%2EWeb&referrerScenario=AddressBarCopied%2Eview%2E2a295b35%2Dc472%2D4c34%2D8d63%2D0e53f031a140";"Radiální rovnice";"Petr Slavíček";"Kvantová chemie";4;"radiální rovnice,moment hybnosti,kvantová chemie,vibrace,rotace";"přednáška";"M403001";;"https://web.microsoftstream.com/video/a8766300-2c88-4d16-b470-b2a3f62b4dbd";
"https://vscht-my.sharepoint.com/personal/suchanj_vscht_cz/_layouts/15/stream.aspx?UniqueId=b0058b3b%2D975f%2D54fa%2Db2b8%2D426c9a5ef33c&Translate=false&referrer=StreamWebApp%2EWeb&referrerScenario=AddressBarCopied%2Eview%2E6d4c8d33%2De1ae%2D4781%2Dadd6%2D17ee31225c5c";"Atom vodíku";"Petr Slavíček";"Kvantová chemie";4;"vodík,Laguenovy polynomy,kvantová chemie";"přednáška";"M403001";;"https://web.microsoftstream.com/video/56455bba-1f46-4aa6-997c-3ea94cae8fd5";
"https://vscht-my.sharepoint.com/personal/suchanj_vscht_cz/_layouts/15/stream.aspx?UniqueId=915d3012%2Dac93%2D56c7%2D6130%2D26009e20d54e&Translate=false&referrer=StreamWebApp%2EWeb&referrerScenario=AddressBarCopied%2Eview%2E639bb139%2D805e%2D478e%2D808b%2D9ba65f33948d";"Štěpení hladin v magnetickém poli";"Petr Slavíček";"Kvantová chemie";4;"štěpení hladin,magnetické pole,kvantová chemie,Zeemanův jev";"přednáška";"M403001";;"https://web.microsoftstream.com/video/0aa10ce1-5545-48e0-a897-fac62b444d48";
"https://vscht-my.sharepoint.com/personal/suchanj_vscht_cz/_layouts/15/stream.aspx?UniqueId=78273642%2Def99%2D5fb5%2D2528%2Dcb77c84ec1bd&Translate=false&referrer=StreamWebApp%2EWeb&referrerScenario=AddressBarCopied%2Eview%2Eac524bfd%2Ddc99%2D4cfe%2D9c51%2Da29c9b831cd1";"Variační princip";"Petr Slavíček";"Kvantová chemie";5;"variační princip,funkcionál,operátor,kvantová chemie";"přednáška";"M403001";;"https://web.microsoftstream.com/video/d9d85059-b962-446e-945e-7c72be57cbd0";
"https://vscht-my.sharepoint.com/personal/suchanj_vscht_cz/_layouts/15/stream.aspx?UniqueId=d003a797%2D0c63%2D5cdc%2D21d3%2Df3550facf7c9&Translate=false&referrer=StreamWebApp%2EWeb&referrerScenario=AddressBarCopied%2Eview%2E3d060add%2Da55c%2D43f7%2D9332%2D4c8e9975e96d";"Variační metoda optimalizace vlnových funkcí";"Petr Slavíček";"Kvantová chemie";5;"variační princip,vlnová funkce,optimalizace,funkcionál,sekulární rovnice";"přednáška";"M403001";;"https://web.microsoftstream.com/video/b20d503c-9c11-488f-bd14-c7326501577f";
"https://vscht-my.sharepoint.com/personal/suchanj_vscht_cz/_layouts/15/stream.aspx?UniqueId=03aeb5f9%2Db884%2D5130%2D8c11%2Ddb947f8b6674&Translate=false&referrer=StreamWebApp%2EWeb&referrerScenario=AddressBarCopied%2Eview%2E4242f2f4%2D9796%2D4e5b%2Da57e%2D1100546f2a28";"Variační princip: dodatek";"Petr Slavíček";"Kvantová chemie";5;"variační princip,kvantová chemie,funkcionál";"přednáška";"M403001";;"https://web.microsoftstream.com/video/cb7525b6-d362-4c87-a97e-22cb858ff748";
"https://vscht-my.sharepoint.com/personal/suchanj_vscht_cz/_layouts/15/stream.aspx?UniqueId=491d4eda-5b64-52ce-48a3-d9cc2cb8ca10&Translate=false&referrer=ClassicStream&referrerScenario=ClassicPortalMigration.View";"Poruchová metoda";"Petr Slavíček";"Kvantová chemie";5;"poruchová metoda,kvantová chemie,rotace";"přednáška";"M403001";;"https://web.microsoftstream.com/video/692f9575-fafe-4b9a-badb-fd662b30d4e9";
"https://vscht-my.sharepoint.com/personal/suchanj_vscht_cz/_layouts/15/stream.aspx?UniqueId=2d0e01d5%2D1092%2D5b52%2D4770%2D3980ab5bf115&Translate=false&referrer=StreamWebApp%2EWeb&referrerScenario=AddressBarCopied%2Eview%2Ec86a04fe%2Dbdba%2D4d57%2Da746%2D6063bf3b7f76";"Atom helia: Poruchový přístup";"Petr Slavíček";"Kvantová chemie";6;"helium,kvantová chemie,poruchový přístup";"přednáška";"M403001";;"https://web.microsoftstream.com/video/5b3817d5-8261-494b-a117-6f14ca508901";
"https://vscht-my.sharepoint.com/personal/suchanj_vscht_cz/_layouts/15/stream.aspx?UniqueId=ff296dab%2D7e0f%2D5c71%2Dde40%2D2761dcff4861&Translate=false&referrer=StreamWebApp%2EWeb&referrerScenario=AddressBarCopied%2Eview%2Edfe804cf%2Db984%2D4d52%2D8d44%2D28f39dd9a389";"Atom helia: Variační přístup";"Petr Slavíček";"Kvantová chemie";6;"helium,variační přístup,lithium,kvantová chemie";"přednáška";"M403001";;"https://web.microsoftstream.com/video/93111ef5-550a-4d1b-aad0-89138074241d";
"https://vscht-my.sharepoint.com/personal/suchanj_vscht_cz/_layouts/15/stream.aspx?UniqueId=213e5c5c%2De8ce%2D598b%2D164a%2D2fc2acb6eeba&Translate=false&referrer=StreamWebApp%2EWeb&referrerScenario=AddressBarCopied%2Eview%2E218c0529%2D865c%2D49c0%2Da93c%2Dae940bc2258c";"Elektronový spin";"Petr Slavíček";"Kvantová chemie";6;"elektronový spin,spin,kvantová chemie,Stern–Gerlach";"přednáška";"M403001";;"https://web.microsoftstream.com/video/733defee-ae3b-4522-857f-d41bb4794c77";
"https://vscht-my.sharepoint.com/personal/suchanj_vscht_cz/_layouts/15/stream.aspx?UniqueId=111082b8%2Da853%2D508c%2D0083%2Ddd2d2e0a2b30&Translate=false&referrer=StreamWebApp%2EWeb&referrerScenario=AddressBarCopied%2Eview%2E7a09576f%2D79e8%2D4a5b%2D98ce%2D04335ed6e60a";"Pauliho vylučovací princip a antisymetrie vlnové funkce";"Petr Slavíček";"Kvantová chemie";6;"Pauliho vylučovací princip,antisymetrie,vlnová funkce,spin,Slaterův determinant";"přednáška";"M403001";;"https://web.microsoftstream.com/video/bb3524de-8053-4187-a86d-a33f69a05ad3";
"https://vscht-my.sharepoint.com/personal/suchanj_vscht_cz/_layouts/15/stream.aspx?UniqueId=ba1776e3%2Df7da%2D56ca%2Dbd43%2Dea5d76ccab97&Translate=false&referrer=StreamWebApp%2EWeb&referrerScenario=AddressBarCopied%2Eview%2Ebc49ba76%2Dd873%2D444c%2Dbe02%2Dcde3279883e7";"NMR a EPR";"Petr Slavíček";"Kvantová chemie";6;"NMR,EPR,elektronova paramagneticka rezonance,spektroskopie,nukleární magnetická rezonance";"přednáška";"M403001";;"https://web.microsoftstream.com/video/30391d76-f830-4a48-901b-52ea89582f15";
"https://vscht-my.sharepoint.com/personal/suchanj_vscht_cz/_layouts/15/stream.aspx?UniqueId=ac770a34%2D88a1%2D5694%2D1a4b%2Da22335e9eab5&Translate=false&referrer=StreamWebApp%2EWeb&referrerScenario=AddressBarCopied%2Eview%2E876ad283%2D9006%2D4937%2D924f%2D769ef4397a92";"Hartreeho metoda";"Petr Slavíček";"Kvantová chemie";7;"Hartree,Hartreeho metoda,variační optimalizace";"přednáška";"M403001";;"https://web.microsoftstream.com/video/a2b26de0-7d6f-4830-897d-c0434ee71071";
"https://vscht-my.sharepoint.com/personal/suchanj_vscht_cz/_layouts/15/stream.aspx?UniqueId=48e63a35%2D485c%2D569f%2D0135%2D799e9306ceee&Translate=false&referrer=StreamWebApp%2EWeb&referrerScenario=AddressBarCopied%2Eview%2E4a967a98%2D59bd%2D4135%2Dbad8%2Dc29f41f88cb4";"Hartreeho–Fockova metoda";"Petr Slavíček";"Kvantová chemie";7;"Hartree–Fock,Fockovy rovnice,SCF,determinant";"přednáška";"M403001";;"https://web.microsoftstream.com/video/a968f898-930f-4931-971a-47aab9cc1198";
"https://vscht-my.sharepoint.com/personal/suchanj_vscht_cz/_layouts/15/stream.aspx?UniqueId=6ee6a709%2D782e%2D5677%2D619e%2D4751e747f0ba&Translate=false&referrer=StreamWebApp%2EWeb&referrerScenario=AddressBarCopied%2Eview%2E0f09425d%2D35b8%2D4f1a%2Db4e6%2D9a1be3f87fce";"Roothanovy rovnice a báze atomových orbitalů";"Petr Slavíček";"Kvantová chemie";7;"Roothanovy rovnice,atomový orbital,orbital,báze orbitalů,minimální báze,rozšířená báze";"přednáška";"M403001";;"https://web.microsoftstream.com/video/3f59ee7b-6a1e-4790-a7b5-4ce4cb74a226";
"https://vscht-my.sharepoint.com/personal/suchanj_vscht_cz/_layouts/15/stream.aspx?UniqueId=54c996f9%2Dbc67%2D54d5%2Dd262%2D13e440896378&Translate=false&referrer=StreamWebApp%2EWeb&referrerScenario=AddressBarCopied%2Eview%2Eaac15f2f%2Dcb53%2D432b%2Db2b3%2D31313f41fae0";"Periodický zákon";"Petr Slavíček";"Kvantová chemie";7;"periodický zákon,periodicita,elektronová konfigurace,výstavbový princip,Pauliho princip,pravidlo maximalní multiplicity";"přednáška";"M403001";;"https://web.microsoftstream.com/video/72a4023a-3cff-46d4-99b8-513d537c334c";
"https://vscht-my.sharepoint.com/personal/suchanj_vscht_cz/_layouts/15/stream.aspx?UniqueId=9b629842%2D527e%2D5a43%2D83ec%2D93db500def05&Translate=false&referrer=StreamWebApp%2EWeb&referrerScenario=AddressBarCopied%2Eview%2E5954b063%2Dfb1c%2D4365%2Da826%2Dfcd83e80cfbe";"Sčítání momentu hybnosti a atomové termy";"Petr Slavíček";"Kvantová chemie";7;"sčítaní momentu hybnosti,moment hybnosti,atomové termy,Hundova pravidla,spin";"přednáška";"M403001";;"https://web.microsoftstream.com/video/d46eb04e-331a-4e5f-a257-6219310ccaa8";
"https://vscht-my.sharepoint.com/personal/suchanj_vscht_cz/_layouts/15/stream.aspx?UniqueId=a26ee5fe%2Db4b6%2D5b2a%2D6f9b%2Db6a95f16b7be&Translate=false&referrer=StreamWebApp%2EWeb&referrerScenario=AddressBarCopied%2Eview%2E5ed222a0%2D96d4%2D4bd6%2D8d8a%2D57d1b403edb5";"Bornova–Oppenheimerova aproximace: Kvalitativní náhled";"Petr Slavíček";"Kvantová chemie";8;"Bornova–Oppenheimova aproximace,hyperplocha potenciální energie,Schrödingerova rovnice";"přednáška";"M403001";;"https://web.microsoftstream.com/video/7368b785-84e7-4605-92bb-c19481ac12d3";
"https://vscht-my.sharepoint.com/personal/suchanj_vscht_cz/_layouts/15/stream.aspx?UniqueId=f6599a6d%2Dd183%2D59fb%2D2e9e%2Dec65dc267ba1&Translate=false&referrer=StreamWebApp%2EWeb&referrerScenario=AddressBarCopied%2Eview%2E5561b1a6%2Dc5de%2D4d88%2Da408%2D139015ae0c16";"Bornova–Oppenheimerova aproximace: Odvození";"Petr Slavíček";"Kvantová chemie";8;"Bornova–Opppenheimova aproximace,Schrödingerova rovnice,odvození";"přednáška";"M403001";;"https://web.microsoftstream.com/video/f6aa23ad-c24a-437b-b5b9-ea763812ddfa";
"https://vscht-my.sharepoint.com/personal/suchanj_vscht_cz/_layouts/15/stream.aspx?UniqueId=576ed7f0%2Df262%2D5df3%2Df202%2D118eaec58207&Translate=false&referrer=StreamWebApp%2EWeb&referrerScenario=AddressBarCopied%2Eview%2E2bed9020%2Db2ab%2D4a57%2Da95c%2D4dac009a7023";"Translace, rotace a vibrace molekul";"Petr Slavíček";"Kvantová chemie";8;"rotace,translace,vibrace,tuhý rotor,harmonický oscilátor";"přednáška";"M403001";;"https://web.microsoftstream.com/video/363f2679-ac69-404a-9a55-14700eaec8fc";
"https://vscht-my.sharepoint.com/personal/suchanj_vscht_cz/_layouts/15/stream.aspx?UniqueId=e184f5f7%2Dde27%2D57a9%2Da24d%2D5e54ae1ba0ce&Translate=false&referrer=StreamWebApp%2EWeb&referrerScenario=AddressBarCopied%2Eview%2Eed95ef2b%2D37fd%2D4601%2D823a%2D18635c43b3ad";"Atomové jednotky";"Petr Slavíček";"Kvantová chemie";9;"atomové jednotky,Hartree";"přednáška";"M403001";;"https://web.microsoftstream.com/video/e94615be-6ed3-4f8e-8f27-527a14e82c6f";
"https://vscht-my.sharepoint.com/personal/suchanj_vscht_cz/_layouts/15/stream.aspx?UniqueId=3a9ae1a0%2D78b1%2D5083%2D1f2b%2D7917c4c93a1d&Translate=false&referrer=StreamWebApp%2EWeb&referrerScenario=AddressBarCopied%2Eview%2Ea2212f34%2Dfea1%2D4f8e%2D94f5%2D8bd796da2fd0";"Jednoelektronové molekuly";"Petr Slavíček";"Kvantová chemie";9;"elektron,jednoelektronové molekuly,MO-LCAO,molekulový orbital";"přednáška";"M403001";;"https://web.microsoftstream.com/video/e5298051-1f3a-4312-a95b-95683d294a59";
"https://vscht-my.sharepoint.com/personal/suchanj_vscht_cz/_layouts/15/stream.aspx?UniqueId=6856065e%2De544%2D53ba%2D6ba4%2D23e55233f6a1&Translate=false&referrer=StreamWebApp%2EWeb&referrerScenario=AddressBarCopied%2Eview%2Ec106383e%2De839%2D428f%2D93c2%2D23cd344e9ac2";"Jednoelektronové molekuly: Excitované stavy";"Petr Slavíček";"Kvantová chemie";9;"elektron,jednoelektronové molekuly,excitovaný stav,molekulový orbital";"přednáška";"M403001";;"https://web.microsoftstream.com/video/69e5cd63-708a-4962-acc8-858ee7dd23c9";
"https://vscht-my.sharepoint.com/personal/suchanj_vscht_cz/_layouts/15/stream.aspx?UniqueId=bcd5443b%2D4c1f%2D5085%2D744f%2Dd35cc9bb4a36&Translate=false&referrer=StreamWebApp%2EWeb&referrerScenario=AddressBarCopied%2Eview%2Ebf24f49b%2D51a3%2D4baf%2D94d5%2D25e15b0ac2d2";"Víceelektronová diatomika";"Petr Slavíček";"Kvantová chemie";9;"elektron,víceelektronová diatomika,orbital";"přednáška";"M403001";;"https://web.microsoftstream.com/video/1db53741-4b4c-4f58-add9-9076957fbb38";
"https://vscht-my.sharepoint.com/personal/suchanj_vscht_cz/_layouts/15/stream.aspx?UniqueId=ff4c73b0%2D8b68%2D58c5%2Dfb74%2Dd2be0a421baa&Translate=false&referrer=StreamWebApp%2EWeb&referrerScenario=AddressBarCopied%2Eview%2E6fa0a113%2D7af3%2D4d12%2Db469%2D5b10327abea4";"Molekulové termy";"Petr Slavíček";"Kvantová chemie";9;"molekulové termy";"přednáška";"M403001";;"https://web.microsoftstream.com/video/d34ff5fc-becc-4c66-be0d-008c0751dac7";
"https://vscht-my.sharepoint.com/personal/suchanj_vscht_cz/_layouts/15/stream.aspx?UniqueId=bea6c77f%2De544%2D5db2%2Dc215%2D0bfa805f4d73&Translate=false&referrer=StreamWebApp%2EWeb&referrerScenario=AddressBarCopied%2Eview%2E0a4eefb0%2D5871%2D4e0a%2Da32d%2D8e0df502cb91";"Molekulové orbitaly víceelektronových atomů a hybridizace";"Petr Slavíček";"Kvantová chemie";9;"molekulový orbital,víceelektronové atomy,hybridizace";"přednáška";"M403001";;"https://web.microsoftstream.com/video/07c762c1-92a3-4ba7-8b67-4a8b56c136b0";
"https://vscht-my.sharepoint.com/personal/suchanj_vscht_cz/_layouts/15/stream.aspx?UniqueId=ba77d7c4%2D45e1%2D57cd%2De484%2Dca36446c3fca&Translate=false&referrer=StreamWebApp%2EWeb&referrerScenario=AddressBarCopied%2Eview%2Ecf2fe1bc%2Da232%2D4f9c%2D9c16%2D1bfdad16ca6f";"Ab initio metody";"Petr Slavíček";"Kvantová chemie";10;"ab initio,Hartree–Fock,korelační energie,Roothan,RHF";"přednáška";"M403001";;"https://web.microsoftstream.com/video/d540ae95-e6b1-4acb-9b47-d0ff82397caa";
"https://vscht-my.sharepoint.com/personal/suchanj_vscht_cz/_layouts/15/stream.aspx?UniqueId=5925f80c%2Da367%2D5f5e%2Db482%2D3e7c48c58d84&Translate=false&referrer=StreamWebApp%2EWeb&referrerScenario=AddressBarCopied%2Eview%2E1a07bbf3%2Dab0c%2D4c7c%2D99ff%2Dd7454db9d664";"Poruchové metody";"Petr Slavíček";"Kvantová chemie";10;"poruchové metody,Möller–Plesset,MP";"přednáška";"M403001";;"https://web.microsoftstream.com/video/8f49de41-98f3-4be1-8679-e7c2ddb01254";
"https://vscht-my.sharepoint.com/personal/suchanj_vscht_cz/_layouts/15/stream.aspx?UniqueId=45ecfee6%2D039a%2D5768%2D1a2d%2Dfabe5f6bef41&Translate=false&referrer=StreamWebApp%2EWeb&referrerScenario=AddressBarCopied%2Eview%2E90d01cf1%2D08ab%2D4800%2Daadf%2D936191d475a2";"Metoda konfigurační interakce";"Petr Slavíček";"Kvantová chemie";10;"konfigurační interakce,Slaterův determinant,variační princip";"přednáška";"M403001";;"https://web.microsoftstream.com/video/44b0c54d-8e4c-4a58-ae7f-1a22541f9ce0";
"https://vscht-my.sharepoint.com/personal/suchanj_vscht_cz/_layouts/15/stream.aspx?UniqueId=a127198f%2Db6aa%2D5d09%2D6992%2D43fbdc7c6c4c&Translate=false&referrer=StreamWebApp%2EWeb&referrerScenario=AddressBarCopied%2Eview%2E6e09ecc2%2Dbaae%2D459e%2D9f49%2D712c79de8620";"Metoda spřažených klastrů";"Petr Slavíček";"Kvantová chemie";10;"spřažené klastry,metoda spřažených klastrů,CCSD";"přednáška";"M403001";;"https://web.microsoftstream.com/video/5b301837-3c22-4b39-835a-edc12387c4e7";
"https://vscht-my.sharepoint.com/personal/suchanj_vscht_cz/_layouts/15/stream.aspx?UniqueId=e3865a00%2D260d%2D5ea2%2D0512%2D28500854513d&Translate=false&referrer=StreamWebApp%2EWeb&referrerScenario=AddressBarCopied%2Eview%2Eda9506dd%2D4a31%2D4906%2D9b20%2Dccc8d76be3a3";"Multireferenční metody";"Petr Slavíček";"Kvantová chemie";10;"multireferenční metody,MC-SCF,CASSCF";"přednáška";"M403001";;"https://web.microsoftstream.com/video/dffd7489-2368-47b0-a23d-010df202ffb7";
"https://vscht-my.sharepoint.com/personal/suchanj_vscht_cz/_layouts/15/stream.aspx?UniqueId=6da97927%2Da39b%2D510e%2Df293%2D1f2854a8c437&Translate=false&referrer=StreamWebApp%2EWeb&referrerScenario=AddressBarCopied%2Eview%2E3ece623b%2Dd189%2D4c09%2Dac7f%2Dca378357b0ac";"Funkcionál a variace funkcionálu";"Petr Slavíček";"Kvantová chemie";11;"funkcionál,variace funkcionálu,vlnová funkce";"přednáška";"M403001";;"https://web.microsoftstream.com/video/e0a42322-eb1e-489e-87f4-ad7fa92b459e";
"https://vscht-my.sharepoint.com/personal/suchanj_vscht_cz/_layouts/15/stream.aspx?UniqueId=e2762577%2Dfd18%2D5d6e%2Def51%2D6a9fd59dc044&Translate=false&referrer=StreamWebApp%2EWeb&referrerScenario=AddressBarCopied%2Eview%2E7e29fcc0%2D239d%2D4e84%2D9cfa%2D26682a0b76e0";"Co je to elektronová hustota?";"Petr Slavíček";"Kvantová chemie";11;"elektron,elektronová hustota";"přednáška";"M403001";;"https://web.microsoftstream.com/video/b821cf04-085b-47bb-96a3-7795abef5f5b";
"https://vscht-my.sharepoint.com/personal/suchanj_vscht_cz/_layouts/15/stream.aspx?UniqueId=971962b2%2D4a76%2D5251%2D35ed%2Dab1aba28454d&Translate=false&referrer=StreamWebApp%2EWeb&referrerScenario=AddressBarCopied%2Eview%2Eb364af7b%2D4964%2D4369%2D80c1%2D36b376f4a914";"Hohenbergovy–Kohnovy teorémy";"Petr Slavíček";"Kvantová chemie";11;"Hohenbergovy–Kohnovy teorémy,variační princip,HK";"přednáška";"M403001";;"https://web.microsoftstream.com/video/76580796-0a61-4557-8d69-15affd4b1562";
"https://vscht-my.sharepoint.com/personal/suchanj_vscht_cz/_layouts/15/stream.aspx?UniqueId=4f640a2f%2Dfc3e%2D5c99%2Dda2e%2D40fadb517e0b&Translate=false&referrer=StreamWebApp%2EWeb&referrerScenario=AddressBarCopied%2Eview%2E891708c8%2D5a1d%2D4b3c%2D9fba%2D26456c49138a";"Kohnovy–Shamovy rovnice";"Petr Slavíček";"Kvantová chemie";11;"Kohnovy–Shamovy rovnice";"přednáška";"M403001";;"https://web.microsoftstream.com/video/3f39eea2-b250-4659-9762-b4ab9137779c";
"https://vscht-my.sharepoint.com/personal/suchanj_vscht_cz/_layouts/15/stream.aspx?UniqueId=66080ff5%2D15c3%2D5722%2D2a75%2D047381f99b38&Translate=false&referrer=StreamWebApp%2EWeb&referrerScenario=AddressBarCopied%2Eview%2E23759d31%2Dfc14%2D43df%2D819a%2D436677fe298e";"Jákobův žebřík";"Petr Slavíček";"Kvantová chemie";11;"aproximace lokální hustoty,lokální hustota,funkcionál,GGA funkcionály,hybridní funkcionály,dvojitě hybridní funkcionály";"přednáška";"M403001";;"https://web.microsoftstream.com/video/6b61dab5-c848-4294-b7b8-f04848288341";
"https://vscht-my.sharepoint.com/personal/suchanj_vscht_cz/_layouts/15/stream.aspx?UniqueId=6dbccc81%2De55a%2D5eb1%2D9cae%2D1ff166b0d48d&Translate=false&referrer=StreamWebApp%2EWeb&referrerScenario=AddressBarCopied%2Eview%2E76241e3b%2Da24e%2D4fc7%2Daeb3%2D10dc7c11378f";"Geometrie přímé mřížky krystalu";"Ctirad Červinka";"Kvantová chemie";12;"krystal,mřížka krystalu,geometrie mřížky,ideální krystal,translační invariance";"přednáška";"M403001";;"https://web.microsoftstream.com/video/89ed3025-858e-44b6-9855-d5449610db34";
"https://vscht-my.sharepoint.com/personal/suchanj_vscht_cz/_layouts/15/stream.aspx?UniqueId=f7c61c25%2D3f09%2D5969%2D1e94%2D0e4830b4d780&Translate=false&referrer=StreamWebApp%2EWeb&referrerScenario=AddressBarCopied%2Eview%2Ea90d1102%2Da81b%2D4495%2Db868%2D54946744b47a";"Fermiho volný elektronový plyn";"Ctirad Červinka";"Kvantová chemie";12;"Fermiho plyn,volný elektrónový plyn,HOMO,LUMO";"přednáška";"M403001";;"https://web.microsoftstream.com/video/364fa814-ce85-4e07-9956-85ff5b10dc8d";
"https://vscht-my.sharepoint.com/personal/suchanj_vscht_cz/_layouts/15/stream.aspx?UniqueId=b86e0afb%2D6027%2D5ed9%2Ddee0%2D243a387208e6&Translate=false&referrer=StreamWebApp%2EWeb&referrerScenario=AddressBarCopied%2Eview%2E4a2c14cc%2D122c%2D43a7%2Db1c2%2D2eecaa17056b";"Struktura reciproké mřížky krystalu";"Ctirad Červinka";"Kvantová chemie";12;"krystal,reciproká mřížka,mřížka krystalu,vlnově-částicový dualismus,reciproký prostor";"přednáška";"M403001";;"https://web.microsoftstream.com/video/83ffd6dc-3b67-4ad9-aa7b-faf02f49fa60";
"https://vscht-my.sharepoint.com/personal/suchanj_vscht_cz/_layouts/15/stream.aspx?UniqueId=276d141b%2D828a%2D5454%2D77a8%2D918ac324262f&Translate=false&referrer=StreamWebApp%2EWeb&referrerScenario=AddressBarCopied%2Eview%2Ee74d84d2%2Df8e5%2D4fe8%2D88b7%2D22ff2947a05a";"Blochův teorém";"Ctirad Červinka";"Kvantová chemie";12;"Blochův teorém,periodický systém,Schrödingerova rovnice";"přednáška";"M403001";;"https://web.microsoftstream.com/video/facfe0eb-fe5d-472d-be24-aa28050fdbfb";
"https://vscht-my.sharepoint.com/personal/suchanj_vscht_cz/_layouts/15/stream.aspx?UniqueId=3a39ec0f%2D6124%2D59f3%2Da79c%2Df87884440c2f&Translate=false&referrer=StreamWebApp%2EWeb&referrerScenario=AddressBarCopied%2Eview%2E74ef90f0%2D616f%2D4b97%2D82bb%2Df135ab702f4f";"Kronigův–Penneyho model";"Ctirad Červinka";"Kvantová chemie";12;"Kronigův–Penneyho model,psi,pevná látka";"přednáška";"M403001";;"https://web.microsoftstream.com/video/0bfe2f5c-4e8d-43f1-ae16-eb3c324d162d";
"https://vscht-my.sharepoint.com/personal/suchanj_vscht_cz/_layouts/15/stream.aspx?UniqueId=a9f1ad68%2D621b%2D5ab2%2D5757%2D3cb2fab847dc&Translate=false&referrer=StreamWebApp%2EWeb&referrerScenario=AddressBarCopied%2Eview%2E8aadeee3%2D7593%2D411a%2D81db%2D716306bfd871";"Obecné předřešení Schroedingerovy rovnice s periodickým potenciálem";"Ctirad Červinka";"Kvantová chemie";12;"Schrödingerova rovnice,periodicita,periodický potenciál";"přednáška";"M403001";;"https://web.microsoftstream.com/video/295272b6-7603-470f-a2c1-72b0635508aa";
"https://vscht-my.sharepoint.com/personal/suchanj_vscht_cz/_layouts/15/stream.aspx?UniqueId=6211ccf7%2D84ac%2D57bc%2Dc005%2D75878d30cf85&Translate=false&referrer=StreamWebApp%2EWeb&referrerScenario=AddressBarCopied%2Eview%2Eb6d48b66%2D0498%2D4bfa%2Dbe94%2D2aacc2d52025";"Hückelova metoda: Principy";"Petr Slavíček";"Kvantová chemie";13;"Hückelova metoda,molekulový orbital,delokalizační energie,sekulární rovnice";"přednáška";"M403001";;"https://web.microsoftstream.com/video/844da35e-2107-46ae-9fb4-6836cee5d6ad";
"https://vscht-my.sharepoint.com/personal/suchanj_vscht_cz/_layouts/15/stream.aspx?UniqueId=2cc47f37%2D4748%2D516f%2Dcfa1%2Dcb84678f5f0f&Translate=false&referrer=StreamWebApp%2EWeb&referrerScenario=AddressBarCopied%2Eview%2Ef684b647%2Dae7d%2D46a1%2D8422%2D5a4154029ef3";"Hückelova metoda: Použití";"Petr Slavíček";"Kvantová chemie";13;"Hückelova metoda,molekulový orbital,delokalizační energie,sekulární rovnice";"přednáška";"M403001";;"https://web.microsoftstream.com/video/27bada0e-f769-415f-8b06-3c0d6b288146";
"https://vscht-my.sharepoint.com/personal/suchanj_vscht_cz/_layouts/15/stream.aspx?UniqueId=a2610bc7%2D6627%2D5559%2D8845%2D3362045a6303&Translate=false&referrer=StreamWebApp%2EWeb&referrerScenario=AddressBarCopied%2Eview%2E0b92629a%2D69c2%2D4042%2D8f68%2Dc7ae40802cd4";"Další semiempirické techniky";"Petr Slavíček";"Kvantová chemie";13;"semiempirické techniky,Hückelova metoda,EHT,CNDO,INDO,ZINDO,AM1,PM3,PM6,DFTB";"přednáška";"M403001";;"https://web.microsoftstream.com/video/64406a9f-9346-42b4-b08e-65e21294eeb3";
"https://vscht-my.sharepoint.com/personal/suchanj_vscht_cz/_layouts/15/stream.aspx?UniqueId=aa2e5a88%2De95d%2D51a1%2D4726%2D6ac107040159&Translate=false&referrer=StreamWebApp%2EWeb&referrerScenario=AddressBarCopied%2Eview%2E87aa9134%2D544b%2D437f%2Da538%2De820708d78ce";"Vlastnosti molekul";"Petr Slavíček";"Kvantová chemie";14;"molekula,elektrické vlastnosti molekul,polarizovatelnost";"přednáška";"M403001";;"https://web.microsoftstream.com/video/d6343028-86ce-4475-850f-e29bbf963c08";
"https://vscht-my.sharepoint.com/personal/suchanj_vscht_cz/_layouts/15/stream.aspx?UniqueId=c20d4682%2Dfd8e%2D5ae3%2D349c%2De8af736704d5&Translate=false&referrer=StreamWebApp%2EWeb&referrerScenario=AddressBarCopied%2Eview%2E6238250b%2D3d53%2D49bb%2Db5d4%2D256157f487fd";"Parciální náboj a řád vazby";"Petr Slavíček";"Kvantová chemie";14;"parciální náboj,řád vazby";"přednáška";"M403001";;"https://web.microsoftstream.com/video/5d575e03-171c-45f7-a340-05803eb4e3f5";
"https://vscht-my.sharepoint.com/personal/suchanj_vscht_cz/_layouts/15/stream.aspx?UniqueId=f9b4e810%2D6f9d%2D58c4%2D25b0%2D985155f39117&Translate=false&referrer=StreamWebApp%2EWeb&referrerScenario=AddressBarCopied%2Eview%2Ee7a61de4%2D7a58%2D464b%2D9ca3%2D8d9a21604cad";"Mezimolekulové interakce";"Petr Slavíček";"Kvantová chemie";14;"interakce,mezimolekulové interakce,náboj,dipól,disperzní interakce,Pauliho repulze";"přednáška";"M403001";;"https://web.microsoftstream.com/video/020c609e-af42-4e47-951c-f2387df6acb4";
"https://vscht-my.sharepoint.com/personal/suchanj_vscht_cz/_layouts/15/stream.aspx?UniqueId=49f64875%2Da2a6%2D5fc9%2D2881%2D4419c7509118&Translate=false&referrer=StreamWebApp%2EWeb&referrerScenario=AddressBarCopied%2Eview%2Ed0ca1e12%2D6ee0%2D47b9%2D96b6%2D679165c6a328";"Mezimolekulové interakce: Ab initio výpočty";"Petr Slavíček";"Kvantová chemie";14;"ab inito,interkace,mezimolekulové interakce,korelované metody,superpozice,SAPT";"přednáška";"M403001";;"https://web.microsoftstream.com/video/fab1b636-d426-4f48-b956-2a5db8b371aa";
"https://vscht-my.sharepoint.com/personal/suchanj_vscht_cz/_layouts/15/stream.aspx?UniqueId=2fb4a5b8%2Defa5%2D5a16%2Dbaba%2De8fd307f4108&Translate=false&referrer=StreamWebApp%2EWeb&referrerScenario=AddressBarCopied%2Eview%2E646c1f03%2Dd49a%2D4b78%2Db606%2D336991d11108";"Kvantová chemie v roztoku";"Petr Slavíček";"Kvantová chemie";14;"roztok,mikrosolvatace,kvantová chemie,dielektrický model,polarizovatelný model kontinua,Bornova rovnice";"přednáška";"M403001";;"https://web.microsoftstream.com/video/0ae0ac31-f4a2-48ef-871a-c5ceb432256b";
"https://vscht-my.sharepoint.com/personal/suchanj_vscht_cz/_layouts/15/stream.aspx?UniqueId=c73dda16%2D68e2%2D5618%2D6c92%2Dafa15e729001&Translate=false&referrer=StreamWebApp%2EWeb&referrerScenario=AddressBarCopied%2Eview%2E561f5bd3%2D7685%2D4b99%2D8ec5%2Dca9a9a773180";"Elektronově excitované stavy: TDM a FC princip";"Petr Slavíček";"Kvantová chemie";14;"excitovaný stav,elektron,TDM,FC,dipólový moment,Franckův–Condonův model";"přednáška";"M403001";;"https://web.microsoftstream.com/video/9eae8bc3-7e6b-4569-809d-94325cec24e4";
"https://vscht-my.sharepoint.com/personal/suchanj_vscht_cz/_layouts/15/stream.aspx?UniqueId=77809331%2Db3e8%2D52d1%2Dada5%2Dedc9be6186ca&Translate=false&referrer=StreamWebApp%2EWeb&referrerScenario=AddressBarCopied%2Eview%2Ede715777%2D55da%2D4f65%2Db4c1%2D28a52c062392";"Elektronově excitované stavy: Kvantově-chemické metody";"Petr Slavíček";"Kvantová chemie";14;"excitovaný stav,elektron,rozdílná multiplicita,stejná multiplicita,ZINDO,odezvová metoda";"přednáška";"M403001";;"https://web.microsoftstream.com/video/83196b36-1f5f-4a1c-a405-12005012ca85";
"https://vscht-my.sharepoint.com/personal/suchanj_vscht_cz/_layouts/15/stream.aspx?UniqueId=45cc55cd%2D031a%2D5284%2D27f9%2D39af34ea26e4&Translate=false&referrer=StreamWebApp%2EWeb&referrerScenario=AddressBarCopied%2Eview%2E1d04e8d4%2D5f60%2D4abc%2Dbdf8%2D5e0c0bc14363";"Relativita v chemii: Úvod + Diracova rovnice";"Petr Slavíček";"Kvantová chemie";14;"Diracova rovnice,relativita";"přednáška";"M403001";;"https://web.microsoftstream.com/video/8f3de7e4-c73c-4b14-8700-c828096b02e2";
"https://vscht-my.sharepoint.com/personal/suchanj_vscht_cz/_layouts/15/stream.aspx?UniqueId=038440db%2D8cdf%2D57cd%2D3699%2D028596e78452&Translate=false&referrer=StreamWebApp%2EWeb&referrerScenario=AddressBarCopied%2Eview%2Ed0e7b4ea%2D0be8%2D41f8%2Da25f%2D9ee28313a450";"Relativistické efekty: Příklady";"Petr Slavíček";"Kvantová chemie";14;"relativita,relativistické efekty,spin,skalární relativistické efekty";"přednáška";"M403001";;"https://web.microsoftstream.com/video/d3259062-0d2f-4774-bdc5-d6bef6375958";
"https://vscht-my.sharepoint.com/personal/suchanj_vscht_cz/_layouts/15/stream.aspx?UniqueId=2b267193%2Dcd53%2D5973%2D7d0a%2D9f6a9a8a2a29&Translate=false&referrer=StreamWebApp%2EWeb&referrerScenario=AddressBarCopied%2Eview%2E4ec6d9b6%2D4689%2D4297%2Dbbf8%2Df80d7ff195b7";"Relativistická kvantová chemie";"Petr Slavíček";"Kvantová chemie";14;"relaivita,4-komponentové metody,Dirac-Coulomb,Dirac-Coulomb-Breit,2-komponentové metody,pseudopotenciály";"přednáška";"M403001";;"https://web.microsoftstream.com/video/509b369a-3b76-4d15-a8a0-d3cbca0faa74";
"https://vscht-my.sharepoint.com/personal/suchanj_vscht_cz/_layouts/15/stream.aspx?UniqueId=ab838f4d%2Df2d6%2D5e3b%2Dc866%2D2e470fffffdb&Translate=false&referrer=StreamWebApp%2EWeb&referrerScenario=AddressBarCopied%2Eview%2Ed5f2a7c4%2D45d7%2D44c2%2D8eea%2D5b79693020bf";"Epilog";"Petr Slavíček";"Kvantová chemie";14;"kvantová chemie";"přednáška";"M403001";;"https://web.microsoftstream.com/video/f3e14f07-2591-43ad-b355-9a0ae4b968cd";
"https://vscht-my.sharepoint.com/personal/suchanj_vscht_cz/_layouts/15/stream.aspx?UniqueId=dc24175d%2Dba1d%2D5219%2Ded83%2D09a2f54b10ab&Translate=false&referrer=StreamWebApp%2EWeb&referrerScenario=AddressBarCopied%2Eview%2E56438bd1%2D3acc%2D4e10%2Daa3b%2D12e215fb70e5";"Kořeny kvantové mechaniky";"Petr Slavíček";"Kvantová mechanika v chemii: Pokročilý kurz";1;"kvantová mechanika,QM,difrakce,černé těleso,spektrum,quantum mechanics,difraction,wave,spectra";"přednáška";"M403020";;"https://web.microsoftstream.com/video/8d0b4a39-cfcf-454f-9750-1d9c865c21ba";
"https://vscht-my.sharepoint.com/personal/suchanj_vscht_cz/_layouts/15/stream.aspx?UniqueId=844a34e0%2Dd35f%2D506d%2D5678%2D1e520a6edc3b&Translate=false&referrer=StreamWebApp%2EWeb&referrerScenario=AddressBarCopied%2Eview%2Ec5f4248c%2D1f16%2D401c%2D981b%2D72c4537ee4a3";"Anatomie vlny";"Petr Slavíček";"Kvantová mechanika v chemii: Pokročilý kurz";1;"kvantová mechanika,QM,vlna,vlnová funkce,quantum mechanics,wave function";"přednáška";"M403020";;"https://web.microsoftstream.com/video/4a979243-d32b-4853-99a6-262766431a9c";
"https://vscht-my.sharepoint.com/personal/suchanj_vscht_cz/_layouts/15/stream.aspx?UniqueId=5adac6f8%2D75fa%2D5ba7%2Df863%2D0df8498d94e5&Translate=false&referrer=StreamWebApp%2EWeb&referrerScenario=AddressBarCopied%2Eview%2E0b9ca442%2Dcd59%2D4445%2Db2bf%2D5b15c1b7664b";"Amplituda pravděpodobnosti";"Petr Slavíček";"Kvantová mechanika v chemii: Pokročilý kurz";1;"kvantová mechanika,QM,quantum mechanics,pravděpodobnost,probability,probability amplitude,amplituda pravděpodobnosti";"přednáška";"M403020";;"https://web.microsoftstream.com/video/de0de52e-b1a2-46ed-a56e-32630efce91d";
"https://vscht-my.sharepoint.com/personal/suchanj_vscht_cz/_layouts/15/stream.aspx?UniqueId=bed6dd7d%2D1c06%2D5306%2Df517%2D2d1411861380&Translate=false&referrer=StreamWebApp%2EWeb&referrerScenario=AddressBarCopied%2Eview%2Ef3d48295%2Da4e1%2D49e4%2D940e%2D3281694536e0";"Vlastnosti amplitudy pravděpodobnosti";"Petr Slavíček";"Kvantová mechanika v chemii: Pokročilý kurz";1;"kvantová mechanika,QM,quantum mechanics,pravděpodobnost,probability,probability amplitude,amplituda pravděpodobnosti,vlnová funkce,wave function";"přednáška";"M403020";;"https://web.microsoftstream.com/video/a74d6852-4b04-46b9-8f7f-8c3b14b683b7";
"https://vscht-my.sharepoint.com/personal/suchanj_vscht_cz/_layouts/15/stream.aspx?UniqueId=4262d7a0%2D31ef%2D5146%2Dd2dc%2D898da6dbbac9&Translate=false&referrer=StreamWebApp%2EWeb&referrerScenario=AddressBarCopied%2Eview%2E4ff3bf02%2D9dd2%2D4ff4%2Db3f0%2Db51043daa976";"Střední hodnota";"Petr Slavíček";"Kvantová mechanika v chemii: Pokročilý kurz";2;"kvantová mechanika,QM,střední hodnota,vlnová funkce";"přednáška";"M403020";;"https://web.microsoftstream.com/video/d123984f-bb42-4df7-98e2-284588cf80e2";
"https://vscht-my.sharepoint.com/personal/suchanj_vscht_cz/_layouts/15/stream.aspx?UniqueId=45e71332%2D77b0%2D5b6b%2D3fe4%2D9a38b92250b2&Translate=false&referrer=StreamWebApp%2EWeb&referrerScenario=AddressBarCopied%2Eview%2E27578942%2D6c1f%2D4642%2D8210%2Dee32b3d79ffe";"Operátor hybnosti";"Petr Slavíček";"Kvantová mechanika v chemii: Pokročilý kurz";2;"kvantová mechanika,QM,operátor,hybnost,operátor hybnosti,vlnová funkce";"přednáška";"M403020";;"https://web.microsoftstream.com/video/d8e32187-8fff-482e-8edd-6373598a3eb2";
"https://vscht-my.sharepoint.com/personal/suchanj_vscht_cz/_layouts/15/stream.aspx?UniqueId=0dc84b95%2D2770%2D5cac%2D792e%2D57e7ba429987&Translate=false&referrer=StreamWebApp%2EWeb&referrerScenario=AddressBarCopied%2Eview%2Ebaded368%2D641a%2D4b7c%2D8546%2De1a733177a99";"Vlastní problém operátoru";"Petr Slavíček";"Kvantová mechanika v chemii: Pokročilý kurz";2;"kvantová mechanika,QM,operátor,vlnová funkce";"přednáška";"M403020";;"https://web.microsoftstream.com/video/924a0306-2aab-450c-9bfe-7b938188ea8d";
"https://vscht-my.sharepoint.com/personal/suchanj_vscht_cz/_layouts/15/stream.aspx?UniqueId=2dbaec66%2D8411%2D5053%2Df6ce%2D6059a762eedf&Translate=false&referrer=StreamWebApp%2EWeb&referrerScenario=AddressBarCopied%2Eview%2E9896188c%2Da962%2D47ba%2Db0c6%2D353677938841";"Časově závislá Schrödingerova rovnice";"Petr Slavíček";"Kvantová mechanika v chemii: Pokročilý kurz";2;"kvantová mechanika,QM,Schrödingerova rovnice,časová derivace,hybnost,vlnová funkce";"přednáška";"M403020";;"https://web.microsoftstream.com/video/b24e0f13-a5fa-4ec1-a597-26ca64dc62c2";
"https://vscht-my.sharepoint.com/personal/suchanj_vscht_cz/_layouts/15/stream.aspx?UniqueId=ef63658b%2D36c2%2D5a3d%2D22a6%2D6c52a0673bee&Translate=false&referrer=StreamWebApp%2EWeb&referrerScenario=AddressBarCopied%2Eview%2Ec6582893%2Decc8%2D45d6%2Db87b%2D4a0975844386";"Stacionární stavy";"Petr Slavíček";"Kvantová mechanika v chemii: Pokročilý kurz";2;"kvantová mechanika,QM,stacionární stav,vlnová funkce";"přednáška";"M403020";;"https://web.microsoftstream.com/video/805cf3db-650f-4409-a341-ba569b88a62b";
"https://vscht-my.sharepoint.com/personal/suchanj_vscht_cz/_layouts/15/stream.aspx?UniqueId=59d35791%2D2bf6%2D51c4%2D5d3c%2D76b9418832f1&Translate=false&referrer=StreamWebApp%2EWeb&referrerScenario=AddressBarCopied%2Eview%2E22ca1e46%2D7873%2D41da%2Db033%2D74320414b951";"Rovnice kontinuity";"Petr Slavíček";"Kvantová mechanika v chemii: Pokročilý kurz";3;"kvantová mechanika,QM,rovnice kontinuity,kontinuita,tok částic";"přednáška";"M403020";;"https://web.microsoftstream.com/video/cb8452a1-c4a4-44ed-9497-eac0a73c652c";
"https://vscht-my.sharepoint.com/personal/suchanj_vscht_cz/_layouts/15/stream.aspx?UniqueId=22b3a7e4%2Ddf14%2D5854%2D0d26%2D60b1beaf0e3c&Translate=false&referrer=StreamWebApp%2EWeb&referrerScenario=AddressBarCopied%2Eview%2E7d376929%2Dae51%2D4f08%2Da6c1%2Db5e0046ef151";"Vlastní problém operátoru";"Petr Slavíček";"Kvantová mechanika v chemii: Pokročilý kurz";3;"kvantová mechanika,QM,operátor,problém operátoru";"přednáška";"M403020";;"https://web.microsoftstream.com/video/558b8123-550f-4e35-aa68-b6a224467928";
"https://vscht-my.sharepoint.com/personal/suchanj_vscht_cz/_layouts/15/stream.aspx?UniqueId=ba22c1cf%2D0155%2D5f06%2D25fc%2Dafbfde46e0ca&Translate=false&referrer=StreamWebApp%2EWeb&referrerScenario=AddressBarCopied%2Eview%2E16e50b62%2D62db%2D446e%2D917b%2D486cb4f7046f";"Kreační a anihilační operátory";"Petr Slavíček";"Kvantová mechanika v chemii: Pokročilý kurz";3;"kvantová mechanika,QM,kreační operátor,anihilační operátor,harmonický oscilátor";"přednáška";"M403020";;"https://web.microsoftstream.com/video/4b8fa79b-34ee-4dbf-b910-08d46edfb916";
"https://vscht-my.sharepoint.com/personal/suchanj_vscht_cz/_layouts/15/stream.aspx?UniqueId=90579555%2D0a96%2D5972%2D8376%2D5756b2a1c342&Translate=false&referrer=StreamWebApp%2EWeb&referrerScenario=AddressBarCopied%2Eview%2E9d2522e4%2D4ab9%2D42f8%2Da03a%2D2730372baa9c";"Energetické spektrum harmonického oscilátoru";"Petr Slavíček";"Kvantová mechanika v chemii: Pokročilý kurz";3;"kvantová mechanika,QM,harmonický oscilátor,oscilátor";"přednáška";"M403020";;"https://web.microsoftstream.com/video/b201749e-ec83-4395-ac86-b19d1047ff1f";
"https://vscht-my.sharepoint.com/personal/suchanj_vscht_cz/_layouts/15/stream.aspx?UniqueId=df03a88c%2D8476%2D506c%2D2297%2D81c264a9730a&Translate=false&referrer=StreamWebApp%2EWeb&referrerScenario=AddressBarCopied%2Eview%2Ef514865e%2Dd95b%2D4358%2Da5dc%2Dbe2aaf09efdb";"Vlnová funkce harmonického oscilátoru";"Petr Slavíček";"Kvantová mechanika v chemii: Pokročilý kurz";3;"kvantová mechanika,QM,harmonický oscilátor,oscilátor,vlnová funkce";"přednáška";"M403020";;"https://web.microsoftstream.com/video/1daa8b65-a818-4cb6-b7fd-59a0b05b2697";
"https://vscht-my.sharepoint.com/personal/suchanj_vscht_cz/_layouts/15/stream.aspx?UniqueId=04764d77%2D4f7e%2D5cc5%2D8faa%2D87fe75cc4541&Translate=false&referrer=StreamWebApp%2EWeb&referrerScenario=AddressBarCopied%2Eview%2Ec9e3cdf2%2Dd303%2D47f6%2Db19e%2D8db763348282";"Aplikace anihilačních a kreačních operátorů";"Petr Slavíček";"Kvantová mechanika v chemii: Pokročilý kurz";3;"kvantová mechanika,QM,kreační operátor,anihilační operátor,harmonický oscilátor";"přednáška";"M403020";;"https://web.microsoftstream.com/video/053f6888-b91f-4811-859b-f9df8f499627";
"https://vscht-my.sharepoint.com/personal/suchanj_vscht_cz/_layouts/15/stream.aspx?UniqueId=df8e07cf%2D657a%2D5a36%2D099d%2D4d086d23932c&Translate=false&referrer=StreamWebApp%2EWeb&referrerScenario=AddressBarCopied%2Eview%2Ece3b5134%2D4244%2D43e5%2D835b%2Dfeebeb123150";"Moment hybnosti";"Petr Slavíček";"Kvantová mechanika v chemii: Pokročilý kurz";4;"kvantová mechanika,QM,moment hybnosti";"přednáška";"M403020";;"https://web.microsoftstream.com/video/8015ea01-4e4a-4bde-98ca-86a36fd50952";
"https://vscht-my.sharepoint.com/personal/suchanj_vscht_cz/_layouts/15/stream.aspx?UniqueId=18cb9b24%2Dfeda%2D5a17%2Dca0a%2D6ea65755b475&Translate=false&referrer=StreamWebApp%2EWeb&referrerScenario=AddressBarCopied%2Eview%2E50a45fa0%2Dbe9e%2D40f6%2D8e86%2D84d0b266a4f4";"Heisenbergovy relace neurčitosti";"Petr Slavíček";"Kvantová mechanika v chemii: Pokročilý kurz";4;"kvantová mechanika,QM,neurčitost,relace neurčitosti,Heisenberg,vlnová funkce,operátor";"přednáška";"M403020";;"https://web.microsoftstream.com/video/1e15a125-2059-4477-9a59-c85aa958332f";
"https://vscht-my.sharepoint.com/personal/suchanj_vscht_cz/_layouts/15/stream.aspx?UniqueId=1083e986%2D3676%2D57ee%2Dddb6%2D51b624746e07&Translate=false&referrer=StreamWebApp%2EWeb&referrerScenario=AddressBarCopied%2Eview%2E251ae3a1%2D4d15%2D4431%2Da9e0%2Da6345f5ed094";"Časově závislá poruchová teorie: Úvod";"Petr Slavíček";"Kvantová mechanika v chemii: Pokročilý kurz";5;"kvantová mechanika,QM,poruchová teorie,lambda";"přednáška";"M403020";;"https://web.microsoftstream.com/video/9819429d-7c0a-4a19-9141-0b2b86e4cea4";
"https://vscht-my.sharepoint.com/personal/suchanj_vscht_cz/_layouts/15/stream.aspx?UniqueId=6b576dcf%2D16d7%2D5bcf%2De04a%2D5ce1e86f01e9&Translate=false&referrer=StreamWebApp%2EWeb&referrerScenario=AddressBarCopied%2Eview%2E6928cc82%2Dfe29%2D42da%2Da670%2Dcb037b4670cf";"Časově závislá poruchová teorie: Konstantní porucha";"Petr Slavíček";"Kvantová mechanika v chemii: Pokročilý kurz";5;"kvantová mechanika,QM,poruchová teorie,konstantní porucha,Fermiho zlaté pravidlo,Fermiho pravidlo";"přednáška";"M403020";;"https://web.microsoftstream.com/video/d1add5e6-44b0-423d-a4ed-97f0730c606e";
"https://vscht-my.sharepoint.com/personal/suchanj_vscht_cz/_layouts/15/stream.aspx?UniqueId=89916017%2Da6a4%2D55d6%2D86e3%2D713a401003e7&Translate=false&referrer=StreamWebApp%2EWeb&referrerScenario=AddressBarCopied%2Eview%2E8e94761b%2D45ff%2D4936%2D9477%2D0b0da48bd3db";"Časově závislá poruchová teorie: Harmonická porucha";"Petr Slavíček";"Kvantová mechanika v chemii: Pokročilý kurz";5;"kvantová mechanika,QM,poruchová teorie,harmonická porucha";"přednáška";"M403020";;"https://web.microsoftstream.com/video/44e60fc4-86d9-4ed3-901e-cf80f70eed13";
"https://vscht-my.sharepoint.com/personal/suchanj_vscht_cz/_layouts/15/stream.aspx?UniqueId=1b59c3b4%2Dc055%2D581f%2D5dd3%2Df142bb1a8ac2&Translate=false&referrer=StreamWebApp%2EWeb&referrerScenario=AddressBarCopied%2Eview%2Edd6d296e%2D2f03%2D4abc%2D81a5%2Db3cbb4b59150";"Fermiho zlaté pravidlo";"Petr Slavíček";"Kvantová mechanika v chemii: Pokročilý kurz";6;"kvantová mechanika,QM,Fermiho zlaté pravidlo,Fermiho pravidlo,hustota stavů";"přednáška";"M403020";;"https://web.microsoftstream.com/video/87c8ca0f-fb3d-46fc-8cbb-147023294069";
"https://vscht-my.sharepoint.com/personal/suchanj_vscht_cz/_layouts/15/stream.aspx?UniqueId=460ad415%2Ddfb1%2D5478%2D0c03%2Dd407571feda0&Translate=false&referrer=StreamWebApp%2EWeb&referrerScenario=AddressBarCopied%2Eview%2E22e5ca40%2D9a80%2D4015%2Db3bd%2Df0053771a037";"Aplikace Fermiho zlatého pravidla: IČ spektroskopie";"Petr Slavíček";"Kvantová mechanika v chemii: Pokročilý kurz";6;"kvantová mechanika,QM,Fermiho zlaté pravidlo,Fermiho pravidlo,spektroskopie,IČ,infračervená spektroskopie";"přednáška";"M403020";;"https://web.microsoftstream.com/video/c8858f97-ced6-4f80-8bc1-5748e1401df5";
"https://vscht-my.sharepoint.com/personal/suchanj_vscht_cz/_layouts/15/stream.aspx?UniqueId=b5c6c9d1%2D5327%2D5de5%2Ded60%2Db3c8bedb8a44&Translate=false&referrer=StreamWebApp%2EWeb&referrerScenario=AddressBarCopied%2Eview%2Eec31401e%2D6881%2D4124%2D8e8f%2D3b4c2fb6e2c2";"Aplikace Fermiho zlatého pravidla: Elektronové přechody";"Petr Slavíček";"Kvantová mechanika v chemii: Pokročilý kurz";6;"kvantová mechanika,QM,Fermiho zlaté pravidlo,Fermiho pravidlo,výběrová pravidla";"přednáška";"M403020";;"https://web.microsoftstream.com/video/9191a1ac-d620-4aaa-8eb6-c7485162ec55";
"https://vscht-my.sharepoint.com/personal/suchanj_vscht_cz/_layouts/15/stream.aspx?UniqueId=59becb89%2D19d6%2D5e37%2D09e4%2D6e9bf70d4dd4&Translate=false&referrer=StreamWebApp%2EWeb&referrerScenario=AddressBarCopied%2Eview%2Ead0a6bb6%2D34bc%2D4ab6%2D8049%2D31bbe10f0903";"Aplikace Fermiho zlatého pravidla: Rotační přechody";"Petr Slavíček";"Kvantová mechanika v chemii: Pokročilý kurz";6;"kvantová mechanika,QM,Fermiho zlaté pravidlo,Fermiho pravidlo,rotační přechody,rotace";"přednáška";"M403020";;"https://web.microsoftstream.com/video/4547311b-65d1-412e-b00d-95b4a63dfb9e";
"https://vscht-my.sharepoint.com/personal/suchanj_vscht_cz/_layouts/15/stream.aspx?UniqueId=3788b762%2Dadb0%2D599d%2D5c21%2D181accccfc95&Translate=false&referrer=StreamWebApp%2EWeb&referrerScenario=AddressBarCopied%2Eview%2E6b526afc%2D2f7d%2D49d0%2D8356%2D969bbc7420ee";"Fotoionizace";"Petr Slavíček";"Kvantová mechanika v chemii: Pokročilý kurz";7;"kvantová mechanika,QM,fotoionizace,světlo,frekvence ";"přednáška";"M403020";;"https://web.microsoftstream.com/video/e714c078-91fc-4918-aab9-bdd024e8a317";
"https://vscht-my.sharepoint.com/personal/suchanj_vscht_cz/_layouts/15/stream.aspx?UniqueId=c2494556%2D616f%2D5846%2D029a%2D01cb15d34e44&Translate=false&referrer=StreamWebApp%2EWeb&referrerScenario=AddressBarCopied%2Eview%2E00d4909d%2D7437%2D4daf%2Dbfc8%2D715ee76b91f5";"Molekulová spektra";"Petr Slavíček";"Kvantová mechanika v chemii: Pokročilý kurz";7;"kvantová mechanika,QM,sprektum,molekulová spektra,vlnová funkce,Franckův–Condonův faktor";"přednáška";"M403020";;"https://web.microsoftstream.com/video/2b3bb48d-7cd4-4404-b98a-18c16311913a";
"https://vscht-my.sharepoint.com/personal/suchanj_vscht_cz/_layouts/15/stream.aspx?UniqueId=f77e3ade%2Da910%2D5a21%2Dc0ba%2Da9163a49c0bf&Translate=false&referrer=StreamWebApp%2EWeb&referrerScenario=AddressBarCopied%2Eview%2Ef6d50ccf%2Dbc9c%2D418c%2D9bec%2Df2d8ec3e0dc6";"Dovolené a zakázané přechody";"Petr Slavíček";"Kvantová mechanika v chemii: Pokročilý kurz";7;"kvantová mechanika,QM,dovolený přechod,zakázaný přechod,pravdepodobnost přechodu,magnetický přechod,spin-orbitalní vazba,kvadrupolový přechod";"přednáška";"M403020";;"https://web.microsoftstream.com/video/c4b6df61-a65e-4962-b253-106048e20f1b";
"https://vscht-my.sharepoint.com/personal/suchanj_vscht_cz/_layouts/15/stream.aspx?UniqueId=91b812c5%2Def3c%2D5fa1%2Dc8cc%2Ddc43667ab4d4&Translate=false&referrer=StreamWebApp%2EWeb&referrerScenario=AddressBarCopied%2Eview%2E5b5afaf1%2D0677%2D477e%2D9e86%2D14171ea5274d";"Veličiny charakterizující absorpci záření";"Petr Slavíček";"Kvantová mechanika v chemii: Pokročilý kurz";7;"kvantová mechanika,QM,absorpce,záření,absorpce záření,Lambertův–Beerův zákon,absorpční koeficient";"přednáška";"M403020";;"https://web.microsoftstream.com/video/0f20ba25-a8d0-4e9c-9407-889934f7fb86";
"https://vscht-my.sharepoint.com/personal/suchanj_vscht_cz/_layouts/15/stream.aspx?UniqueId=83527982%2D6bf0%2D56e6%2Da3fa%2Da9d8bbce0193&Translate=false&referrer=StreamWebApp%2EWeb&referrerScenario=AddressBarCopied%2Eview%2E313dd891%2Dc1b6%2D4f95%2D86fd%2D00f097fa21e0";"Absorpce, emise a stimulovaná emise";"Petr Slavíček";"Kvantová mechanika v chemii: Pokročilý kurz";8;"kvantová mechanika,QM,emise,absorpce,stimulovaná emise,Einsteinovy koeficienty,hustota záření";"přednáška";"M403020";;"https://web.microsoftstream.com/video/40f11656-7426-4357-8d04-e9e8ba94bd5b";
"https://vscht-my.sharepoint.com/personal/suchanj_vscht_cz/_layouts/15/stream.aspx?UniqueId=cfb6031a%2D7c9f%2D5fae%2Da556%2D7150f7a64b1f&Translate=false&referrer=StreamWebApp%2EWeb&referrerScenario=AddressBarCopied%2Eview%2E688f4fb4%2D817b%2D4b56%2Dae55%2Dc5fa20cf8f64";"Šířka spektrální čáry";"Petr Slavíček";"Kvantová mechanika v chemii: Pokročilý kurz";8;"kvantová mechanika,QM,spektrální čára,vlnová funkce,Dopplerovského rozšíření,spektrum";"přednáška";"M403020";;"https://web.microsoftstream.com/video/5319ff70-eea2-4e95-b4df-a57c5831685d";
"https://vscht-my.sharepoint.com/personal/suchanj_vscht_cz/_layouts/15/stream.aspx?UniqueId=77479c99%2D6a92%2D580b%2D63b2%2D2ebc049c91d7&Translate=false&referrer=StreamWebApp%2EWeb&referrerScenario=AddressBarCopied%2Eview%2E1435a7a9%2Dbfd5%2D4c4b%2Db23b%2D2b853f16da09";"Rabiho oscilace";"Petr Slavíček";"Kvantová mechanika v chemii: Pokročilý kurz";9;"kvantová mechanika,QM,Rabiho oscilace,oscilace,excitovaný stav,Rabiho frekvence";"přednáška";"M403020";;"https://web.microsoftstream.com/video/4f247301-92a1-4917-b5e8-a1adf91f86b3";
"https://vscht-my.sharepoint.com/personal/suchanj_vscht_cz/_layouts/15/stream.aspx?UniqueId=5074d545%2D2f70%2D5ab0%2D7a29%2Dcfda7f15ad7b&Translate=false&referrer=StreamWebApp%2EWeb&referrerScenario=AddressBarCopied%2Eview%2Eca67aaed%2D5ff6%2D4a62%2Dab3e%2D1321e98e0f35";"Matice hustoty";"Petr Slavíček";"Kvantová mechanika v chemii: Pokročilý kurz";9;"kvantová mechanika,QM,matice hustoty,hustota,řídicí rovnice,pravdepodobnost,populace,koherence";"přednáška";"M403020";;"https://web.microsoftstream.com/video/d00ae997-2d50-4d8d-8164-609f19a0e5d0";
"https://vscht-my.sharepoint.com/personal/suchanj_vscht_cz/_layouts/15/stream.aspx?UniqueId=d11cf783%2D69a0%2D58c6%2D81bc%2D8f29e1a4daa7&Translate=false&referrer=StreamWebApp%2EWeb&referrerScenario=AddressBarCopied%2Eview%2E12e7028b%2Dc67f%2D4785%2D868d%2D8a5d7cd99b60";"NMR – energie spinu v magnetickém poli";"Petr Slavíček";"Kvantová mechanika v chemii: Pokročilý kurz";10;"kvantová mechanika,QM,NMR,nukleární magnetická rezonance,spin,magnetické pole,gyromagnetický poměr";"přednáška";"M403020";;"https://web.microsoftstream.com/video/4cbd1de7-369e-48c8-9fd2-1656c4b42e85";
"https://vscht-my.sharepoint.com/personal/suchanj_vscht_cz/_layouts/15/stream.aspx?UniqueId=9564db00%2Dbf1d%2D5bda%2D80c3%2D260afcb48946&Translate=false&referrer=StreamWebApp%2EWeb&referrerScenario=AddressBarCopied%2Eview%2E318d475d%2Da820%2D4ee7%2Da91c%2D8eace435d0fc";"Jak se měří v NMR? (a Blochovy rovnice)";"Petr Slavíček";"Kvantová mechanika v chemii: Pokročilý kurz";10;"kvantová mechanika,QM,NMR,nukleární magnetická rezonance,spin,Blochovy rovnice,Rabi,vektor magnetizace";"přednáška";"M403020";;"https://web.microsoftstream.com/video/6dc0aec2-fd0f-45cd-ba87-ed43462f7594";
"https://vscht-my.sharepoint.com/personal/suchanj_vscht_cz/_layouts/15/stream.aspx?UniqueId=1c73bf42%2D3a80%2D5dca%2Dbd76%2Ddead47d285fd&Translate=false&referrer=StreamWebApp%2EWeb&referrerScenario=AddressBarCopied%2Eview%2Ef13602ea%2D5136%2D4c85%2D8b76%2Df575c673d6e4";"NMR – časový vývoj";"Petr Slavíček";"Kvantová mechanika v chemii: Pokročilý kurz";10;"kvantová mechanika,QM,NMR,nukleární magnetická rezonance,spin,gyromagnetický poměr,Liouville-von Neumann";"přednáška";"M403020";;"https://web.microsoftstream.com/video/1d8b6ac9-b274-4c97-a661-42ffb8614677";
"https://vscht-my.sharepoint.com/personal/suchanj_vscht_cz/_layouts/15/stream.aspx?UniqueId=73ec41ad%2D3394%2D5cf4%2D1196%2Df3d1af9b3f90&Translate=false&referrer=StreamWebApp%2EWeb&referrerScenario=AddressBarCopied%2Eview%2Ee9d1ea32%2D0df6%2D46e3%2D951d%2D6b0b9f7e5739";"Vícefotonové děje: Přehled";"Petr Slavíček";"Kvantová mechanika v chemii: Pokročilý kurz";11;"kvantová mechanika,QM,foton,vícefotonové děje,vícefotonová spektroskopie,Ramanův rozptyl,Rayleighův rozptyl";"přednáška";"M403020";;"https://web.microsoftstream.com/video/4b00a1a2-fc4c-4aef-8cf6-7f033a1d045f";
"https://vscht-my.sharepoint.com/personal/suchanj_vscht_cz/_layouts/15/stream.aspx?UniqueId=66e1a46b%2D7adf%2D55ad%2D7075%2D9e10a97dcbb2&Translate=false&referrer=StreamWebApp%2EWeb&referrerScenario=AddressBarCopied%2Eview%2Ee93300a5%2Dba83%2D41ef%2Db13a%2Dc947f241ab6c";"Ramanův rozptyl: Klasický pohled";"Petr Slavíček";"Kvantová mechanika v chemii: Pokročilý kurz";11;"kvantová mechanika,QM,foton,vícefotonové děje,vícefotonová spektroskopie,Ramanův rozptyl";"přednáška";"M403020";;"https://web.microsoftstream.com/video/f07a0807-c09d-4529-a715-53d80b04a4d3";
"https://vscht-my.sharepoint.com/personal/suchanj_vscht_cz/_layouts/15/stream.aspx?UniqueId=c2e0197b%2D497c%2D53fa%2Dbe3d%2Dcc47c7212ba9&Translate=false&referrer=StreamWebApp%2EWeb&referrerScenario=AddressBarCopied%2Eview%2E7f95188a%2Dced7%2D4c76%2D9c33%2D97ac22b1d9c7";"Dvoufotonové děje: Kvantový pohled";"Petr Slavíček";"Kvantová mechanika v chemii: Pokročilý kurz";11;"kvantová mechanika,QM,foton,vícefotonové děje,vícefotonová spektroskopie,dvoufotonové dejě,dvoufotonová absorpce,operátor polarizovatelnosti,polarizovatelnost";"přednáška";"M403020";;"https://web.microsoftstream.com/video/d83a52cb-5d23-4576-af8a-d8437efbb3c4";
"https://vscht-my.sharepoint.com/personal/suchanj_vscht_cz/_layouts/15/stream.aspx?UniqueId=ce1f9307%2D8dc4%2D55c8%2Dd74c%2D28654d657599&Translate=false&referrer=StreamWebApp%2EWeb&referrerScenario=AddressBarCopied%2Eview%2Ef09dde8d%2D5c79%2D4dae%2D837a%2D95a3e5c2c8f5";"Dvoufotonová absorpce: Poruchová teorie";"Petr Slavíček";"Kvantová mechanika v chemii: Pokročilý kurz";11;"kvantová mechanika,QM,foton,vícefotonové děje,vícefotonová spektroskopie,dvoufotonové dejě,dvoufotonová absorpce,poruchová teorie";"přednáška";"M403020";;"https://web.microsoftstream.com/video/9e15b2b4-a6b2-427c-92cb-b1ccca06881e";
"https://vscht-my.sharepoint.com/personal/suchanj_vscht_cz/_layouts/15/stream.aspx?UniqueId=b4efa89a%2Dfdf3%2D5a9e%2D1fca%2Dfd001c28ac7c&Translate=false&referrer=StreamWebApp%2EWeb&referrerScenario=AddressBarCopied%2Eview%2E6ed58427%2D0ef6%2D4e06%2D9729%2Dff6b01728417";"Chiroptické techniky: Úvod";"Petr Slavíček";"Kvantová mechanika v chemii: Pokročilý kurz";12;"kvantová mechanika,QM,chiroptické techniky,chiralita,chirální molekula,polarizovatelnost,polarimetrie,cirkulární dichroismus";"přednáška";"M403020";;"https://web.microsoftstream.com/video/7b063953-2b18-46cf-8cbf-4f31b37720a7";
"https://vscht-my.sharepoint.com/personal/suchanj_vscht_cz/_layouts/15/stream.aspx?UniqueId=edb12f0d%2Decd6%2D57b2%2D7758%2Dfe93c405b464&Translate=false&referrer=StreamWebApp%2EWeb&referrerScenario=AddressBarCopied%2Eview%2E34096021%2Df155%2D4df9%2Da609%2D874c01cbe6f7";"Elektrické a magnetické přechody";"Petr Slavíček";"Kvantová mechanika v chemii: Pokročilý kurz";12;"kvantová mechanika,QM,elektrický přechod,magnetický přechod,cirkulární dichroismus,chiralita";"přednáška";"M403020";;"https://web.microsoftstream.com/video/280e5747-92d3-4a9b-ad32-2efda05370e4";
"https://vscht-my.sharepoint.com/personal/suchanj_vscht_cz/_layouts/15/stream.aspx?UniqueId=0c96388c%2Dd63e%2D568d%2Da9ca%2D5adc2e47216c&Translate=false&referrer=StreamWebApp%2EWeb&referrerScenario=AddressBarCopied%2Eview%2E95966764%2Db261%2D48bb%2D98fc%2D0abe5a4ff62b";"Cirkulární dichroismus: Kvantová teorie";"Petr Slavíček";"Kvantová mechanika v chemii: Pokročilý kurz";12;"kvantová mechanika,QM,cirkulární dichroismus";"přednáška";"M403020";;"https://web.microsoftstream.com/video/c93154a4-1d00-498d-89c8-4e273775cf11";
"https://vscht-my.sharepoint.com/personal/suchanj_vscht_cz/_layouts/15/stream.aspx?UniqueId=cb6bed5c%2Db286%2D52c7%2Dd100%2D141594853ee6&Translate=false&referrer=StreamWebApp%2EWeb&referrerScenario=AddressBarCopied%2Eview%2Eace7d827%2D3c4d%2D40e7%2D8a4d%2D70da7ef4ba03";"Magnetický cirkulární dichroismus";"Petr Slavíček";"Kvantová mechanika v chemii: Pokročilý kurz";12;"kvantová mechanika,QM,magnetický cirkulární dichroismus,cirkulární dichroismus,Zeeman,chiralita";"přednáška";"M403020";;"https://web.microsoftstream.com/video/38306ae5-e203-4eb7-bb51-3c38bb018c06";
"https://vscht-my.sharepoint.com/personal/suchanj_vscht_cz/_layouts/15/stream.aspx?UniqueId=d2750a96%2Dce07%2D5189%2D0f78%2Dbda5c2726eab&Translate=false&referrer=StreamWebApp%2EWeb&referrerScenario=AddressBarCopied%2Eview%2E1d77397b%2Dd0a8%2D4958%2Db640%2D9e062261dacc";"Rezonanční přenos energie: Úvod";"Petr Slavíček";"Kvantová mechanika v chemii: Pokročilý kurz";13;"kvantová mechanika,QM,přenos energie,rezonance,rezonanční přenos energie,excitovaná molekula,vibrační hladina,emise,fosforescence";"přednáška";"M403020";;"https://web.microsoftstream.com/video/9ae7c91a-0deb-4dfc-85c5-dcc715a1057b";
"https://vscht-my.sharepoint.com/personal/suchanj_vscht_cz/_layouts/15/stream.aspx?UniqueId=c27cd569%2D4121%2D5af9%2D3572%2D5fdb960786fd&Translate=false&referrer=StreamWebApp%2EWeb&referrerScenario=AddressBarCopied%2Eview%2E875c82ab%2Dce0a%2D42e4%2Da03a%2Dc0f70b0cd15d";"Mechanismus B: Försterův";"Petr Slavíček";"Kvantová mechanika v chemii: Pokročilý kurz";13;"kvantová mechanika,QM,Försterův mechanismus,FRET,excitovaný stav,přenos energie";"přednáška";"M403020";;"https://web.microsoftstream.com/video/29aaca4d-7c5c-449c-85a7-323cd2df05b9";
"https://vscht-my.sharepoint.com/personal/suchanj_vscht_cz/_layouts/15/stream.aspx?UniqueId=72ee61b9%2D6cda%2D5001%2Dfa93%2Dfb5de1df9a0a&Translate=false&referrer=StreamWebApp%2EWeb&referrerScenario=AddressBarCopied%2Eview%2Edc14cb40%2D7be3%2D4b3f%2Da2ca%2Dd6f7017ec4e2";"Mechanismus C: Dexterův";"Petr Slavíček";"Kvantová mechanika v chemii: Pokročilý kurz";13;"kvantová mechanika,QM,Dexterův mechanismus,přenos energie,excitovaný stav,Coulombovský člen";"přednáška";"M403020";;"https://web.microsoftstream.com/video/60d4149f-d258-4305-aa6c-3349dceb2419";
"https://vscht-my.sharepoint.com/personal/suchanj_vscht_cz/_layouts/15/stream.aspx?UniqueId=8e00a461%2D9898%2D58c3%2Db94d%2D835c32a7a5ee&Translate=false&referrer=StreamWebApp%2EWeb&referrerScenario=AddressBarCopied%2Eview%2E444798d9%2Df244%2D4a60%2D89e3%2D1671c0de063f";"Rezonanční přenos energie: Příklady";"Petr Slavíček";"Kvantová mechanika v chemii: Pokročilý kurz";13;"kvantová mechanika,QM,přenos energie,rezonance,rezonanční přenos energie,excitovaná molekula";"přednáška";"M403020";;"https://web.microsoftstream.com/video/55293308-548a-4b64-91a6-9b9e938514c7";
"https://vscht.sharepoint.com/sites/403-O365-videastavufyziklnchemie/_layouts/15/stream.aspx?UniqueId=1612a8f1%2D7492%2D546f%2D3ff4%2Db8c001748582&Translate=false&referrer=StreamWebApp%2EWeb&referrerScenario=AddressBarCopied%2Eview%2E57facb9d%2D6248%2D4541%2Dbd7f%2D69ac8d842fc5";"Stavová rovnice vody – program STEAM";"Jan Heyda";"Fyzikální chemie vodných roztoků";2;"STEAM,stavová rovnice vody,Hillova rovnice";"přednáška";"M403011";;"https://web.microsoftstream.com/video/d9d3ad20-990e-47b6-ae2a-39e372eebd3d";1
"https://vscht.sharepoint.com/sites/403-O365-videastavufyziklnchemie/_layouts/15/stream.aspx?UniqueId=5e700776%2D191d%2D5beb%2D2ea4%2D686195cdc301&Translate=false&referrer=StreamWebApp%2EWeb&referrerScenario=AddressBarCopied%2Eview%2Eca68605a%2D4c42%2D4796%2Da9a1%2D071f8da702b0";"Pohled do struktury vody – program VMD";"Jan Heyda";"Fyzikální chemie vodných roztoků";4;"VMD,struktura vody,radiální distribuční funkce,hydratační vrstva,difúze";"přednáška";"M403011";;"https://web.microsoftstream.com/video/ecb61f79-7e6d-43e7-bfb7-fdf251d7679e";1
"https://vscht.sharepoint.com/sites/403-O365-videastavufyziklnchemie/_layouts/15/stream.aspx?UniqueId=83e007fd%2Dd507%2D54b7%2Ddcbf%2D1da55d463254&Translate=false&referrer=StreamWebApp%2EWeb&referrerScenario=AddressBarCopied%2Eview%2E9858fee0%2D8758%2D4c23%2D8d61%2Dd28d58d41f0f";"Vlastnosti vody v kritické oblasti";"Jan Heyda";"Fyzikální chemie vodných roztoků";6;"STEAM,kritická oblast,termodynamické a kinetické vlastnosti";"přednáška";"M403011";;"https://web.microsoftstream.com/video/13a98b10-b6d3-45c0-9104-b8acb5c8144a";1
"https://vscht.sharepoint.com/sites/403-O365-videastavufyziklnchemie/_layouts/15/stream.aspx?UniqueId=9a97fc7f%2D3c85%2D515a%2D5196%2D03bc14a449ee&Translate=false&referrer=StreamWebApp%2EWeb&referrerScenario=AddressBarCopied%2Eview%2E09ed8c81%2De3e6%2D4ce2%2Dbd83%2D92e66f3ed61e";"Standardní stavy";"Pavel Vrbka";"Fyzikální chemie vodných roztoků";8;"standardní stavy,nekonečné zředění,čistá látka za pT-systému,přechod mezi standardními stavy";"přednáška";"M403011";;"https://web.microsoftstream.com/video/c870e735-9ca7-4638-a7a7-afe566499929";1
"https://vscht.sharepoint.com/sites/403-O365-videastavufyziklnchemie/_layouts/15/stream.aspx?UniqueId=b40d5f9d%2Df8b6%2D53d6%2D26f3%2D576d3d6def50&Translate=false&referrer=StreamWebApp%2EWeb&referrerScenario=AddressBarCopied%2Eview%2E57e094c1%2D3253%2D4551%2D9734%2Dc88c1157124b";"Objemové vlastnosti směsi voda–ethanol";"Pavel Vrbka";"Fyzikální chemie vodných roztoků";10;"směs voda-ethanol,zpracování hustotních dat,zdánlivý objem,molární objem";"přednáška";"M403011";;"https://web.microsoftstream.com/video/fdc292ac-e70e-4ee8-a431-7dcf26c5ef26";1
"https://vscht.sharepoint.com/sites/403-O365-videastavufyziklnchemie/_layouts/15/stream.aspx?UniqueId=dfe3555f%2D4c9b%2D5708%2D84f1%2D52702d4f8152&Translate=false&referrer=StreamWebApp%2EWeb&referrerScenario=AddressBarCopied%2Eview%2E8c58f4e2%2D4788%2D4837%2Db953%2D3b8b4c60b9c9";"Hydratace rozpuštěnců";"Jan Heyda";"Fyzikální chemie vodných roztoků";12;"hydratace nepolárních rozpuštěnců,hydratace polárních rozpuštěnců,hydratace nabitých rozpuštěnců,Bornův model";"přednáška";"M403011";;"https://web.microsoftstream.com/video/5888a96d-5756-4e3a-9d34-7c871f2104cd";1
"https://vscht.sharepoint.com/sites/403-O365-videastavufyziklnchemie/_layouts/15/stream.aspx?UniqueId=6486b433%2D9271%2D57b8%2D8849%2D4ada9be533d1&Translate=false&referrer=StreamWebApp%2EWeb&referrerScenario=AddressBarCopied%2Eview%2E56f7f21c%2D1b9f%2D47f7%2D9707%2D30461cc94a6a";"Základy nerovnovážné termodynamiky – úvod";"Karel Friess";"Transportní a membránové procesy";1;"tokové bilanční rovnice,hnací síly,nevratná termodynamika";"přednáška";"P403007";;"https://web.microsoftstream.com/video/edaeef44-b4ca-4d4e-8f62-1215c40e25f8";1
"https://vscht.sharepoint.com/sites/403-O365-videastavufyziklnchemie/_layouts/15/stream.aspx?UniqueId=f8e2d16c%2Df854%2D5b8e%2D3266%2D3349eeacd450&Translate=false&referrer=StreamWebApp%2EWeb&referrerScenario=AddressBarCopied%2Eview%2Eaa46e2f8%2Dab74%2D46b7%2Db678%2D5e4606246967";"Základy nerovnovážné termodynamiky – bilanční rovnice, vícesložkové systémy a difuze";"Karel Friess";"Transportní a membránové procesy";2;"Fickovy zákony,difuze,1. Fickův zákon,2. Fickův zákon";"přednáška";"P403007";;"https://web.microsoftstream.com/video/27b4865e-14fa-4ef4-b7b1-86cbdaf37d0b";1
"https://vscht.sharepoint.com/sites/403-O365-videastavufyziklnchemie/_layouts/15/stream.aspx?UniqueId=652e0ba8%2D1b7f%2D5a46%2D03b6%2D79faa0704dfd&Translate=false&referrer=StreamWebApp%2EWeb&referrerScenario=AddressBarCopied%2Eview%2E36642a38%2D7f96%2D4390%2D8297%2Db743ba218c32";"Transport v membránách";"Karel Friess";"Transportní a membránové procesy";3;"porézní a neporézní materiály,Knudsen,rozpustnostně-difuzní model,sítový efekt";"přednáška";"P403007";;"https://web.microsoftstream.com/video/043b9245-8ac6-4372-8100-8344f8d91b39";1
"https://vscht.sharepoint.com/sites/403-O365-videastavufyziklnchemie/_layouts/15/stream.aspx?UniqueId=bd17ca67%2D4288%2D52d6%2Da677%2Da7a0cc5c363d&Translate=false&referrer=StreamWebApp%2EWeb&referrerScenario=AddressBarCopied%2Eview%2E290538a5%2D4132%2D4236%2Db8f6%2D64f044a3e7c6";"Transport v roztocích elektrolytů – Donnanova rovhováha";"Karel Friess";"Transportní a membránové procesy";4;"Donananova rovnováha,vodivost,pohyblivost,konvekce,migrace,difuze";"přednáška";"P403007";;"https://web.microsoftstream.com/video/9f1ed417-15aa-4c7f-a59c-eb373d36f669";1
"https://vscht.sharepoint.com/sites/403-O365-videastavufyziklnchemie/_layouts/15/stream.aspx?UniqueId=e99efc9e%2D6ae8%2D50c2%2D808e%2D998012d7b93a&Translate=false&referrer=StreamWebApp%2EWeb&referrerScenario=AddressBarCopied%2Eview%2E28919626%2Da4a8%2D40b9%2Db320%2D00429de2dc2b";"Osmotická rovnováha, reverzní a přímá osmóza";"Karel Friess";"Transportní a membránové procesy";5;"osmotický tlak,revezní osmóza,přímá osmóza";"přednáška";"P403007";;"https://web.microsoftstream.com/video/3e62c5f3-1431-4bfd-bcfd-22f78c76e6ec";1
"https://vscht.sharepoint.com/sites/403-O365-videastavufyziklnchemie/_layouts/15/stream.aspx?UniqueId=4f1c7d97%2Db511%2D5ca9%2Dd591%2Dfa9e5b024c5c&Translate=false&referrer=StreamWebApp%2EWeb&referrerScenario=AddressBarCopied%2Eview%2Ecbe370e4%2D5783%2D425c%2Db6d5%2D1140afce0b3f";"Membránové separační procesy";"Karel Friess";"Transportní a membránové procesy";6;"tlakové procesy,elektromembránové procesy,ostatní separace";"přednáška";"P403007";;"https://web.microsoftstream.com/video/1aef58e9-778c-400c-a492-dde38de4e38f";1
"https://vscht.sharepoint.com/sites/403-O365-videastavufyziklnchemie/_layouts/15/stream.aspx?UniqueId=fc451f0b%2D8d3f%2D5285%2D311d%2D27f9248603e2&Translate=false&referrer=StreamWebApp%2EWeb&referrerScenario=AddressBarCopied%2Eview%2E27be92f9%2D841d%2D46a3%2Da1bc%2D4209939437b2";"Separace plynů a par I+II";"Karel Friess";"Transportní a membránové procesy";7;"permeace,selektivita,Robesonův diagram,horní hranice";"přednáška";"P403007";;"https://web.microsoftstream.com/video/061fe230-2f3a-41c1-92ae-55a6845377f3";1
"https://vscht.sharepoint.com/sites/403-O365-videastavufyziklnchemie/_layouts/15/stream.aspx?UniqueId=fc451f0b%2D8d3f%2D5285%2D311d%2D27f9248603e2&Translate=false&referrer=StreamWebApp%2EWeb&referrerScenario=AddressBarCopied%2Eview%2E0753daaf%2D0899%2D404d%2Dafdc%2Dc01296bc507e";"Separace plynů a par I+II";"Karel Friess";"Transportní a membránové procesy";8;"permeace,selektivita,Robesonův diagram,horní hranice";"přednáška";"P403007";;"https://web.microsoftstream.com/video/061fe230-2f3a-41c1-92ae-55a6845377f3";1
"https://vscht.sharepoint.com/sites/403-O365-videastavufyziklnchemie/_layouts/15/stream.aspx?UniqueId=e086dc7b%2D0a9c%2D550e%2Da8f9%2D876d5a9fc172&Translate=false&referrer=StreamWebApp%2EWeb&referrerScenario=AddressBarCopied%2Eview%2Ed6b432b1%2D73a0%2D4ef2%2Da42d%2D996ceaea8a40";"Příprava membrán";"Karel Friess";"Transportní a membránové procesy";9;"metody přípravy membrán,MMMs,iotové kapaliny,MOF,inverze fází,stárnutí,membrána";"přednáška";"P403007";;"https://web.microsoftstream.com/video/42b3f115-b7d0-4fb2-a79e-9a2e78ded00c";1
"https://vscht.sharepoint.com/sites/403-O365-videastavufyziklnchemie/_layouts/15/stream.aspx?UniqueId=4788dfb7%2D29b1%2D50c4%2D2878%2D128dfdfb6507&Translate=false&referrer=StreamWebApp%2EWeb&referrerScenario=AddressBarCopied%2Eview%2Edafcd3dd%2Df468%2D4b1d%2D8346%2D6849ece7ffad";"Charakterizace membrán";"Karel Friess";"Transportní a membránové procesy";10;"materiálová charakterizace,XRD,TGA,TIR,BET";"přednáška";"P403007";;"https://web.microsoftstream.com/video/00bde71d-35ec-44e2-8909-b500e547613e";1
"https://vscht.sharepoint.com/sites/403-O365-videastavufyziklnchemie/_layouts/15/stream.aspx?UniqueId=62b0a8f2%2Dbdd0%2D5c89%2D2035%2D4780f8ee80a7&Translate=false&referrer=StreamWebApp%2EWeb&referrerScenario=AddressBarCopied%2Eview%2Ec5a6e4f0%2Ddad3%2D463d%2Dbf14%2Df95ae736374f";"Membránové separace – proces design";"Karel Friess";"Transportní a membránové procesy";13;"permeace,permeance,stage-cut,pressure ratio";"přednáška";"P403007";;"https://web.microsoftstream.com/video/7dbecc89-ea6e-4670-ba59-0da191a38345";1
"https://vscht.sharepoint.com/sites/403-O365-videastavufyziklnchemie/_layouts/15/stream.aspx?UniqueId=c0369976%2Dca92%2D58ca%2D1569%2D807b4bae2f56&Translate=false&referrer=StreamWebApp%2EWeb&referrerScenario=AddressBarCopied%2Eview%2Eda4bc2a9%2D8c91%2D42fb%2Daadf%2D00530c29bf45";"Termodynamické veličiny, část 1.";"Michal Fulem";"Stavové chování a termodynamické vlastnosti tekutin";2;"termodynamické veličiny,ideální plyn";"cvičení";"M403008";;"https://web.microsoftstream.com/video/ebe06289-30e2-4baf-95ee-bd51b36837f1";1
"https://vscht.sharepoint.com/sites/403-O365-videastavufyziklnchemie/_layouts/15/stream.aspx?UniqueId=fe027ef7%2D40b8%2D565f%2D1562%2D7bdbcd7ace36&Translate=false&referrer=StreamWebApp%2EWeb&referrerScenario=AddressBarCopied%2Eview%2Eda15a727%2Dae86%2D4859%2Da00d%2D2a0530b4d3e7";"Termodynamické veličiny, část 2.";"Michal Fulem";"Stavové chování a termodynamické vlastnosti tekutin";2;"termodynamické veličiny,ideální plyn";"cvičení";"M403008";;"https://web.microsoftstream.com/video/1c7bbeb5-4acd-45be-a1ea-62064a4cf234";1
"https://vscht.sharepoint.com/sites/403-O365-videastavufyziklnchemie/_layouts/15/stream.aspx?UniqueId=b95903f0%2D68b7%2D53be%2Da675%2D16b911d6a912&Translate=false&referrer=StreamWebApp%2EWeb&referrerScenario=AddressBarCopied%2Eview%2Eba8b6263%2Dfc29%2D4296%2D8588%2Dec218373b6d3";"Extenzivní kritériá rovnováhy, část 1.";"Michal Fulem";"Stavové chování a termodynamické vlastnosti tekutin";3;"extenzivní kritéria rovnováhy,chemická rovnováha za konstantní teploty a objemu";"cvičení";"M403008";;"https://web.microsoftstream.com/video/b8b2c2c8-cf6f-4ee1-afcb-be4889cc6093";1
"https://vscht.sharepoint.com/sites/403-O365-videastavufyziklnchemie/_layouts/15/stream.aspx?UniqueId=8e49db18%2D5b5c%2D5a35%2D35a7%2Dd5d419ba6982&Translate=false&referrer=StreamWebApp%2EWeb&referrerScenario=AddressBarCopied%2Eview%2E9c1f8702%2Df341%2D4eab%2Daf49%2Dd5fadba89142";"Extenzivní kritériá rovnováhy, část 2.";"Michal Fulem";"Stavové chování a termodynamické vlastnosti tekutin";3;"extenzivní kritéria rovnováhy,osmotická rovnováha";"cvičení";"M403008";;"https://web.microsoftstream.com/video/0dc24199-73e8-44ed-a5a4-3792d86ea599";1
"https://vscht.sharepoint.com/sites/403-O365-videastavufyziklnchemie/_layouts/15/stream.aspx?UniqueId=dc082203%2Dd4ad%2D5622%2Db443%2D63e43c6eb547&Translate=false&referrer=StreamWebApp%2EWeb&referrerScenario=AddressBarCopied%2Eview%2E85338ebd%2D0888%2D4847%2D84bd%2Dc5c21e184669";"Extenzivní kritériá rovnováhy, část 3.";"Michal Fulem";"Stavové chování a termodynamické vlastnosti tekutin";3;"extenzivní kritéria rovnováhy,chemická rovnováha za konstantního tlaku a adiabatických podmínek";"cvičení";"M403008";;"https://web.microsoftstream.com/video/c91ae851-1ed0-48c5-9b56-94bbf036d1f6";1
"https://vscht.sharepoint.com/sites/403-O365-videastavufyziklnchemie/_layouts/15/stream.aspx?UniqueId=03a5e953%2De2ca%2D59bb%2Dc207%2D5ee33d324fdf&Translate=false&referrer=StreamWebApp%2EWeb&referrerScenario=AddressBarCopied%2Eview%2E8d1e9b9f%2D18ae%2D462c%2D8c88%2D0bbaddf03c93";"Extenzivní kritériá rovnováhy, část 4.";"Michal Fulem";"Stavové chování a termodynamické vlastnosti tekutin";3;"extenzivní kritéria rovnováhy,simultánní reakce";"cvičení";"M403008";;"https://web.microsoftstream.com/video/0d57baf4-3d95-4f9e-8dea-541420b9d9e8";1
"https://vscht.sharepoint.com/sites/403-O365-videastavufyziklnchemie/_layouts/15/stream.aspx?UniqueId=8b66e4e5%2Dfe2c%2D56bd%2D63df%2D989b6c32bb91&Translate=false&referrer=StreamWebApp%2EWeb&referrerScenario=AddressBarCopied%2Eview%2E76ed3739%2D6612%2D44c5%2Da355%2D19af4b484286";"Stavové chování reálných plynů, část 1.";"Michal Fulem";"Stavové chování a termodynamické vlastnosti tekutin";4;"stavové chování reálných plynů,objemový viriálový rozvoj,reálný plyn";"cvičení";"M403008";;"https://web.microsoftstream.com/video/7dc6ae73-58b9-4cb9-94cb-821fced44dcd";1
"https://vscht.sharepoint.com/sites/403-O365-videastavufyziklnchemie/_layouts/15/stream.aspx?UniqueId=2a855e6f%2De451%2D5144%2D149d%2D4c5ed983039e&Translate=false&referrer=StreamWebApp%2EWeb&referrerScenario=AddressBarCopied%2Eview%2E73035b44%2Db9f4%2D413a%2D8f59%2D6ae9fbe7ec1a";"Stavové chování reálných plynů, část 2.";"Michal Fulem";"Stavové chování a termodynamické vlastnosti tekutin";4;"stavové chování reálných plynů,viriálová stavová rovnice směsi,reálný plyn";"cvičení";"M403008";;"https://web.microsoftstream.com/video/54631ce9-84bb-4341-9c4e-b1939363e2bc";1
"https://vscht.sharepoint.com/sites/403-O365-videastavufyziklnchemie/_layouts/15/stream.aspx?UniqueId=14ea73d0%2D91b8%2D538a%2Daba1%2Daffadf575beb&Translate=false&referrer=StreamWebApp%2EWeb&referrerScenario=AddressBarCopied%2Eview%2E7a0f7ab0%2D5c22%2D40fe%2Dbcaa%2Dcae4fdcb0382";"Stavové chování – závislost tlaku na látk.množství";"Michal Fulem";"Stavové chování a termodynamické vlastnosti tekutin";4;"stavové chování,autokláv,tlak,látkové množství";"cvičení";"M403008";;"https://web.microsoftstream.com/video/886e71c5-4249-4c76-aefa-41fdd25f69c0";1
"https://vscht.sharepoint.com/sites/403-O365-videastavufyziklnchemie/_layouts/15/stream.aspx?UniqueId=4a1c25cb%2D12c0%2D5922%2D892e%2D62adcafe0885&Translate=false&referrer=StreamWebApp%2EWeb&referrerScenario=AddressBarCopied%2Eview%2E90bb7fbc%2Dea01%2D4962%2D8f74%2D8f85ea0558f2";"Stavové chování – VDW rovnice a výpočet objemu";"Michal Fulem";"Stavové chování a termodynamické vlastnosti tekutin";4;"stavové chování,výpočet objemu,van der Waalsova rovnice,VDW";"cvičení";"M403008";;"https://web.microsoftstream.com/video/b925b187-ca28-46ff-a960-15768a8a1ef9";1
"https://vscht.sharepoint.com/sites/403-O365-videastavufyziklnchemie/_layouts/15/stream.aspx?UniqueId=f4e97444%2D50b0%2D5faa%2D36d0%2D49bfad3578ee&Translate=false&referrer=StreamWebApp%2EWeb&referrerScenario=AddressBarCopied%2Eview%2E09f639df%2D52b0%2D4463%2Daad0%2D8a857ff392df";"Stavové chování reálných plynů, část 3.";"Michal Fulem";"Stavové chování a termodynamické vlastnosti tekutin";5;"stavové chování,reálný plyn,van der Waalsova rovnice,Redlichova–Kwongova stavová rovnice,VDW";"cvičení";"M403008";;"https://web.microsoftstream.com/video/29bf6741-d17a-4984-b0b0-3e0c78fc8104";1
"https://vscht.sharepoint.com/sites/403-O365-videastavufyziklnchemie/_layouts/15/stream.aspx?UniqueId=6b137a07%2Da6b3%2D51f0%2D2e71%2D0b025a557f0f&Translate=false&referrer=StreamWebApp%2EWeb&referrerScenario=AddressBarCopied%2Eview%2E4a4597f9%2Dc658%2D4de4%2Da70d%2D09d563e9417e";"Stavové chování reálných plynů, část 4.";"Michal Fulem";"Stavové chování a termodynamické vlastnosti tekutin";5;"stavové chování,reálný plyn,výpočet hustoty směsi,Amagatův zákon,Redlichova–Kwongova rovnice";"cvičení";"M403008";;"https://web.microsoftstream.com/video/4441ca4b-7d80-4c24-9f2a-19b422da7110";1
"https://vscht.sharepoint.com/sites/403-O365-videastavufyziklnchemie/_layouts/15/stream.aspx?UniqueId=1887bef5%2D0911%2D5add%2D8603%2D3da157ceaaae&Translate=false&referrer=StreamWebApp%2EWeb&referrerScenario=AddressBarCopied%2Eview%2Ed14e76cb%2D4559%2D4510%2Da18d%2D68a5ea2a9b1e";"Stavové chování reálných plynů, část 5.";"Michal Fulem";"Stavové chování a termodynamické vlastnosti tekutin";5;"stavové chování,reálný plyn,Boyleova teplota,inverzní teplota";"cvičení";"M403008";;"https://web.microsoftstream.com/video/06452a84-e496-47a2-8c6c-c9c00912fde2";1
"https://vscht.sharepoint.com/sites/403-O365-videastavufyziklnchemie/_layouts/15/stream.aspx?UniqueId=c4e0d69e%2D4b89%2D53b9%2D95f1%2Df873ad608955&Translate=false&referrer=StreamWebApp%2EWeb&referrerScenario=AddressBarCopied%2Eview%2E7bfdee05%2D42ce%2D4342%2D8ef4%2Dd917f6981e2e";"Stavové chování reálných plynů, část 6.";"Michal Fulem";"Stavové chování a termodynamické vlastnosti tekutin";5;"stavové chování,reálný plyn,Benedictova–Webbova–Rubinova rovnice,BWR";"cvičení";"M403008";;"https://web.microsoftstream.com/video/f5423de6-d0fd-427b-b747-fb4da8a04d59";1
"https://vscht.sharepoint.com/sites/403-O365-videastavufyziklnchemie/_layouts/15/stream.aspx?UniqueId=142de883%2Dc5bb%2D567d%2D5e51%2D2f9ab3b021e5&Translate=false&referrer=StreamWebApp%2EWeb&referrerScenario=AddressBarCopied%2Eview%2Ef530edd4%2D3eec%2D408f%2Daf5f%2D723cbbfada8f";"Doplňkové a reziduální veličiny, část 1.";"Michal Fulem";"Stavové chování a termodynamické vlastnosti tekutin";6;"doplňkové veličiny,reziduální veličiny,dodatkové veličiny";"cvičení";"M403008";;"https://web.microsoftstream.com/video/2291f15b-29f0-4828-bbc2-6785599935f7";1
"https://vscht.sharepoint.com/sites/403-O365-videastavufyziklnchemie/_layouts/15/stream.aspx?UniqueId=574faebe%2D8bed%2D59e7%2D49ba%2D366a864f87e0&Translate=false&referrer=StreamWebApp%2EWeb&referrerScenario=AddressBarCopied%2Eview%2Ea803b18f%2Db316%2D4da4%2Db5a4%2D911edc147cfe";"Doplňkové a reziduální veličiny, část 2.";"Michal Fulem";"Stavové chování a termodynamické vlastnosti tekutin";6;"doplňkové veličiny,reziduální veličiny,dodatkové veličiny,doplňková entalpie,izobarická tepelné kapacita,fugacita směsi,Jouleův–Thomsonův koeficient,ternární směs";"cvičení";"M403008";;"https://web.microsoftstream.com/video/604108b2-7cd2-48e4-a576-1341174a704f";1
"https://vscht.sharepoint.com/sites/403-O365-videastavufyziklnchemie/_layouts/15/stream.aspx?UniqueId=38f1b72d%2Dbe32%2D5a4d%2Def90%2Dff35f1e85544&Translate=false&referrer=StreamWebApp%2EWeb&referrerScenario=AddressBarCopied%2Eview%2E6fb2b459%2D94a3%2D466a%2Db684%2Dd5c5c0c3fd65";"Doplňkové a reziduální veličiny, část 3.";"Michal Fulem";"Stavové chování a termodynamické vlastnosti tekutin";6;"doplňkové veličiny,reziduální veličiny,dodatkové veličiny,Redlichova–Kwongova rovnice,směs";"cvičení";"M403008";;"https://web.microsoftstream.com/video/c27c55ab-ae09-40b3-8d5b-46f54c08051e";1
"https://vscht.sharepoint.com/sites/403-O365-videastavufyziklnchemie/_layouts/15/stream.aspx?UniqueId=7cdfce1f%2D12a1%2D55e8%2Df45b%2D2ebc3cfa4cfa&Translate=false&referrer=StreamWebApp%2EWeb&referrerScenario=AddressBarCopied%2Eview%2E54c90419%2Ddd4f%2D468a%2Da6fb%2Db863b345011d";"Výpočet tepla a práce";"Michal Fulem";"Stavové chování a termodynamické vlastnosti tekutin";7;"výpočet tepla,výpočet práce,izotermická komprese";"cvičení";"M403008";;"https://web.microsoftstream.com/video/e15116e6-73a4-4f93-917d-7a4c9814d294";1
"https://vscht.sharepoint.com/sites/403-O365-videastavufyziklnchemie/_layouts/15/stream.aspx?UniqueId=51baf61e%2D5b90%2D5499%2D0eb4%2D1b21d76a39a8&Translate=false&referrer=StreamWebApp%2EWeb&referrerScenario=AddressBarCopied%2Eview%2E3c90f509%2Db679%2D4f4a%2Db828%2D87a6d3e6b76d";"Adiabatický vratný děj";"Michal Fulem";"Stavové chování a termodynamické vlastnosti tekutin";8;"adiabatický vratný děj";"cvičení";"M403008";;"https://web.microsoftstream.com/video/5c836c12-5292-4719-9a18-36fd1cf755be";1
"https://vscht.sharepoint.com/sites/403-O365-videastavufyziklnchemie/_layouts/15/stream.aspx?UniqueId=2404b230%2D9407%2D525f%2Df753%2D0cf0e0d18d02&Translate=false&referrer=StreamWebApp%2EWeb&referrerScenario=AddressBarCopied%2Eview%2E5ff77de4%2De05f%2D4f93%2D9bdd%2Db6ed28bb0491";"Parciální molární veličiny, část 1.";"Michal Fulem";"Stavové chování a termodynamické vlastnosti tekutin";9;"parciální molární veličiny,parciální molární objem";"cvičení";"M403008";;"https://web.microsoftstream.com/video/87c47485-df6b-4c3a-be7d-91f99e9cd651";1
"https://vscht.sharepoint.com/sites/403-O365-videastavufyziklnchemie/_layouts/15/stream.aspx?UniqueId=23e03dd1%2De131%2D56e5%2D0e4e%2D502012c88626&Translate=false&referrer=StreamWebApp%2EWeb&referrerScenario=AddressBarCopied%2Eview%2E03f26268%2D038b%2D4512%2Da9ab%2Ddda71992bb9e";"Parciální molární veličiny, část 2.";"Michal Fulem";"Stavové chování a termodynamické vlastnosti tekutin";9;"parciální molární veličiny,výpočet parciálních molárních veličin,tlakový viriálový rozvoj";"cvičení";"M403008";;"https://web.microsoftstream.com/video/07a7c780-ce5c-4638-a9e2-105ebd8da97b";1
"https://vscht.sharepoint.com/sites/403-O365-videastavufyziklnchemie/_layouts/15/stream.aspx?UniqueId=e9d39251%2D3f40%2D59bc%2D369c%2D22b7bcf87ca0&Translate=false&referrer=StreamWebApp%2EWeb&referrerScenario=AddressBarCopied%2Eview%2E8733cbd3%2D384e%2D49cd%2D91c0%2D4ef72c2ccded";"Parciální molární veličiny, část 3.";"Michal Fulem";"Stavové chování a termodynamické vlastnosti tekutin";9;"parciálních molární veličiny,Redlichova–Kwongova rovnice";"cvičení";"M403008";;"https://web.microsoftstream.com/video/e9d36e39-01fb-4b16-b96e-824f77ec5915";1
"https://vscht.sharepoint.com/sites/403-O365-videastavufyziklnchemie/_layouts/15/stream.aspx?UniqueId=e6eeb382%2Dd1a2%2D5f56%2D73e8%2D1aad47a2af51&Translate=false&referrer=StreamWebApp%2EWeb&referrerScenario=AddressBarCopied%2Eview%2E287922e5%2Db135%2D48de%2D9ce2%2Df8b88b14ed97";"Parciální molární veličiny, část 4.";"Michal Fulem";"Stavové chování a termodynamické vlastnosti tekutin";10;"parciální molární veličiny,chemická rovnováha";"cvičení";"M403008";;"https://web.microsoftstream.com/video/587f1b9b-eadd-49e4-aecc-5376a4dbc494";1
"https://vscht.sharepoint.com/sites/403-O365-videastavufyziklnchemie/_layouts/15/stream.aspx?UniqueId=61c6126f%2D8426%2D53ec%2D640e%2Da3aadc289898&Translate=false&referrer=StreamWebApp%2EWeb&referrerScenario=AddressBarCopied%2Eview%2Eb52c1d2a%2D8f5a%2D41ba%2D9c07%2D3f4c7a70a898";"Rovnováha kapalina–pára";"Michal Fulem";"Stavové chování a termodynamické vlastnosti tekutin";10;"rovnováha kapalina-pára,Redlichova–Kwongova rovnice,VLE";"cvičení";"M403008";;"https://web.microsoftstream.com/video/a1e031ad-5619-4cae-ae01-73d1a0185627";1
"https://vscht.sharepoint.com/sites/403-O365-videastavufyziklnchemie/_layouts/15/stream.aspx?UniqueId=ba2a4cf3%2D4fa8%2D57b0%2D1f2e%2Dccedf9ce9fb5&Translate=false&referrer=StreamWebApp%2EWeb&referrerScenario=AddressBarCopied%2Eview%2Ee1d7b229%2D324e%2D4d2d%2Dbd34%2D587447a12921";"Fázové rovnováhy – jednosložkový systém, část 1.";"Michal Fulem";"Stavové chování a termodynamické vlastnosti tekutin";11;"fázové rovnováhy,jednosložkový systém,Clapeyronova rovnice,rovnováha kapalina-tuhá fáze,rovnováha pevná látka-kapalina,SLE";"cvičení";"M403008";;"https://web.microsoftstream.com/video/e58e36f5-36d2-4d88-b8f6-21ff9e1abb57";1
"https://vscht.sharepoint.com/sites/403-O365-videastavufyziklnchemie/_layouts/15/stream.aspx?UniqueId=6b600e05%2D24bd%2D5843%2Dba6c%2D33e1ceb4311d&Translate=false&referrer=StreamWebApp%2EWeb&referrerScenario=AddressBarCopied%2Eview%2E8292f9cd%2D5e7e%2D4ea5%2Dad92%2D9922e3a3b20d";"Fázové rovnováhy – jednosložkový systém, část 2.";"Michal Fulem";"Stavové chování a termodynamické vlastnosti tekutin";11;"fázové rovnováhy,jednosložkový systém,výparná entalpie";"cvičení";"M403008";;"https://web.microsoftstream.com/video/1ab05e21-f68e-4628-8173-78682cb41a47";1
"https://vscht.sharepoint.com/sites/403-O365-videastavufyziklnchemie/_layouts/15/stream.aspx?UniqueId=4c49cb0f%2D236b%2D5b29%2Dd871%2Dc883ad4108c7&Translate=false&referrer=StreamWebApp%2EWeb&referrerScenario=AddressBarCopied%2Eview%2E6cb99003%2D2ff9%2D45c8%2Db093%2D906909bd53e2";"Fázové rovnováhy – jednosložkový systém, část 3.";"Michal Fulem";"Stavové chování a termodynamické vlastnosti tekutin";11;"fázové rovnováhy,jednosložkový systém,acentrický faktor";"cvičení";"M403008";;"https://web.microsoftstream.com/video/924ed774-32e9-4c68-aac1-69e816e4c3ca";1
"https://vscht.sharepoint.com/sites/403-O365-videastavufyziklnchemie/_layouts/15/stream.aspx?UniqueId=2a4d6905%2Df7a5%2D58d5%2Db786%2D781ca30662a0&Translate=false&referrer=StreamWebApp%2EWeb&referrerScenario=AddressBarCopied%2Eview%2E648acfa1%2Db968%2D4dc1%2Dacbb%2D00cb28a593aa";"Fázové rovnováhy – jednosložkový systém, část 4.";"Michal Fulem";"Stavové chování a termodynamické vlastnosti tekutin";11;"fázové rovnováhy,jednosložkový systém,trojný bod";"cvičení";"M403008";;"https://web.microsoftstream.com/video/433013ca-55b8-4810-98b1-85735189291f";1
"https://vscht.sharepoint.com/sites/403-O365-videastavufyziklnchemie/_layouts/15/stream.aspx?UniqueId=96ff3473%2D5aff%2D5109%2D1075%2D7fcc81148db0&Translate=false&referrer=StreamWebApp%2EWeb&referrerScenario=AddressBarCopied%2Eview%2E7dea956a%2D22c7%2D498f%2D80c5%2D92e5244f5599";"Fázové rovnováhy – jednosložkový systém, část 5.";"Michal Fulem";"Stavové chování a termodynamické vlastnosti tekutin";11;"fázové rovnováhy,jednosložkový systém,Wagnerova rovnice,výparná entalpie";"cvičení";"M403008";;"https://web.microsoftstream.com/video/b41c9f25-a110-4726-a409-5ac8bc08d521";1
"https://vscht.sharepoint.com/sites/403-O365-videastavufyziklnchemie/_layouts/15/stream.aspx?UniqueId=4b522291%2D0d39%2D58ed%2D8b2b%2D25625f6bf947&Translate=false&referrer=StreamWebApp%2EWeb&referrerScenario=AddressBarCopied%2Eview%2Ec4b424e5%2D4580%2D4081%2Dac38%2De319994b9acd";"Fázové rovnováhy – jednosložkový systém, část 6.";"Michal Fulem";"Stavové chování a termodynamické vlastnosti tekutin";11;"fázové rovnováhy,jednosložkový systém,absolutní entropie,výpočet,3. termodynamický zákon";"cvičení";"M403008";;"https://web.microsoftstream.com/video/e4e116c9-5edf-4f1c-9c1c-e7637a01b5a6";1
"https://vscht.sharepoint.com/sites/403-O365-videastavufyziklnchemie/_layouts/15/stream.aspx?UniqueId=f991286b%2Df4e7%2D52d4%2D7126%2Df4b551650bca&Translate=false&referrer=StreamWebApp%2EWeb&referrerScenario=AddressBarCopied%2Eview%2Ed298db71%2D2d85%2D498f%2Dad8a%2D7d48ccb1f029";"Fázové rovnováhy – jednosložkový systém, část 7.";"Michal Fulem";"Stavové chování a termodynamické vlastnosti tekutin";11;"fázové rovnováhy,jednosložkový systém,sublimační tlak";"cvičení";"M403008";;"https://web.microsoftstream.com/video/a30a20b4-5f6c-4c8c-9558-e3da44e765e1";1
"https://vscht.sharepoint.com/sites/403-O365-videastavufyziklnchemie/_layouts/15/stream.aspx?UniqueId=a9537527%2D3314%2D500e%2D5fc4%2Dfde91939a821&Translate=false&referrer=StreamWebApp%2EWeb&referrerScenario=AddressBarCopied%2Eview%2E905efbbc%2D18a6%2D4e57%2Dab59%2D68fdf37bdd5c";"Heterogenní systém";"Michal Fulem";"Stavové chování a termodynamické vlastnosti tekutin";12;"stabilita systému,heterogenní systém,teplo";"cvičení";"M403008";;"https://web.microsoftstream.com/video/1bf661e0-28ac-42cd-bc93-b5374311ac4b";1
"https://vscht.sharepoint.com/sites/403-O365-videastavufyziklnchemie/_layouts/15/stream.aspx?UniqueId=0e7eab7e%2Df055%2D5459%2D0737%2D2d03f7a685f3&Translate=false&referrer=StreamWebApp%2EWeb&referrerScenario=AddressBarCopied%2Eview%2E99220a0d%2Da475%2D43d2%2Da9c1%2Deefb5eb6142b";"Definice termodynamické teploty a jednotek teploty ";"Ondřej Vopička";"Fyzikálně-chemické veličiny a jejich měření";1;"termodynamická teplota,teplotní stupnice";"přednáška";"N403002";;"https://web.microsoftstream.com/video/ab3f2857-bd52-45fd-bdbd-fd2610a55694";1
"https://vscht.sharepoint.com/sites/403-O365-videastavufyziklnchemie/_layouts/15/stream.aspx?UniqueId=287e3ecd%2D6d15%2D5578%2D8de2%2Dfda66858b971&Translate=false&referrer=StreamWebApp%2EWeb&referrerScenario=AddressBarCopied%2Eview%2E7748d215%2D0732%2D4e91%2D8244%2D725e2415ddb4";"Mezinárodní teplotní stupnice ITS90 a referenční body ";"Ondřej Vopička";"Fyzikálně-chemické veličiny a jejich měření";1;"mezinárodní teplotní stupnice ITS90,referenční body";"přednáška";"N403002";;"https://web.microsoftstream.com/video/05513cdd-5e7f-4c62-b02c-622571375c20";1
"https://vscht.sharepoint.com/sites/403-O365-videastavufyziklnchemie/_layouts/15/stream.aspx?UniqueId=40396877%2Df1a4%2D5d63%2Df745%2Da9cb2ae7e9b9&Translate=false&referrer=StreamWebApp%2EWeb&referrerScenario=AddressBarCopied%2Eview%2Efdf03f10%2D801b%2D4052%2D96f9%2Dbebffb564881";"Mezinárodní teplotní stupnice ITS90, ref. body a Pt teploměr ";"Ondřej Vopička";"Fyzikálně-chemické veličiny a jejich měření";1;"mezinárodní teplotní stupnice ITS90,referenční body,Pt teploměr ";"přednáška";"N403002";;"https://web.microsoftstream.com/video/2d2a981c-3a0a-45e9-ad32-bef32ca7315c";1
"https://vscht.sharepoint.com/sites/403-O365-videastavufyziklnchemie/_layouts/15/stream.aspx?UniqueId=cb26d18d%2Dd055%2D592c%2D6070%2D2658c467963c&Translate=false&referrer=StreamWebApp%2EWeb&referrerScenario=AddressBarCopied%2Eview%2E94a153d8%2Df7d7%2D4e71%2D8d26%2Ddc0fbcf55272";"Platinový odporový teploměr – vlastnosti ";"Ondřej Vopička";"Fyzikálně-chemické veličiny a jejich měření";1;"platinový odporový teploměr";"přednáška";"N403002";;"https://web.microsoftstream.com/video/3b3ce119-52b7-4075-8de9-9cdf99b8c8bc";1
"https://vscht.sharepoint.com/sites/403-O365-videastavufyziklnchemie/_layouts/15/stream.aspx?UniqueId=16479d93%2Dd130%2D5abd%2D6a28%2D19ce0240d650&Translate=false&referrer=StreamWebApp%2EWeb&referrerScenario=AddressBarCopied%2Eview%2E3584a84f%2Dbdf0%2D4ab7%2D8b09%2D2bcdc2331092";"Měření elektrického odporu (odporových teploměrů) ";"Ondřej Vopička";"Fyzikálně-chemické veličiny a jejich měření";1;"měření elektrického odporu,odporový teploměr";"přednáška";"N403002";;"https://web.microsoftstream.com/video/bb493a72-57b7-4358-93fa-32da46120e7a";1
"https://vscht.sharepoint.com/sites/403-O365-videastavufyziklnchemie/_layouts/15/stream.aspx?UniqueId=4a6b3662%2Dde91%2D54bb%2De65e%2D147600ea4440&Translate=false&referrer=StreamWebApp%2EWeb&referrerScenario=AddressBarCopied%2Eview%2E94ac919a%2D4896%2D42e0%2Db469%2D381bbda9ab67";"Pt teploměr, měření odporu a korekce na tepelný výkon ";"Ondřej Vopička";"Fyzikálně-chemické veličiny a jejich měření";1;"Pt teploměr,měření odporu,korekce na tepelný výkon ";"přednáška";"N403002";;"https://web.microsoftstream.com/video/970e6a18-53f8-4dfb-b52e-63fbf8216929";1
"https://vscht.sharepoint.com/sites/403-O365-videastavufyziklnchemie/_layouts/15/stream.aspx?UniqueId=20637d93%2D95ea%2D53ab%2Deec1%2Da0ac3bd0c66c&Translate=false&referrer=StreamWebApp%2EWeb&referrerScenario=AddressBarCopied%2Eview%2Ec8d05c4b%2D303e%2D47f3%2Dae50%2D00c254fa118f";"Trojný bod termistor a termočlánek, část 1.";"Ondřej Vopička";"Fyzikálně-chemické veličiny a jejich měření";2;"trojný bod,termistor,termočlánek";"přednáška";"N403002";;"https://web.microsoftstream.com/video/b054f985-0b9c-450f-90cf-2ff90398b5cf";1
"https://vscht.sharepoint.com/sites/403-O365-videastavufyziklnchemie/_layouts/15/stream.aspx?UniqueId=a40ed17d%2D368c%2D5969%2D1c76%2D804bf385958d&Translate=false&referrer=StreamWebApp%2EWeb&referrerScenario=AddressBarCopied%2Eview%2E827229f6%2D2508%2D479e%2D92cb%2D3ac7b3df4ac4";"Trojný bod termistor a termočlánek, část 2.";"Ondřej Vopička";"Fyzikálně-chemické veličiny a jejich měření";2;"trojný bod,termistor,termočlánek ";"přednáška";"N403002";;"https://web.microsoftstream.com/video/b9c8f3ff-e0da-4cc0-b0b3-d70e9b6f3e1d";1
"https://vscht.sharepoint.com/sites/403-O365-videastavufyziklnchemie/_layouts/15/stream.aspx?UniqueId=d72f0fe0%2D26ab%2D5ede%2D8ca5%2Dfc8257b113cb&Translate=false&referrer=StreamWebApp%2EWeb&referrerScenario=AddressBarCopied%2Eview%2Ec14811ec%2D217f%2D4154%2Dbfd9%2Db43bfab3b233";"Regulace teploty, část 1. ";"Ondřej Vopička";"Fyzikálně-chemické veličiny a jejich měření";2;"regulace teploty,dynamické chování tepelné soustavy,konvoluce ";"přednáška";"N403002";;"https://web.microsoftstream.com/video/c758ca01-badf-4e05-ab3a-3a3300cb15da";1
"https://vscht.sharepoint.com/sites/403-O365-videastavufyziklnchemie/_layouts/15/stream.aspx?UniqueId=04d59b73%2D61eb%2D5125%2D2218%2Dac1761e05855&Translate=false&referrer=StreamWebApp%2EWeb&referrerScenario=AddressBarCopied%2Eview%2E0a7cbec5%2Dee89%2D4bda%2Da616%2D6d499b026ac3";"Regulace teploty, část 2. ";"Ondřej Vopička";"Fyzikálně-chemické veličiny a jejich měření";2;"regulace teploty,dynamická soustava,konvoluce";"přednáška";"N403002";;"https://web.microsoftstream.com/video/3dcdd62e-e670-43d4-baa5-41fb9b5ea587";1
"https://vscht.sharepoint.com/sites/403-O365-videastavufyziklnchemie/_layouts/15/stream.aspx?UniqueId=787b9e3f%2D1230%2D5279%2Dd093%2D94e79ad8d4b1&Translate=false&referrer=StreamWebApp%2EWeb&referrerScenario=AddressBarCopied%2Eview%2E31c93ee4%2D05fe%2D427d%2D91e2%2Dc60c7f54b839";"Regulace teploty, část 3.  ";"Ondřej Vopička";"Fyzikálně-chemické veličiny a jejich měření";3;"regulace teploty,regulační obvod,regulační odchylka";"přednáška";"N403002";;"https://web.microsoftstream.com/video/cf2d4c5b-e068-461a-9bb7-d2d771af508b";1
"https://vscht.sharepoint.com/sites/403-O365-videastavufyziklnchemie/_layouts/15/stream.aspx?UniqueId=20c4e445%2Df892%2D5c3b%2Df33d%2D77a230d7b315&Translate=false&referrer=StreamWebApp%2EWeb&referrerScenario=AddressBarCopied%2Eview%2E7e2a925c%2Df29e%2D48f0%2D8bb0%2D1a7d1dcaabbf";"Regulace teploty, část 4. ";"Ondřej Vopička";"Fyzikálně-chemické veličiny a jejich měření";3;"regulace teploty,regulátor P";"přednáška";"N403002";;"https://web.microsoftstream.com/video/4a395f30-8747-4af9-bddc-46f039ca9d82";1
"https://vscht.sharepoint.com/sites/403-O365-videastavufyziklnchemie/_layouts/15/stream.aspx?UniqueId=29aab422%2D2a9a%2D56ef%2Db864%2D0ddb713b987f&Translate=false&referrer=StreamWebApp%2EWeb&referrerScenario=AddressBarCopied%2Eview%2Ee5d2e789%2D9be3%2D4a8e%2D8364%2D8d3a296e1328";"Regulace teploty, část 5. ";"Ondřej Vopička";"Fyzikálně-chemické veličiny a jejich měření";3;"regulace teploty,regulátor PI";"přednáška";"N403002";;"https://web.microsoftstream.com/video/854700fd-21fa-407d-abf4-0112f67e9352";1
"https://vscht.sharepoint.com/sites/403-O365-videastavufyziklnchemie/_layouts/15/stream.aspx?UniqueId=b671d62a%2D5e38%2D558e%2Dec5a%2D9005074f4a5a&Translate=false&referrer=StreamWebApp%2EWeb&referrerScenario=AddressBarCopied%2Eview%2E2b39d4d1%2D3fb4%2D4501%2D91e0%2D75d99e09ba90";"Regulace teploty, část 6. ";"Ondřej Vopička";"Fyzikálně-chemické veličiny a jejich měření";3;"regulace teploty,regulátor PID";"přednáška";"N403002";;"https://web.microsoftstream.com/video/5217174b-676f-4073-a985-586c55dbdb7f";1
"https://vscht.sharepoint.com/sites/403-O365-videastavufyziklnchemie/_layouts/15/stream.aspx?UniqueId=3124c600%2De27e%2D5347%2D0154%2Dc2d22dbb6460&Translate=false&referrer=StreamWebApp%2EWeb&referrerScenario=AddressBarCopied%2Eview%2E3678cf56%2D0329%2D4c5a%2Da0d2%2D10f30e77fead";"Kalorimetrie – Kalorimetrické metody";"Vojtěch Štejfa";"Fyzikálně-chemické veličiny a jejich měření";4;"klasifikace kalorimetrů,adiabatická kalorimetrie,DSC,spalovací kalorimetrie,výparná kalorimetrie,termogravimetrie";"přednáška";"N403002";;"https://web.microsoftstream.com/video/336a7688-3e49-4b97-a4ef-2d902df6834a";1
"https://vscht.sharepoint.com/sites/403-O365-videastavufyziklnchemie/_layouts/15/stream.aspx?UniqueId=4c68c23a%2Dc387%2D5e31%2D91e7%2D34686f632ba9&Translate=false&referrer=StreamWebApp%2EWeb&referrerScenario=AddressBarCopied%2Eview%2Ef07629dc%2De26f%2D4a88%2D9f11%2D6d9c340b3605";"Kalorimetrie – Kalibrace a kalorimetrická data";"Vojtěch Štejfa";"Fyzikálně-chemické veličiny a jejich měření";5;"kalibrace,tepelná kapacita,fázové chování,polymorfismus,stanovení čistoty";"přednáška";"N403002";;"https://web.microsoftstream.com/video/9eda5265-e90b-4bef-92a6-9d88f7219959";1
"https://vscht.sharepoint.com/sites/403-O365-videastavufyziklnchemie/_layouts/15/stream.aspx?UniqueId=66c3884e%2D17ef%2D533f%2D47af%2De3af2df3b68f&Translate=false&referrer=StreamWebApp%2EWeb&referrerScenario=AddressBarCopied%2Eview%2Ef977b3af%2D2e26%2D4c14%2D84dd%2Df820c9db897f";"Tlak 1/4 – Koncepce a generování tlaku";"Pavel Morávek";"Fyzikálně-chemické veličiny a jejich měření";6;"koncepce tlaku,generování tlaku";"přednáška";"N403002";;"https://web.microsoftstream.com/video/1c79dd53-ef77-42fa-8550-631755670c5b";1
"https://vscht.sharepoint.com/sites/403-O365-videastavufyziklnchemie/_layouts/15/stream.aspx?UniqueId=c204f9fa%2D972f%2D564d%2Dfa95%2D86b4c5d0bea6&Translate=false&referrer=StreamWebApp%2EWeb&referrerScenario=AddressBarCopied%2Eview%2Eacf72725%2Dfbd4%2D418b%2D9135%2Da1fc835bf563";"Tlak 2/4 – Tlakové standardy a mechanické tlakové převodníky";"Pavel Morávek";"Fyzikálně-chemické veličiny a jejich měření";6;"tlakové standardy,mechanické tlakové převodníky";"přednáška";"N403002";;"https://web.microsoftstream.com/video/14a83491-2a64-4ef2-bd58-ed07f0c1a2c5";1
"https://vscht.sharepoint.com/sites/403-O365-videastavufyziklnchemie/_layouts/15/stream.aspx?UniqueId=60f82d3e%2D40a5%2D56ca%2De701%2D9e0c8e04650b&Translate=false&referrer=StreamWebApp%2EWeb&referrerScenario=AddressBarCopied%2Eview%2E3b362462%2D6267%2D4a63%2D93cc%2Ddad9a7857f20";"Tlak 3/4 – Elektronické tlakové převodníky";"Pavel Morávek";"Fyzikálně-chemické veličiny a jejich měření";7;"elektronické tlakové převodníky,vakuové senzory";"přednáška";"N403002";;"https://web.microsoftstream.com/video/50bb90b6-bc94-402e-9ede-2ab07ceb4c5e";1
"https://vscht.sharepoint.com/sites/403-O365-videastavufyziklnchemie/_layouts/15/stream.aspx?UniqueId=e16cec07%2D25c4%2D5c60%2Dfa96%2D1e68bb75b16c&Translate=false&referrer=StreamWebApp%2EWeb&referrerScenario=AddressBarCopied%2Eview%2E6a3030b8%2D596f%2D44b6%2Dba39%2D4f7a27963305";"Tlak 4/4 – Zdroje vakua";"Pavel Morávek";"Fyzikálně-chemické veličiny a jejich měření";7;"zdroje vakua,vakuové pumpy";"přednáška";"N403002";;"https://web.microsoftstream.com/video/867f6920-3218-4b56-a78c-c6acbd5f93cb";1
"https://vscht.sharepoint.com/sites/403-O365-videastavufyziklnchemie/_layouts/15/stream.aspx?UniqueId=a5a3c27b%2Dfe0e%2D5fd5%2Da3eb%2D1f0636b73668&Translate=false&referrer=StreamWebApp%2EWeb&referrerScenario=AddressBarCopied%2Eview%2E77393303%2D3e8b%2D4666%2D8509%2Ded0e31d217e1";"Měření objemu (hustoty), základní rozdělení metod, kapaliny (5.1, 5.2)";"Ivan Cibulka";"Fyzikálně-chemické veličiny a jejich měření";8;"měřitelné veličiny a termodynamika,rozdělení metod,kritéria výběru metody";"přednáška";"N403002";;"https://web.microsoftstream.com/video/89d305b7-e693-422b-a792-63751860c8b5";1
"https://vscht.sharepoint.com/sites/403-O365-videastavufyziklnchemie/_layouts/15/stream.aspx?UniqueId=6bdc18a6%2D18a3%2D50c6%2D83ba%2D5d62da0b7d24&Translate=false&referrer=StreamWebApp%2EWeb&referrerScenario=AddressBarCopied%2Eview%2Ef50c1c02%2D61c0%2D42b9%2Db064%2Df752bc48a5c5";"Vliv teploty, tlaku a složení na hustotu kapalin (5.2.1)";"Ivan Cibulka";"Fyzikálně-chemické veličiny a jejich měření";8;"vliv chyby v teplotě a tlaku,vliv nečistot na hustotu kapalin,izotopické složení";"přednáška";"N403002";;"https://web.microsoftstream.com/video/ecc965c9-e408-43db-86e6-2143438cd45c";1
"https://vscht.sharepoint.com/sites/403-O365-videastavufyziklnchemie/_layouts/15/stream.aspx?UniqueId=120f7e15%2D14ec%2D50ac%2De5e1%2Ddaadbd39ca58&Translate=false&referrer=StreamWebApp%2EWeb&referrerScenario=AddressBarCopied%2Eview%2Ef195c594%2Daee6%2D48cc%2D861a%2D96536bd37ce8";"Přímé metody, část 1. (5.2.2)";"Ivan Cibulka";"Fyzikálně-chemické veličiny a jejich měření";8;"základní schéma,typy volumometrů,pyknometry,dilatometry,směšovací dilatometry";"přednáška";"N403002";;"https://web.microsoftstream.com/video/c93e9f8c-b681-4c59-b898-443b27191d94";1
"https://vscht.sharepoint.com/sites/403-O365-videastavufyziklnchemie/_layouts/15/stream.aspx?UniqueId=5a2d0a56%2D3a54%2D5bcf%2D170d%2Dc7dbf268a689&Translate=false&referrer=StreamWebApp%2EWeb&referrerScenario=AddressBarCopied%2Eview%2E71daa6cd%2Dee0c%2D4573%2D88b8%2D95b8552563e0";"Přímé metody, část 2. (5.2.2)";"Ivan Cibulka";"Fyzikálně-chemické veličiny a jejich měření";9;"piezometr";"přednáška";"N403002";;"https://web.microsoftstream.com/video/1390f442-954b-4bc3-bee8-58c2e9d3a188";1
"https://vscht.sharepoint.com/sites/403-O365-videastavufyziklnchemie/_layouts/15/stream.aspx?UniqueId=2a8ed11e%2D61db%2D57a1%2D9bac%2Defe04b80d3e0&Translate=false&referrer=StreamWebApp%2EWeb&referrerScenario=AddressBarCopied%2Eview%2Ed7103a72%2Df1a5%2D4280%2Db8ec%2D06c8fa316b0a";"Nepřímé metody (5.2.3)";"Ivan Cibulka";"Fyzikálně-chemické veličiny a jejich měření";10;"vibrační hustoměr,vztlakové metody,rychlost zvuku,kalorimetrická metoda,ostatní metody";"přednáška";"N403002";;"https://web.microsoftstream.com/video/4a46c057-d039-41e0-bdaf-52c75bc5b44c";1
"https://vscht.sharepoint.com/sites/403-O365-videastavufyziklnchemie/_layouts/15/stream.aspx?UniqueId=75d94993%2D711f%2D567b%2D0c3c%2D2bcff5772c8f&Translate=false&referrer=StreamWebApp%2EWeb&referrerScenario=AddressBarCopied%2Eview%2E55b6ed87%2Dd642%2D4bfd%2Dac1a%2D714a335dc8ba";"Plyny (5.3)";"Ivan Cibulka";"Fyzikálně-chemické veličiny a jejich měření";11;"izochorické metody,Burnettova metoda,vztlakové metody";"přednáška";"N403002";;"https://web.microsoftstream.com/video/07ab4a00-abf5-4e4a-9641-3f6f83792564";1
"https://vscht.sharepoint.com/sites/403-O365-videastavufyziklnchemie/_layouts/15/stream.aspx?UniqueId=f794f63e%2D0f48%2D5dff%2D95a1%2Db32a3a7a5f82&Translate=false&referrer=StreamWebApp%2EWeb&referrerScenario=AddressBarCopied%2Eview%2Eee8877d9%2D8e7f%2D4399%2Dafc6%2Dc43aa4a730b4";"Pevné látky (5.4)";"Ivan Cibulka";"Fyzikálně-chemické veličiny a jejich měření";11;"pyknometrická metoda,vztlakové metody";"přednáška";"N403002";;"https://web.microsoftstream.com/video/e7923388-bafb-43e1-a487-be8dad05e1a4";1
"https://vscht.sharepoint.com/sites/403-O365-videastavufyziklnchemie/_layouts/15/stream.aspx?UniqueId=ea0c940d%2D63a8%2D5cad%2Dad5e%2D3f5a6cffc905&Translate=false&referrer=StreamWebApp%2EWeb&referrerScenario=AddressBarCopied%2Eview%2Ed13989ed%2D85da%2D46a4%2Dac20%2Daad90f8b3554";"Interfaces and interfacial energy ";"Ondřej Vopička";"Colloid and Surface Chemistry";1;"interfaces,interfacial energy,interactions,curved interfaces,capillarity";"přednáška";"AP403006";;"https://web.microsoftstream.com/video/41a4fcaf-a9ae-46c9-9007-240f3aecf88e";1
"https://vscht.sharepoint.com/sites/403-O365-videastavufyziklnchemie/_layouts/15/stream.aspx?UniqueId=287b42bf%2D28b5%2D5c7f%2D5b44%2D9b1ade8fe798&Translate=false&referrer=StreamWebApp%2EWeb&referrerScenario=AddressBarCopied%2Eview%2E02171be7%2D4b94%2D4fd6%2D8dcd%2D48ffb6d7ab21";"Thermodynamics of curved phase boundaries ";"Ondřej Vopička";"Colloid and Surface Chemistry";2;"thermodynamics of curved phase boundaries,Laplace–Young,Kelvin,Thomson, Ostwald–Freundlich";"přednáška";"AP403006";;"https://web.microsoftstream.com/video/8f3900f3-5945-4568-abff-cea57d052457";1
"https://vscht.sharepoint.com/sites/403-O365-videastavufyziklnchemie/_layouts/15/stream.aspx?UniqueId=5ea0f5d1%2D3b9e%2D50c0%2D5a06%2Dcc9f6823f180&Translate=false&referrer=StreamWebApp%2EWeb&referrerScenario=AddressBarCopied%2Eview%2Ee5b90ed1%2D7150%2D4cb3%2D9f6b%2D39a023403c58";"Adsorption ";"Ondřej Vopička";"Colloid and Surface Chemistry";3;"adsorption,classification,heat,models,mixtures,adsorbents,hysteresis";"přednáška";"AP403006";;"https://web.microsoftstream.com/video/68ee0fb9-9d35-4f39-a0db-6dea2ae143bd";1
"https://vscht.sharepoint.com/sites/403-O365-videastavufyziklnchemie/_layouts/15/stream.aspx?UniqueId=0a9d2957%2D2ce9%2D5db6%2D43bc%2Dab812c2d1ab4&Translate=false&referrer=StreamWebApp%2EWeb&referrerScenario=AddressBarCopied%2Eview%2E70c44860%2Dfce9%2D44f2%2D97a7%2Df41053eaf38f";"Wetting, spreading, and surface films";"Ondřej Vopička";"Colloid and Surface Chemistry";4;"wetting,spreading,Young equation,surface films";"přednáška";"AP403006";;"https://web.microsoftstream.com/video/df59e464-9261-44f9-878a-f6f197cc5f96";1
"https://vscht.sharepoint.com/sites/403-O365-videastavufyziklnchemie/_layouts/15/stream.aspx?UniqueId=862a458a%2D8144%2D5d0b%2D3c5a%2D909fc7b1bce7&Translate=false&referrer=StreamWebApp%2EWeb&referrerScenario=AddressBarCopied%2Eview%2E976e59c1%2Df717%2D4f93%2Da83a%2D4af3456f4f4d";"Electric double layer, zeta potential and electrokinetic phenomena";"Ondřej Vopička";"Colloid and Surface Chemistry";5;"electric double layer,zeta potential,electrokinetic phenomena";"přednáška";"AP403006";;"https://web.microsoftstream.com/video/c747ae77-7032-41e4-a46c-32a1835b7d52";1
"https://vscht.sharepoint.com/sites/403-O365-videastavufyziklnchemie/_layouts/15/stream.aspx?UniqueId=b115389a%2De6b9%2D5a4a%2D8c6b%2Df85679c5eed0&Translate=false&referrer=StreamWebApp%2EWeb&referrerScenario=AddressBarCopied%2Eview%2E27723b8c%2D1653%2D4521%2Daccf%2D32fe3b5a3c22";"Disperse systems and interface energy ";"Ondřej Vopička";"Colloid and Surface Chemistry";6;"fisperse systems,interface energy,interfacial tension,capillarity";"přednáška";"AP403006";;"https://web.microsoftstream.com/video/128ef8fc-4a79-4a2d-906e-9af17eddfff2";1
"https://vscht.sharepoint.com/sites/403-O365-videastavufyziklnchemie/_layouts/15/stream.aspx?UniqueId=9c61fad9%2D3b1f%2D5187%2D236e%2Dd24c8f9305b8&Translate=false&referrer=StreamWebApp%2EWeb&referrerScenario=AddressBarCopied%2Eview%2E0d540367%2D46ac%2D48ac%2Da6de%2Dd4fd4fdfd531";"Newtonian and non-Newtonian systems";"Ondřej Vopička";"Colloid and Surface Chemistry";7;"Newtonian systems,non-Newtonian systems,viscosity,elasticity,optical properties";"přednáška";"AP403006";;"https://web.microsoftstream.com/video/9bfc39f4-e989-479c-8862-6412779aca6b";1
"https://vscht.sharepoint.com/sites/403-O365-videastavufyziklnchemie/_layouts/15/stream.aspx?UniqueId=acbd2e19%2D7363%2D5f37%2Dbfd7%2D37a4dbf1e5ff&Translate=false&referrer=StreamWebApp%2EWeb&referrerScenario=AddressBarCopied%2Eview%2Ef2d7b12b%2D1f6c%2D425e%2D839c%2Dded3e8fa195f";"Lyosols, emulsions, foams, and others ";"Ondřej Vopička";"Colloid and Surface Chemistry";8;"lyosols,emulsions,foams,aerosols,solid sols,association colloids,gels";"přednáška";"AP403006";;"https://web.microsoftstream.com/video/c0244dee-986d-4159-b31f-740e803ceeec";1
"https://vscht.sharepoint.com/sites/403-O365-videastavufyziklnchemie/_layouts/15/stream.aspx?UniqueId=bbed39c0%2D43e3%2D574d%2D37a5%2D246337c9e82a&Translate=false&referrer=StreamWebApp%2EWeb&referrerScenario=AddressBarCopied%2Eview%2E73b960f2%2De8bd%2D43fb%2Db006%2Dd3b32528353c";"Microscopic and nanoscopic techniques for characterization of nanoparticles systems ";"Marcela Dendisová";"Colloid and Surface Chemistry";9;"microscopy,microspectrocopy,nanospectroscopy,characterization of nanofeatures,characterization of adsorbates";"přednáška";"AP403006";;"https://web.microsoftstream.com/video/a8e11273-d513-4814-a9d8-9a84729163b1";1
"https://vscht.sharepoint.com/sites/403-O365-videastavufyziklnchemie/_layouts/15/stream.aspx?UniqueId=c8f0e37c%2Db0ba%2D5772%2D60ca%2Dd2c0e04e3012&Translate=false&referrer=StreamWebApp%2EWeb&referrerScenario=AddressBarCopied%2Eview%2Eccfc86c6%2D72bf%2D489a%2D9add%2D2f45d1e80027";"Formální chemická kinetika";"Jiří Kolafa";"Fyzikální chemie mikrosvěta";1;"rychlost reakce,poločas,kinetická rovnice,formální kinetika,jednoduchá reakce,řád reakce,určení řádu reakce";"přednáška";"B403013";"http://old.vscht.cz/fch/cz/pomucky/kolafa/N403041.html http://old.vscht.cz/fch/cz/pomucky/kolafa/mikro01.pdf";"https://web.microsoftstream.com/video/dbed08e9-c15a-4463-862a-390ab95129b2";1
"https://vscht.sharepoint.com/sites/403-O365-videastavufyziklnchemie/_layouts/15/stream.aspx?UniqueId=a4c61a7d%2D3c81%2D56b8%2Dbf92%2D3d5458324588&Translate=false&referrer=StreamWebApp%2EWeb&referrerScenario=AddressBarCopied%2Eview%2Ebb48972d%2D30e6%2D4a4a%2Dbdb5%2D1df61eccf9e1";"Simultánní reakce";"Jiří Kolafa";"Fyzikální chemie mikrosvěta";1;"následné reakce,vratné reakce,boční reakce,zákon působení aktivních hmot,Guldberg–Waage";"přednáška";"B403013";"http://old.vscht.cz/fch/cz/pomucky/kolafa/N403041.html http://old.vscht.cz/fch/cz/pomucky/kolafa/mikro01.pdf";"https://web.microsoftstream.com/video/dcbebc41-ba88-4d21-8c5d-eda091513536";1
"https://vscht.sharepoint.com/sites/403-O365-videastavufyziklnchemie/_layouts/15/stream.aspx?UniqueId=26698382%2D8138%2D55d6%2Dc25c%2Df968ef5fa532&Translate=false&referrer=StreamWebApp%2EWeb&referrerScenario=AddressBarCopied%2Eview%2E203f55ac%2D3cfa%2D41b2%2Db8fd%2D9748967901ab";"Mechanismy chemických reakcí – molekularita, Arrhenius, mechanismy";"Jiří Kolafa";"Fyzikální chemie mikrosvěta";2;"elementární reakce,Arrhenius,plocha potenciální energie,Lindemannův mechanismus,Arrheniův vztah,ozonová vrstva,řetězová reakce";"přednáška";"B403013";"http://old.vscht.cz/fch/cz/pomucky/kolafa/N403041.html http://old.vscht.cz/fch/cz/pomucky/kolafa/mikro02.pdf";"https://web.microsoftstream.com/video/0abbeb95-d318-4a89-952c-7b68c475c764";1
"https://vscht.sharepoint.com/sites/403-O365-videastavufyziklnchemie/_layouts/15/stream.aspx?UniqueId=00ab7387%2Dc89a%2D564f%2D34d9%2Dd7755d605d98&Translate=false&referrer=StreamWebApp%2EWeb&referrerScenario=AddressBarCopied%2Eview%2Ea7d48520%2D555d%2D488e%2Db7b4%2Dcda0e60f189c";"Mechanismy chemických reakcí – Katalýza, fotochemie";"Jiří Kolafa";"Fyzikální chemie mikrosvěta";2;"homogenní katalýza,enzym,Michaelis–Mentenová,kvantový výtěžek";"přednáška";"B403013";"http://old.vscht.cz/fch/cz/pomucky/kolafa/N403041.html http://old.vscht.cz/fch/cz/pomucky/kolafa/mikro02.pdf";"https://web.microsoftstream.com/video/d3a589e5-9011-40fe-9b0c-5dcdceaf7b07";1
"https://vscht.sharepoint.com/sites/403-O365-videastavufyziklnchemie/_layouts/15/stream.aspx?UniqueId=c3e1d6d3%2D9d5f%2D5b70%2Dda8c%2Dbd9cd88b1ca0&Translate=false&referrer=StreamWebApp%2EWeb&referrerScenario=AddressBarCopied%2Eview%2Ef3e1b709%2D9643%2D43fc%2D8897%2D0f6388d2a79f";"Opakování termodynamiky";"Jiří Kolafa";"Fyzikální chemie mikrosvěta";3;"1. termodynamický zákon,2. termodynamický zákon,3. termodynamický zákon,termodynamické potenciály,chemický potenciál,aktivita";"přednáška";"B403013";"http://old.vscht.cz/fch/cz/pomucky/kolafa/N403041.html http://old.vscht.cz/fch/cz/pomucky/kolafa/mikro03.pdf";"https://web.microsoftstream.com/video/c3eeb4d8-666d-493c-9e66-721b169d85e9";1
"https://vscht.sharepoint.com/sites/403-O365-videastavufyziklnchemie/_layouts/15/stream.aspx?UniqueId=3edc25c9%2D795d%2D5686%2D0c26%2Dbb442299924f&Translate=false&referrer=StreamWebApp%2EWeb&referrerScenario=AddressBarCopied%2Eview%2Edd9aab1f%2D077a%2D447f%2Da657%2D00d4e53bdd2f";"Chemická rovnováha";"Jiří Kolafa";"Fyzikální chemie mikrosvěta";3;"reakční Gibbsova energie,rovnovážná konstanta,Le Chatelierův–Braunův princip,směr reakce,van ’t Hoff";"přednáška";"B403013";"http://old.vscht.cz/fch/cz/pomucky/kolafa/N403041.html http://old.vscht.cz/fch/cz/pomucky/kolafa/mikro03.pdf";"https://web.microsoftstream.com/video/3e67f652-c5af-4c56-8bbd-b99672375607";1
"https://vscht.sharepoint.com/sites/403-O365-videastavufyziklnchemie/_layouts/15/stream.aspx?UniqueId=83f9032d%2D1264%2D5bad%2D4850%2D95056e4a9da7&Translate=false&referrer=StreamWebApp%2EWeb&referrerScenario=AddressBarCopied%2Eview%2Efbf48899%2D72f6%2D41f8%2D8b90%2Dbfdb6ca3b131";"Rovnováha v roztocích elektrolytů – pH silných a slabých kyselin a zásad";"Jiří Kolafa";"Fyzikální chemie mikrosvěta";4;"pH,disociace,konstanta acidity,disociační konstanta kyseliny";"přednáška";"B403013";"http://old.vscht.cz/fch/cz/pomucky/fchab/FCHB.html http://old.vscht.cz/fch/cz/pomucky/fchab/mikro04.pdf";"https://web.microsoftstream.com/video/5c1f5f8a-513e-41cd-9bf0-605d5534d429";1
"https://vscht.sharepoint.com/sites/403-O365-videastavufyziklnchemie/_layouts/15/stream.aspx?UniqueId=0a80bad0%2D97b1%2D5a0c%2D4a04%2D405acefc12c9&Translate=false&referrer=StreamWebApp%2EWeb&referrerScenario=AddressBarCopied%2Eview%2Ea32b3497%2D8f07%2D4176%2Db2c0%2D3da73993cac1";"Rovnováha v roztocích elektrolytů – simultánní rovnováhy";"Jiří Kolafa";"Fyzikální chemie mikrosvěta";4;"speciace,pH deště,pH krasové vody";"přednáška";"B403013";"http://old.vscht.cz/fch/cz/pomucky/fchab/FCHB.html http://old.vscht.cz/fch/cz/pomucky/fchab/mikro04.pdf";"https://web.microsoftstream.com/video/c864f9fc-2fc0-4938-9ef4-d12296658318";1
"https://vscht.sharepoint.com/sites/403-O365-videastavufyziklnchemie/_layouts/15/stream.aspx?UniqueId=bad99252%2D8da4%2D5e89%2D1545%2D270a6c83c93d&Translate=false&referrer=StreamWebApp%2EWeb&referrerScenario=AddressBarCopied%2Eview%2E1c72c37c%2D8cda%2D45bc%2Db15d%2D717848351f9a";"Rovnováha v roztocích elektrolytů – málo rozpustné soli, pufry";"Jiří Kolafa";"Fyzikální chemie mikrosvěta";4;"součin rozpustnosti,pH krasové vody,pufr,Hendersonova–Hasselbalchova rovnice,krev";"přednáška";"B403013";"http://old.vscht.cz/fch/cz/pomucky/fchab/FCHB.html http://old.vscht.cz/fch/cz/pomucky/fchab/mikro04.pdf";"https://web.microsoftstream.com/video/bd002003-d0c5-4904-bdf2-040fa4ade298";1
"https://vscht.sharepoint.com/sites/403-O365-videastavufyziklnchemie/_layouts/15/stream.aspx?UniqueId=032da6a9%2Df3b3%2D5982%2D45e2%2Dd85ad3b7b000&Translate=false&referrer=StreamWebApp%2EWeb&referrerScenario=AddressBarCopied%2Eview%2Eb42f6910%2D6f57%2D4227%2Dad1e%2D2eea04120a60";"Elektrochemie – články – úvod, Nernstova rovnice";"Jiří Kolafa";"Fyzikální chemie mikrosvěta";5;"anoda,katoda,rovnovážné napětí,Beketovova řada,Nernstova rovnice";"přednáška";"B403013";"http://old.vscht.cz/fch/cz/pomucky/fchab/FCHB.html http://old.vscht.cz/fch/cz/pomucky/fchab/mikro05.pdf";"https://web.microsoftstream.com/video/a9c772d2-524f-4f98-b98e-562b1e30e7c4";1
"https://vscht.sharepoint.com/sites/403-O365-videastavufyziklnchemie/_layouts/15/stream.aspx?UniqueId=276bb766%2Da813%2D5264%2D156a%2D57006c705275&Translate=false&referrer=StreamWebApp%2EWeb&referrerScenario=AddressBarCopied%2Eview%2Ec8a9f725%2D7020%2D450f%2D8804%2Da0ea365a0924";"Elektrochemie – elektrody";"Jiří Kolafa";"Fyzikální chemie mikrosvěta";5;"elektroda prvního druhu,elektroda druhého druhu,skleněná elektroda";"přednáška";"B403013";"http://old.vscht.cz/fch/cz/pomucky/fchab/FCHB.html http://old.vscht.cz/fch/cz/pomucky/fchab/mikro05.pdf";"https://web.microsoftstream.com/video/45db8b48-d42b-4ff8-822e-545ca072d484";1
"https://vscht.sharepoint.com/sites/403-O365-videastavufyziklnchemie/_layouts/15/stream.aspx?UniqueId=cee1ad75%2Dbf0e%2D5a4f%2D8ae5%2D5ec1bee5b9e5&Translate=false&referrer=StreamWebApp%2EWeb&referrerScenario=AddressBarCopied%2Eview%2E14b9b535%2D41aa%2D485a%2D95b2%2Dccb2287dd6f4";"Elektrochemie – články a baterie";"Jiří Kolafa";"Fyzikální chemie mikrosvěta";5;"difuzní potenciál,lithiová baterie,alkalický článek,akumulátor";"přednáška";"B403013";"http://old.vscht.cz/fch/cz/pomucky/fchab/FCHB.html http://old.vscht.cz/fch/cz/pomucky/fchab/mikro05.pdf";"https://web.microsoftstream.com/video/ba1bdd85-ad50-45be-804c-b55542842d09";1
"https://vscht.sharepoint.com/sites/403-O365-videastavufyziklnchemie/_layouts/15/stream.aspx?UniqueId=6133d7d0%2D2ec2%2D5344%2D57cc%2D4c0c0d73d763&Translate=false&referrer=StreamWebApp%2EWeb&referrerScenario=AddressBarCopied%2Eview%2E7a94b1a5%2D5866%2D4313%2D88d2%2D97c3d263091b";"Elektrochemie – součin rozpustnosti, metody";"Jiří Kolafa";"Fyzikální chemie mikrosvěta";5;"součin rozpustnosti,přepětí,koroze,potenciometrie,voltametrie,polarografie";"přednáška";"B403013";"http://old.vscht.cz/fch/cz/pomucky/fchab/FCHB.html http://old.vscht.cz/fch/cz/pomucky/fchab/mikro05.pdf";"https://web.microsoftstream.com/video/17952d66-4d78-485d-bc44-1a25edf00ffd";1
"https://vscht.sharepoint.com/sites/403-O365-videastavufyziklnchemie/_layouts/15/stream.aspx?UniqueId=d5272d65%2D415e%2D52ab%2D8359%2D2fd3bb3ca102&Translate=false&referrer=StreamWebApp%2EWeb&referrerScenario=AddressBarCopied%2Eview%2E5856e668%2Dc861%2D4718%2Dacad%2D7a676e773e01";"Transportní jevy, difuze";"Jiří Kolafa";"Fyzikální chemie mikrosvěta";6;"termodynamická síla,tok,difuze,Fickův zákon,Brownův pohyb,Einsteinova rovnice,Einsteinova–Stokesova rovnice,Stokesův poloměr,Brownův pohyb";"přednáška";"B403013";"http://old.vscht.cz/fch/cz/pomucky/fchab/FCHB.html http://old.vscht.cz/fch/cz/pomucky/fchab/mikro06.pdf";"https://web.microsoftstream.com/video/f9616e7c-aa1b-4f37-95bf-84d64ebb3a02";1
"https://vscht.sharepoint.com/sites/403-O365-videastavufyziklnchemie/_layouts/15/stream.aspx?UniqueId=4c0ea7dc%2D760e%2D5e10%2D3269%2D4ecb91a6477e&Translate=false&referrer=StreamWebApp%2EWeb&referrerScenario=AddressBarCopied%2Eview%2E66c40791%2De85a%2D44e0%2Dba35%2Dc1a8cb125d49";"Elektrická vodivost";"Jiří Kolafa";"Fyzikální chemie mikrosvěta";6;"elektrická vodivost,migrace,limitní molární vodivost,pohyblivost,Nernstova–Einsteinova rovnice,elektrochemický potenciál,Nernstova vrstva";"přednáška";"B403013";"http://old.vscht.cz/fch/cz/pomucky/fchab/FCHB.html http://old.vscht.cz/fch/cz/pomucky/fchab/mikro06.pdf";"https://web.microsoftstream.com/video/4d455ce9-7be7-437a-9d07-57441d7e8e21";1
"https://vscht.sharepoint.com/sites/403-O365-videastavufyziklnchemie/_layouts/15/stream.aspx?UniqueId=f5bf41d4-575d-5e5f-7037-139eed05adf4&Translate=false&referrer=ClassicStream&referrerScenario=ClassicPortalMigration.View";"Vodivost slabého elektrolytu, převodová čísla";"Jiří Kolafa";"Fyzikální chemie mikrosvěta";6;"slabý elektrolyt,převodové číslo";"přednáška";"B403013";"http://old.vscht.cz/fch/cz/pomucky/fchab/FCHB.html http://old.vscht.cz/fch/cz/pomucky/fchab/mikro06.pdf";"https://web.microsoftstream.com/video/331dcea1-09df-4b60-98fb-32cf501551c4";1
"https://vscht.sharepoint.com/sites/403-O365-videastavufyziklnchemie/_layouts/15/stream.aspx?UniqueId=59eabf89%2D59aa%2D571e%2D6d3d%2Daaf960c5a268&Translate=false&referrer=StreamWebApp%2EWeb&referrerScenario=AddressBarCopied%2Eview%2Ef9b3abaa%2D9ddc%2D4def%2Dbfd1%2D39fda30bd2d7";"Měření vodivosti, příklady";"Jiří Kolafa";"Fyzikální chemie mikrosvěta";6;"měření vodivosti,vodivostní cela";"přednáška";"B403013";"http://old.vscht.cz/fch/cz/pomucky/fchab/FCHB.html http://old.vscht.cz/fch/cz/pomucky/fchab/mikro06.pdf";"https://web.microsoftstream.com/video/13e8a1ee-68bb-4c28-bbe3-b5166108191a";1
"https://vscht.sharepoint.com/sites/403-O365-videastavufyziklnchemie/_layouts/15/stream.aspx?UniqueId=e48af13a%2D44e3%2D550f%2D9dde%2D975d26dc93fd&Translate=false&referrer=StreamWebApp%2EWeb&referrerScenario=AddressBarCopied%2Eview%2E41d42628%2D5463%2D4de3%2Dbcba%2D07a45f011350";"Statistická termodynamika";"Alexandr Malijevský";"Fyzikální chemie mikrosvěta";7;"Boltzmannova pravděpodobnost,soubor,partiční funkce";"přednáška";"B403013";"http://old.vscht.cz/fch/cz/pomucky/kolafa/N403041.html (http://old.vscht.cz/fch/cz/pomucky/kolafa/mikro07.pdf)";"https://web.microsoftstream.com/video/f46afb74-88e0-4936-bf11-261348e0e00d?list=studio";1
"https://vscht.sharepoint.com/sites/403-O365-videastavufyziklnchemie/_layouts/15/stream.aspx?UniqueId=20c7fbde%2D6c04%2D5866%2D29cb%2D5cb89bafe60e&Translate=false&referrer=StreamWebApp%2EWeb&referrerScenario=AddressBarCopied%2Eview%2E1341dc34%2Daf89%2D4b74%2D808b%2D887e801f7440";"Kinetická teorie plynů – úvod";"Alexandr Malijevský";"Fyzikální chemie mikrosvěta";8;"Maxwellovo–Boltzmannovo rozdělení rychlostí,střední rychlost";"přednáška";"B403013";"http://old.vscht.cz/fch/cz/pomucky/kolafa/N403041.html (http://old.vscht.cz/fch/cz/pomucky/kolafa/mikro08.pdf)";"https://web.microsoftstream.com/video/b3cf9717-661d-4eee-87cb-e58d4593bffb";1
"https://vscht.sharepoint.com/sites/403-O365-videastavufyziklnchemie/_layouts/15/stream.aspx?UniqueId=98ea5054%2D5ca6%2D54f7%2Dd08b%2D333e07928800&Translate=false&referrer=StreamWebApp%2EWeb&referrerScenario=AddressBarCopied%2Eview%2Eb512a768%2D890b%2D43f5%2D999e%2D1e06041edc82";"Střední relativní rychlost a volná dráha";"Jiří Kolafa";"Fyzikální chemie mikrosvěta";8;"střední volná dráha,střední relativní rychlost";"přednáška";"B403013";"http://old.vscht.cz/fch/cz/pomucky/kolafa/N403041.html http://old.vscht.cz/fch/cz/pomucky/kolafa/mikro08.pdf";"https://web.microsoftstream.com/video/1f97a855-a6f2-48b4-b0b4-2cae98010c13";1
"https://vscht.sharepoint.com/sites/403-O365-videastavufyziklnchemie/_layouts/15/stream.aspx?UniqueId=c33549c8%2Dd007%2D5f3c%2D5860%2De9dbff40dd71&Translate=false&referrer=StreamWebApp%2EWeb&referrerScenario=AddressBarCopied%2Eview%2Ec2ec2f66%2Ddf23%2D4ecc%2D8347%2Dd559e29b65d0";"Knudsenova efuze a tepelná vodivost";"Jiří Kolafa";"Fyzikální chemie mikrosvěta";8;"Knudsenova efuze,efuzní cela,tepelná vodivost,štěrbina";"přednáška";"B403013";"http://old.vscht.cz/fch/cz/pomucky/kolafa/N403041.html http://old.vscht.cz/fch/cz/pomucky/kolafa/mikro08.pdf";"https://web.microsoftstream.com/video/a09fa518-334e-4b23-ac8e-45a044218cfe";1
"https://vscht.sharepoint.com/sites/403-O365-videastavufyziklnchemie/_layouts/15/stream.aspx?UniqueId=8b492975%2D5642%2D5630%2D4b0b%2D48a383eaf15e&Translate=false&referrer=StreamWebApp%2EWeb&referrerScenario=AddressBarCopied%2Eview%2Ea4f075ab%2Db6ba%2D4fc9%2Daca3%2D935fb706a9e7";"Viskozita, difuze, Knudsenova difuze";"Jiří Kolafa";"Fyzikální chemie mikrosvěta";8;"viskozita,difuze,Knudsenova difuze";"přednáška";"B403013";"http://old.vscht.cz/fch/cz/pomucky/kolafa/N403041.html http://old.vscht.cz/fch/cz/pomucky/kolafa/mikro08.pdf";"https://web.microsoftstream.com/video/d59f50ad-0140-4671-afc5-ba012f52faaf";1
"https://vscht.sharepoint.com/sites/403-O365-videastavufyziklnchemie/_layouts/15/stream.aspx?UniqueId=75f3325d%2Dd89e%2D5838%2D79e6%2De348ae623576&Translate=false&referrer=StreamWebApp%2EWeb&referrerScenario=AddressBarCopied%2Eview%2Ec6323902%2De7fa%2D4343%2Db5b5%2Dd719bccf015a";"Elektrická dvojvrstva";"Jiří Kolafa";"Fyzikální chemie mikrosvěta";9;"Poissonova rovnice,elektrická dvojvrstva,Gouy–Chapman,difuzní vrstva,povrchový náboj,stínění";"přednáška";"B403013";"http://old.vscht.cz/fch/cz/pomucky/fchab/FCHB.html http://old.vscht.cz/fch/cz/pomucky/fchab/mikro09.pdf";"https://web.microsoftstream.com/video/b765b87e-28e6-4353-843f-81d459f75b7c";1
"https://vscht.sharepoint.com/sites/403-O365-videastavufyziklnchemie/_layouts/15/stream.aspx?UniqueId=89357f1b%2D1cfc%2D5189%2D4201%2Dbe4efdc406e3&Translate=false&referrer=StreamWebApp%2EWeb&referrerScenario=AddressBarCopied%2Eview%2E35d5c743%2D4c6e%2D43ed%2Db093%2D68d5383313ad";"Debyeova–Hückelova teorie";"Jiří Kolafa";"Fyzikální chemie mikrosvěta";9;"aktivitní koeficient,Debye–Hückel,";"přednáška";"B403013";"http://old.vscht.cz/fch/cz/pomucky/fchab/FCHB.html http://old.vscht.cz/fch/cz/pomucky/fchab/mikro09.pdf";"https://web.microsoftstream.com/video/4f29ee90-be1a-42c2-93ee-09eac9053c1a";1
"https://vscht.sharepoint.com/sites/403-O365-videastavufyziklnchemie/_layouts/15/stream.aspx?UniqueId=ad6126ad%2D7d30%2D5444%2Df9f9%2Db29386d19574&Translate=false&referrer=StreamWebApp%2EWeb&referrerScenario=AddressBarCopied%2Eview%2E704ceeba%2D41b7%2D491b%2Daa0f%2D5622251bf5e4";"Elektrické jevy na membránách";"Jiří Kolafa";"Fyzikální chemie mikrosvěta";10;"membránový potenciál,elektrochemický potenciál,Donnanova rovnováha,Goldmanova rovnice,difuzní potenciál";"přednáška";"B403013";"http://old.vscht.cz/fch/cz/pomucky/fchab/FCHB.html http://old.vscht.cz/fch/cz/pomucky/kolafa/mikro10.pdf";"https://web.microsoftstream.com/video/d84a7737-65ab-4f93-b054-a4b7c1a7cc3c";1
"https://vscht.sharepoint.com/sites/403-O365-videastavufyziklnchemie/_layouts/15/stream.aspx?UniqueId=c748a7d5%2D330c%2D5687%2D2fe3%2D3650198c6315&Translate=false&referrer=StreamWebApp%2EWeb&referrerScenario=AddressBarCopied%2Eview%2E3a4dde1f%2D30c0%2D44a6%2Db99d%2D14d7920a3889";"Pokus – difuzní potenciál";"Jiří Kolafa";"Fyzikální chemie mikrosvěta";10;"difuzní potenciál,pokus";"přednáška";"B403013";"http://old.vscht.cz/fch/cz/pomucky/fchab/FCHB.html http://old.vscht.cz/fch/cz/pomucky/kolafa/mikro10.pdf";"https://web.microsoftstream.com/video/7ecd9da3-025d-44d5-86d4-40a6dd013d3e";1
"https://vscht.sharepoint.com/sites/403-O365-videastavufyziklnchemie/_layouts/15/stream.aspx?UniqueId=e73621ff%2Ddf15%2D5b1a%2D664d%2D8a2e4772382f&Translate=false&referrer=StreamWebApp%2EWeb&referrerScenario=AddressBarCopied%2Eview%2E5ffac0e7%2D9c5f%2D4799%2D8f29%2Dad4b83426583";"Osmóza a další koligativní vlastnosti";"Jiří Kolafa";"Fyzikální chemie mikrosvěta";10;"osmotický tlak,van ’t Hoffův faktor,koligativní vlastnost,kryoskopie,ebulioskopie";"přednáška";"B403013";"http://old.vscht.cz/fch/cz/pomucky/fchab/FCHB.html http://old.vscht.cz/fch/cz/pomucky/kolafa/mikro10.pdf";"https://web.microsoftstream.com/video/e7b2058e-20a8-42f8-9c27-7cc719c1c042";1
"https://vscht.sharepoint.com/sites/403-O365-videastavufyziklnchemie/_layouts/15/stream.aspx?UniqueId=847b12a1%2Db7c7%2D5fe8%2D9f95%2D6d2dac7ffa5b&Translate=false&referrer=StreamWebApp%2EWeb&referrerScenario=AddressBarCopied%2Eview%2E168fd0d7%2Dbdcc%2D4bf0%2D8a79%2D0f4afc001361";"Povrchové a adsorpční jevy";"Alexandr Malijevský";"Fyzikální chemie mikrosvěta";11;"povrchové napětí";"přednáška";"B403013";"http://old.vscht.cz/fch/cz/pomucky/kolafa/N403041.html (http://old.vscht.cz/fch/cz/pomucky/kolafa/mikro11.pdf)";"https://web.microsoftstream.com/video/3623132b-5361-4f72-9355-d9baf83276a7";1
"https://vscht.sharepoint.com/sites/403-O365-videastavufyziklnchemie/_layouts/15/stream.aspx?UniqueId=dd1e56f4%2D58c5%2D5d44%2D5e75%2D9dfef5672a8c&Translate=false&referrer=StreamWebApp%2EWeb&referrerScenario=AddressBarCopied%2Eview%2E72df7382%2Deaab%2D41dd%2D9906%2Df397584f2283";"Kohezní a adhezní práce";"Jiří Kolafa";"Fyzikální chemie mikrosvěta";11;"koheze,adheze";"přednáška";"B403013";"http://old.vscht.cz/fch/cz/pomucky/kolafa/N403041.html http://old.vscht.cz/fch/cz/pomucky/kolafa/mikro11.pdf";"https://web.microsoftstream.com/video/f0e6f94d-d3ae-4367-84eb-969bb230ec7e";1
"https://vscht.sharepoint.com/sites/403-O365-videastavufyziklnchemie/_layouts/15/stream.aspx?UniqueId=8ae81921%2D48ff%2D55f4%2De59e%2D9754ee54b5a5&Translate=false&referrer=StreamWebApp%2EWeb&referrerScenario=AddressBarCopied%2Eview%2E3c131823%2Dce02%2D40bd%2Da31d%2Db571531d87fd";"Klasická teorie nukleace";"Jiří Kolafa";"Fyzikální chemie mikrosvěta";11;"nukleace,klasická teorie nukleace,CNT";"přednáška";"B403013";"http://old.vscht.cz/fch/cz/pomucky/fchab/FCHB.html http://old.vscht.cz/fch/cz/pomucky/fchab/mikro11.pdf";"https://web.microsoftstream.com/video/26616674-b879-4c97-9100-3e2994ead174";1
"https://vscht.sharepoint.com/sites/403-O365-videastavufyziklnchemie/_layouts/15/stream.aspx?UniqueId=e9417c13%2Df9b6%2D502b%2D8fd0%2D6c19822772ed&Translate=false&referrer=StreamWebApp%2EWeb&referrerScenario=AddressBarCopied%2Eview%2E1bcb751e%2Dbf2f%2D47f5%2Dbf9e%2D5ec37a3c0e80";"pokus – nukleace podchlazené vody";"Jiří Kolafa";"Fyzikální chemie mikrosvěta";11;"pokus,podchlazená voda,nukleace,experiment";"přednáška";"B403013";"http://old.vscht.cz/fch/cz/pomucky/fchab/FCHB.html http://old.vscht.cz/fch/cz/pomucky/fchab/mikro11.pdf";"https://web.microsoftstream.com/video/4300111a-3bac-4dc4-8a93-410467276c54";1
"https://vscht.sharepoint.com/sites/403-O365-videastavufyziklnchemie/_layouts/15/stream.aspx?UniqueId=b164b831%2D9cf5%2D56d3%2D2a95%2Da75267f59e51&Translate=false&referrer=StreamWebApp%2EWeb&referrerScenario=AddressBarCopied%2Eview%2E847038d9%2Dc999%2D4ac1%2D878e%2Da3f99a03ff79";"Adsorpční izotermy";"Jiří Kolafa";"Fyzikální chemie mikrosvěta";11;"Langmuirova izoterma,BET,Freundlichova izoterma,pokrytí";"přednáška";"B403013";"http://old.vscht.cz/fch/cz/pomucky/kolafa/N403041.html http://old.vscht.cz/fch/cz/pomucky/kolafa/mikro11.pdf";"https://web.microsoftstream.com/video/ec0a90c7-9f17-47ea-b277-0f183b762ff7";1
"https://vscht.sharepoint.com/sites/403-O365-videastavufyziklnchemie/_layouts/15/stream.aspx?UniqueId=2f7a620f%2D5c2b%2D5b50%2De1c2%2Dd717d733c975&Translate=false&referrer=StreamWebApp%2EWeb&referrerScenario=AddressBarCopied%2Eview%2E854e62e5%2Dd00d%2D4362%2Db3af%2D5f3057c7b5d4";"Kapilární kondenzace, surfaktanty";"Jiří Kolafa";"Fyzikální chemie mikrosvěta";11;"kapilární kondenzace,hystereze,surfaktant,povrchový tlak";"přednáška";"B403013";"http://old.vscht.cz/fch/cz/pomucky/kolafa/N403041.html http://old.vscht.cz/fch/cz/pomucky/kolafa/mikro11.pdf";"https://web.microsoftstream.com/video/74e314b7-4ccc-479e-b58d-125d3c4a13ca";1
"https://vscht.sharepoint.com/sites/403-O365-videastavufyziklnchemie/_layouts/15/stream.aspx?UniqueId=3cb3e9c8%2D4fa2%2D53c2%2D9676%2D7b8187f8a5a9&Translate=false&referrer=StreamWebApp%2EWeb&referrerScenario=AddressBarCopied%2Eview%2E9fc2a584%2D2595%2D426c%2Daa7b%2D64732602d559";"Tání nanočástic";"Jiří Kolafa";"Fyzikální chemie mikrosvěta";11;"nanočástice,nukleace z taveniny";"přednáška";"B403013";"http://old.vscht.cz/fch/cz/pomucky/kolafa/N403041.html http://old.vscht.cz/fch/cz/pomucky/kolafa/mikro11.pdf";"https://web.microsoftstream.com/video/2cc3d4b3-aac0-4643-aeca-22562d66e10d";1
"https://vscht.sharepoint.com/sites/403-O365-videastavufyziklnchemie/_layouts/15/stream.aspx?UniqueId=84a13da8%2D8c59%2D5700%2D78dc%2D6ebd4bf59c5f&Translate=false&referrer=StreamWebApp%2EWeb&referrerScenario=AddressBarCopied%2Eview%2E3972eaa6%2Dede6%2D4a2a%2D8d0c%2D2ffa51924005";"Polymery – úvod, fraktály";"Jiří Kolafa";"Fyzikální chemie mikrosvěta";12;"stupeň polymerace,větvení,fraktál,dimenze,izomerie,disperzita";"přednáška";"B403013";"http://old.vscht.cz/fch/cz/pomucky/kolafa/N403041.html http://old.vscht.cz/fch/cz/pomucky/kolafa/mikro12.pdf";"https://web.microsoftstream.com/video/3ea53ebd-eb29-42f7-a365-0484b6c3f177";1
"https://vscht.sharepoint.com/sites/403-O365-videastavufyziklnchemie/_layouts/15/stream.aspx?UniqueId=248b0a71%2Dcae2%2D5c74%2Db421%2Dc16b61d2d09a&Translate=false&referrer=StreamWebApp%2EWeb&referrerScenario=AddressBarCopied%2Eview%2E95b8a1e5%2Da46f%2D477d%2D84c6%2D331bef255315";"Polymery – ideální řetězec";"Jiří Kolafa";"Fyzikální chemie mikrosvěta";12;"ideální řetězec,Kuhnova délka,perzistentní délka,Floryho poměr,gyrační poloměr";"přednáška";"B403013";"http://old.vscht.cz/fch/cz/pomucky/kolafa/N403041.html http://old.vscht.cz/fch/cz/pomucky/kolafa/mikro12.pdf";"https://web.microsoftstream.com/video/ddaf7fb4-6852-4078-a012-3b651fda508c";1
"https://vscht.sharepoint.com/sites/403-O365-videastavufyziklnchemie/_layouts/15/stream.aspx?UniqueId=447537e6%2Dbbda%2D5413%2D7c58%2D5c470e0243b9&Translate=false&referrer=StreamWebApp%2EWeb&referrerScenario=AddressBarCopied%2Eview%2E5de7b9a6%2D2d4e%2D44f6%2Da4c6%2Dc9caa5a74c24";"Polymery – Floryho teorie, fraktální dimenze";"Jiří Kolafa";"Fyzikální chemie mikrosvěta";12;"Floryho teorie,entropická pružina,dobré rozpouštědlo,špatné rozpouštědlo,theta rozpouštědlo,reálný řetězec,vyloučený objem,fraktální dimenze řetězce,tepelný blob";"přednáška";"B403013";"http://old.vscht.cz/fch/cz/pomucky/kolafa/N403041.html http://old.vscht.cz/fch/cz/pomucky/kolafa/mikro12.pdf";"https://web.microsoftstream.com/video/6212598a-5829-4f96-87a2-0b3fadf63c4d";1
"https://vscht.sharepoint.com/sites/403-O365-videastavufyziklnchemie/_layouts/15/stream.aspx?UniqueId=d581c3a2%2Da7a6%2D5f70%2Df81f%2Dce5088b704f7&Translate=false&referrer=StreamWebApp%2EWeb&referrerScenario=AddressBarCopied%2Eview%2E224aa5f8%2De17a%2D4164%2Dbe9a%2Dd08d178fdfae";"Stavové rovnice, van der Waals";"Jiří Kolafa";"Fyzikální chemie mikrosvěta";13;"van der Waalsova rovnice,VDW";"přednáška";"B403013";"http://old.vscht.cz/fch/cz/pomucky/kolafa/N403041.html http://old.vscht.cz/fch/cz/pomucky/kolafa/mikro13.pdf";"https://web.microsoftstream.com/video/58537a5c-498e-45b5-b898-24a01c3c5b99";1
"https://vscht.sharepoint.com/sites/403-O365-videastavufyziklnchemie/_layouts/15/stream.aspx?UniqueId=8a5d60f8%2D4c11%2D59eb%2D3037%2D2f083b40be36&Translate=false&referrer=StreamWebApp%2EWeb&referrerScenario=AddressBarCopied%2Eview%2E68d02d62%2Db2c8%2D46a3%2D8485%2Db45217d0645f";"regulární roztok, Flory–Huggins, stabilita";"Jiří Kolafa";"Fyzikální chemie mikrosvěta";13;"mřížkový model směsi,regulární roztok,Hildebrandova teorie,Floryho–Hugginsova teorie,stabilita fází,Hildebrandův parametr rozpustnosti,kombinační pravidlo,směšovací pravidlo";"přednáška";"B403013";"http://old.vscht.cz/fch/cz/pomucky/kolafa/N403041.html http://old.vscht.cz/fch/cz/pomucky/kolafa/mikro13.pdf";"https://web.microsoftstream.com/video/9f6126d2-21ae-4f0d-a460-f928187608d0";1
"https://vscht.sharepoint.com/sites/403-O365-videastavufyziklnchemie/_layouts/15/stream.aspx?UniqueId=0fc33725%2D0b51%2D5f84%2Db313%2De5a982e282ea&Translate=false&referrer=StreamWebApp%2EWeb&referrerScenario=AddressBarCopied%2Eview%2E3faa9fed%2D5c32%2D42e1%2D985a%2Dc3fc67a33216";"Isigův model, kritický bod";"Jiří Kolafa";"Fyzikální chemie mikrosvěta";13;"kritický bod,kritický exponent,klasifikace fázových přechodů,kritická opalescence";"přednáška";"B403013";"http://old.vscht.cz/fch/cz/pomucky/kolafa/N403041.html http://old.vscht.cz/fch/cz/pomucky/kolafa/mikro13.pdf";"https://web.microsoftstream.com/video/b745851f-defa-4536-b10b-4b57c79339a2";1
"https://vscht-my.sharepoint.com/personal/suchanj_vscht_cz/_layouts/15/stream.aspx?UniqueId=3f532ff2%2De103%2D52f0%2D678c%2D88a424319097&Translate=false&referrer=StreamWebApp%2EWeb&referrerScenario=AddressBarCopied%2Eview%2E7707e476%2D7906%2D4747%2Dbf97%2Da3b5ca32ee76";"Úvodní slovo k první lekci";"Petr Slavíček";"Počítačová chemie";1;"počítačová chemie,Bornova–Oppenheimova aproximace,energie elektronu,potenciální energie,hyperplocha";"přednáška";"B403011";;"https://web.microsoftstream.com/video/c27d91cf-e2ed-43fe-90c4-25a99d3aa2ae";
"https://vscht-my.sharepoint.com/personal/suchanj_vscht_cz/_layouts/15/stream.aspx?UniqueId=f0dcd58b%2D88f5%2D5760%2De8dc%2De51b92a71a30&Translate=false&referrer=StreamWebApp%2EWeb&referrerScenario=AddressBarCopied%2Eview%2E92d7f98a%2D6427%2D4603%2D9c00%2Dacb5166c7b43";"Úvodní slovo k druhé lekci";"Petr Slavíček";"Počítačová chemie";2;"počítačová chemie,Hartree,Hartree–Fock,HF,polarizační funkce,difuzní funkce";"přednáška";"B403011";;"https://web.microsoftstream.com/video/fd1985d1-94eb-48fb-8e2c-9186d7962204";
"https://vscht-my.sharepoint.com/personal/suchanj_vscht_cz/_layouts/15/stream.aspx?UniqueId=5cf9c72d%2Dab48%2D5926%2D1db4%2De47961f1d75f&Translate=false&referrer=StreamWebApp%2EWeb&referrerScenario=AddressBarCopied%2Eview%2E3f3d962a%2D78f5%2D487a%2Da45e%2De645fc7258aa";"Úvodní slovo k třetí lekci";"Petr Slavíček";"Počítačová chemie";3;"počítačová chemie,Hartree–Fock,HF,MO-LCAO,ab initio,poruchové metody,vlnová funkce,funkcionál hustoty";"přednáška";"B403011";;"https://web.microsoftstream.com/video/9368e0e3-b9ea-4754-ad11-b6caf2a4aac1";
"https://vscht.sharepoint.com/sites/VSCHTVidea/_layouts/15/stream.aspx?UniqueId=4221e6e2%2D1a39%2D511d%2Daa70%2De5d3b090928e&Translate=false&referrer=StreamWebApp%2EWeb&referrerScenario=AddressBarCopied%2Eview%2Ebe677510%2Dc99d%2D4603%2D8112%2D3a9758a6c4b9";"Vibrační spektroskopie";"Petr Slavíček";"Počítačová chemie";4;"počítačová chemie,spektroskopie,vibrační spektroskopie,vibrace,frekvence";"přednáška";"B403011";;"https://web.microsoftstream.com/video/ca44da5e-238f-414b-a5e9-4c916d355a3c";
"https://vscht.sharepoint.com/sites/VSCHTVidea/_layouts/15/stream.aspx?UniqueId=953ef42e%2D20f2%2D57ee%2D1987%2Dd7d1515a5ecd&Translate=false&referrer=StreamWebApp%2EWeb&referrerScenario=AddressBarCopied%2Eview%2Eaaa20872%2Df170%2D43aa%2D91f7%2D26fdb720f27b";"Transitní stavy";"Petr Slavíček";"Počítačová chemie";4;"počítačová chemie,tranzitní stav,frekvence";"přednáška";"B403011";;"https://web.microsoftstream.com/video/1a02d22f-650c-4f2d-9a4a-fa774c32eb45";
"https://vscht.sharepoint.com/sites/VSCHTVidea/_layouts/15/stream.aspx?UniqueId=2f91da1c%2D56cc%2D51ed%2D4a4d%2D0d9568b02288&Translate=false&referrer=StreamWebApp%2EWeb&referrerScenario=AddressBarCopied%2Eview%2E7a8487d2%2Dd274%2D4df3%2D84ff%2D201921ad1433";"Termodynamické veličiny";"Petr Slavíček";"Počítačová chemie";4;"počítačová chemie,termodynamika,termodynamické veličiny,reakční energie,partiční funkce";"přednáška";"B403011";;"https://web.microsoftstream.com/video/4f649ab1-2910-4570-a36a-c761a2b4a4ea";
"https://vscht.sharepoint.com/sites/VSCHTVidea/_layouts/15/stream.aspx?UniqueId=7018c5e7%2Dddb1%2D5eac%2Dda91%2D230d100a9834&Translate=false&referrer=StreamWebApp%2EWeb&referrerScenario=AddressBarCopied%2Eview%2Efd5d7e86%2Db8ce%2D4902%2D8e7b%2D6f8b003cdbae";"Reakce v roztoku";"Petr Slavíček";"Počítačová chemie";4;"počítačová chemie,roztok,reakce v roztoku,chemická reakce,Bornův model,ionty,implicitní model,Poisson–Boltzmann,SCRF";"přednáška";"B403011";;"https://web.microsoftstream.com/video/31c12d48-f091-4192-97c4-811d6f983a79";
"https://vscht.sharepoint.com/sites/VSCHTVidea/_layouts/15/stream.aspx?UniqueId=b1b93f52%2Daff7%2D56ec%2D03f6%2D11df47e3985d&Translate=false&referrer=StreamWebApp%2EWeb&referrerScenario=AddressBarCopied%2Eview%2Ea62f7249%2D76c1%2D48c4%2D9b51%2D1d5ec19c1617";"Excitované stavy";"Petr Slavíček";"Počítačová chemie";4;"počítačová chemie,excitovaný stav,TDDFT,ZINDO";"přednáška";"B403011";;"https://web.microsoftstream.com/video/a02714f3-0b38-4f6d-a1af-f98f5954f68a";
"https://vscht.sharepoint.com/sites/403-O365-videastavufyziklnchemie/_layouts/15/stream.aspx?UniqueId=385133bd%2Dbbaa%2D579a%2D4738%2D98d4db8f7467&Translate=false&referrer=StreamWebApp%2EWeb&referrerScenario=AddressBarCopied%2Eview%2Eba71e403%2Def07%2D4075%2D9ca2%2De63fb7992dad";"úvod, silové pole, výpočty";"Jiří Kolafa";"Počítačová chemie";5;"modelování,plocha potenciální energie,PES,molekulová mechanika,statistická termodynamika,molekulové simulace,molekulová dynamika,Monte Carlo,Metropolisova metoda,kinetické Monte Carlo,Las Vegas,optimalizace,SIMOLANT,samoskladba,elektrosprej,simulované žíhání,simulated annealing,traveling salesman,problém obchodního cestujícího,Plateauova–Rayleighova nestabilita,nukleace,supersonická expanze,tání nanočástic,hrubozrnné simulace,electrospinning,Londonovy síly,Lennard-Jonesův potenciál,silové pole,force field";"přednáška";"B403011";"http://old.vscht.cz/fch/cz/pomucky/kolafa/N403017.html http://old.vscht.cz/fch/cz/pomucky/kolafa/pchem01.pdf";"https://web.microsoftstream.com/video/657da745-0f50-4b31-963e-8389e02db039";1
"https://vscht.sharepoint.com/sites/403-O365-videastavufyziklnchemie/_layouts/15/stream.aspx?UniqueId=886434a5%2D2be3%2D5232%2D7ae0%2D6dac72fe6886&Translate=false&referrer=StreamWebApp%2EWeb&referrerScenario=AddressBarCopied%2Eview%2E6fb2df4e%2D1565%2D44a3%2D9755%2D195c7f44b49c";"MD, MC";"Jiří Kolafa";"Počítačová chemie";6;"molekulová dynamika,Newtonovy rovnice,leap-frog,termostat,Berendsenův termostat,Langevinův termostat,Nosé–Hoover,Monte Carlo integrace,naivní Monte Carlo,Metropolisova metoda,okrajové podmínky";"přednáška";"B403011";"http://old.vscht.cz/fch/cz/pomucky/kolafa/N403017.html http://old.vscht.cz/fch/cz/pomucky/kolafa/pchem02.pdf";"https://web.microsoftstream.com/video/3432eff0-904d-4942-bd2a-871fd5a6360e";1
"https://vscht.sharepoint.com/sites/403-O365-videastavufyziklnchemie/_layouts/15/stream.aspx?UniqueId=4bfa2f53%2D0548%2D5f8f%2Dba75%2D887367a9afd8&Translate=false&referrer=StreamWebApp%2EWeb&referrerScenario=AddressBarCopied%2Eview%2E6ea03492%2D501d%2D4966%2Dbbd9%2D85b174a0d129";"struktura, počítačový experiment";"Jiří Kolafa";"Počítačová chemie";6;"struktura,korelační funkce,radiální distribuční funkce,RDF,running coordination number,počítačový experiment";"přednáška";"B403011";"http://old.vscht.cz/fch/cz/pomucky/kolafa/N403017.html http://old.vscht.cz/fch/cz/pomucky/kolafa/pchem02.pdf";"https://web.microsoftstream.com/video/94564bac-3f10-442f-bb84-d1435d068073";1
"https://vscht.sharepoint.com/sites/403-O365-videastavufyziklnchemie/_layouts/15/stream.aspx?UniqueId=ebc20a2d%2D476a%2D50cd%2Db2f7%2D5303c3ef582c&Translate=false&referrer=StreamWebApp%2EWeb&referrerScenario=AddressBarCopied%2Eview%2E1b14d671%2D64f4%2D450b%2Db561%2Dbcc7a6f0ac6c";"odhad statistických chyb";"Jiří Kolafa";"Počítačová chemie";6;"chyba,nejistota,bloková metoda,konvergenční profil,zákon šíření chyb,vážený průměr";"přednáška";"B403011";"http://old.vscht.cz/fch/cz/pomucky/kolafa/N403017.html http://old.vscht.cz/fch/cz/pomucky/kolafa/pchem02.pdf";"https://web.microsoftstream.com/video/8e50175a-7f38-47ca-aa6a-37ee5636c0cf";1
"https://vscht.sharepoint.com/sites/403-O365-videastavufyziklnchemie/_layouts/15/stream.aspx?UniqueId=fb27bfc5%2Df20f%2D57b6%2Da0bf%2D849faf15ba86&Translate=false&referrer=StreamWebApp%2EWeb&referrerScenario=AddressBarCopied%2Eview%2E3dfd0d0b%2Df116%2D4a88%2Da55c%2D022b03ca7b24";"Pokus: difrakce pomocí laserového ukazovátka";"Jiří Kolafa";"Počítačová chemie";6;"difrakce,laser,pokus,experiment";"přednáška";"B403011";"http://old.vscht.cz/fch/cz/pomucky/kolafa/N403017.html http://old.vscht.cz/fch/cz/pomucky/kolafa/pchem02.pdf";"https://web.microsoftstream.com/video/f7aed3ed-352c-4a6a-b00a-eea45dd4c472";1
"https://vscht.sharepoint.com/sites/403-O365-videastavufyziklnchemie/_layouts/15/stream.aspx?UniqueId=983f1a20%2D75fe%2D5626%2D4dcb%2D568f22bac207&Translate=false&referrer=StreamWebApp%2EWeb&referrerScenario=AddressBarCopied%2Eview%2E321eefb2%2D420d%2D45d3%2D9057%2Df3f646d69048";"Cvičení – 2D Clausiova–Clapeyronova rovnice";"Jiří Kolafa";"Počítačová chemie";7;"Clausiova–Clapeyronova rovnice,simulace";"přednáška";"B403011";"http://old.vscht.cz/fch/cz/pomucky/kolafa/N403017.html http://old.vscht.cz/fch/cz/pomucky/kolafa/pchem03.pdf";"https://web.microsoftstream.com/video/7590c304-3d46-4d3d-befe-d09e0202206b";1
"https://vscht.sharepoint.com/sites/403-O365-videastavufyziklnchemie/_layouts/15/stream.aspx?UniqueId=a91f277e%2Dae8e%2D5543%2D74c8%2D45fd820c139f&Translate=false&referrer=StreamWebApp%2EWeb&referrerScenario=AddressBarCopied%2Eview%2Ed164c4c3%2Db015%2D4c38%2D8881%2Dd12ed198027b";"Cvičení – zonální tavba NaCl";"Jiří Kolafa";"Počítačová chemie";8;"simulace,bod tání,slab geometrie";"přednáška";"B403011";"http://old.vscht.cz/fch/cz/pomucky/kolafa/N403017.html http://old.vscht.cz/fch/cz/pomucky/kolafa/pchem04.pdf";"https://web.microsoftstream.com/video/91d556df-521c-4f55-9ad0-d1ed54eb379a";1
"https://vscht.sharepoint.com/sites/403-O365-videastavufyziklnchemie/_layouts/15/stream.aspx?UniqueId=1a646dcd%2Df392%2D500f%2Dcdc1%2D21b58596f443&Translate=false&referrer=StreamWebApp%2EWeb&referrerScenario=AddressBarCopied%2Eview%2E96651607%2Db2cf%2D4636%2Dbab0%2D37994ea461b4";"Cvičení – struktura vody okolo rozpuštěnce";"Jiří Kolafa";"Počítačová chemie";8;"voda,vodíková vazba,solvatační slupka,solvatační vrstva";"přednáška";"B403011";"http://old.vscht.cz/fch/cz/pomucky/kolafa/N403017.html http://old.vscht.cz/fch/cz/pomucky/kolafa/pchem05.pdf";"https://web.microsoftstream.com/video/85c27ac4-f8ea-47dc-8a13-4eb1fc0ca1e2";1
"https://vscht.sharepoint.com/sites/403-O365-videastavufyziklnchemie/_layouts/15/stream.aspx?UniqueId=36ac5270%2D2882%2D56ca%2D8e7c%2D7090ff9a9cc1&Translate=false&referrer=StreamWebApp%2EWeb&referrerScenario=AddressBarCopied%2Eview%2E2a85aafd%2Da6c3%2D4763%2Db8ee%2D953ca199ddf6";"Hierarchie teoretických metod";"Daniel Svozil";"Počítačová chemie";9;"počítačová chemie,teorie,teoretické metody,počítačové metody,vlnová funkce,molekulová mechanika,molekulová dynamika,kvantová mechanika";"přednáška";"B403011";;"https://web.microsoftstream.com/video/2d736796-5bdf-44ff-bf4d-8d54882be2d3";1
"https://vscht.sharepoint.com/sites/403-O365-videastavufyziklnchemie/_layouts/15/stream.aspx?UniqueId=7b580264%2Dc7c2%2D58ba%2Da6e5%2Dbef08e72f567&Translate=false&referrer=StreamWebApp%2EWeb&referrerScenario=AddressBarCopied%2Eview%2E7544f141%2Dc7a5%2D4891%2Dbaf2%2Db43c39a55348";"Databáze";"Daniel Svozil";"Počítačová chemie";10;"počítačová chemie,databáze,PDB,Protein Data Bank,NMR";"přednáška";"B403011";;"https://web.microsoftstream.com/video/bf464395-ac11-4e67-9ff7-6420fbd792b7";1
"https://vscht.sharepoint.com/sites/403-O365-videastavufyziklnchemie/_layouts/15/stream.aspx?UniqueId=1e2dd567%2D41f3%2D50c5%2Ddd77%2D136fcc4269d8&Translate=false&referrer=StreamWebApp%2EWeb&referrerScenario=AddressBarCopied%2Eview%2Eedcb70ec%2D4429%2D4ed6%2Db2a3%2Da30dcd2934ff";"Pymol";"Daniel Svozil";"Počítačová chemie";11;"počítačová chemie,PyMol";"přednáška";"B403011";;"https://web.microsoftstream.com/video/5ef767f2-c994-464c-9a3a-254f7e90b613";1
"https://vscht.sharepoint.com/sites/403-O365-videastavufyziklnchemie/_layouts/15/stream.aspx?UniqueId=31a3b6ea%2Db646%2D5108%2D73f6%2D4747043744e2&Translate=false&referrer=StreamWebApp%2EWeb&referrerScenario=AddressBarCopied%2Eview%2E207f6526%2D75f3%2D41ca%2Da599%2D5fc0551c4003";"Úvod – virtuální učebna, Gaussian";"Jakub Med";"Počítačová chemie";1;"počítačová chemie,Gaussian,virtuální učebna,optimalizace";"cvičení";"B403011";;"https://web.microsoftstream.com/video/17b84215-72b1-4aa0-8ec0-a24388563b76";1
"https://vscht.sharepoint.com/sites/403-O365-videastavufyziklnchemie/_layouts/15/stream.aspx?UniqueId=92b0d5de%2D5a57%2D52cd%2D8b5c%2D1669813a8fa2&Translate=false&referrer=StreamWebApp%2EWeb&referrerScenario=AddressBarCopied%2Eview%2E58f35ae3%2D4445%2D4c7e%2Dbd77%2D6daa990c8988";"Výpočty v Gaussianu";"Jakub Med";"Počítačová chemie";3;"počítačová chemie,Gaussian";"cvičení";"B403011";;"https://web.microsoftstream.com/video/915929c0-8447-4307-a84a-aea0c669ce8d";1
"https://vscht.sharepoint.com/:v:/s/403-O365-videastavufyziklnchemie/EQ0AXdUz5qFEkdKsZXl7HpgBtCAJ8EOXSKRSvkXXzj9CiA?e=MaITwf&nav=eyJyZWZlcnJhbEluZm8iOnsicmVmZXJyYWxBcHAiOiJTdHJlYW1XZWJBcHAiLCJyZWZlcnJhbFZpZXciOiJTaGFyZURpYWxvZy1MaW5rIiwicmVmZXJyYWxBcHBQbGF0Zm9ybSI6IldlYiIsInJlZmVycmFsTW9kZSI6InZpZXcifX0%3D";"Primární struktura biomolekul";"Michal H. Kolář";"Počítačová chemie";10;"počítačová chemie,primární struktura,sekvence,protein,DNA,RNA,BLAST,BLOSUM,Clustal omega";"přednáška";"B403011";;;
"https://vscht.sharepoint.com/:v:/s/403-O365-videastavufyziklnchemie/EUqqtjoSZDZHnInXb3ddojEB1m3G9iHbgDNA8BAoew0pfA?e=MXrRAa&nav=eyJyZWZlcnJhbEluZm8iOnsicmVmZXJyYWxBcHAiOiJTdHJlYW1XZWJBcHAiLCJyZWZlcnJhbFZpZXciOiJTaGFyZURpYWxvZy1MaW5rIiwicmVmZXJyYWxBcHBQbGF0Zm9ybSI6IldlYiIsInJlZmVycmFsTW9kZSI6InZpZXcifX0%3D";"Sekundární a terciární struktura";"Michal H. Kolář";"Počítačová chemie";11;"sekundární struktura,DSSP,STRIDE,helix,beta-list,alfa-helix,terciární struktura,PDB,Molstar,X-ray,rentgenová krystalografie,NMR,cryo-EM";"přednáška";"B403011";;;
"https://vscht.sharepoint.com/:v:/s/403-O365-videastavufyziklnchemie/EUj2b7_01IxOjQT4eyhUlgYBBN8tXef47h4llMMkpxfAVg?e=IcbODP&nav=eyJyZWZlcnJhbEluZm8iOnsicmVmZXJyYWxBcHAiOiJTdHJlYW1XZWJBcHAiLCJyZWZlcnJhbFZpZXciOiJTaGFyZURpYWxvZy1MaW5rIiwicmVmZXJyYWxBcHBQbGF0Zm9ybSI6IldlYiIsInJlZmVycmFsTW9kZSI6InZpZXcifX0%3D";"AlphaFold a příbuzní";"Michal H. Kolář";"Počítačová chemie";12;"AlphaFold,RMSD,TM-score";"přednáška";"B403011";;;
